time,open,high,low,close,volume
2025-01-02 00:00:00,1.08,1.0804,1.07966,1.07982,2483
2025-01-02 00:15:00,1.07975,1.08086,1.07953,1.07992,2399
2025-01-02 00:30:00,1.08006,1.08009,1.07958,1.07993,4043
2025-01-02 00:45:00,1.08012,1.08017,1.07985,1.08015,1466
2025-01-02 01:00:00,1.08006,1.08022,1.07984,1.08022,3006
2025-01-02 01:15:00,1.08015,1.08052,1.08015,1.08043,1013
2025-01-02 01:30:00,1.08054,1.08065,1.07948,1.08034,4074
2025-01-02 01:45:00,1.08039,1.08039,1.07968,1.08017,3615
2025-01-02 02:00:00,1.08024,1.08088,1.08024,1.08069,540
2025-01-02 02:15:00,1.08078,1.08078,1.07968,1.08036,762
2025-01-02 02:30:00,1.08034,1.0808,1.08005,1.0805,1532
2025-01-02 02:45:00,1.08053,1.08097,1.07977,1.08058,3624
2025-01-02 03:00:00,1.08061,1.08089,1.07974,1.08057,2319
2025-01-02 03:15:00,1.08048,1.08104,1.08035,1.08061,627
2025-01-02 03:30:00,1.08065,1.08065,1.08028,1.08037,3078
2025-01-02 03:45:00,1.0805,1.0805,1.07987,1.08008,3513
2025-01-02 04:00:00,1.08004,1.08093,1.08004,1.08062,3711
2025-01-02 04:15:00,1.08064,1.08064,1.07935,1.08027,1393
2025-01-02 04:30:00,1.08029,1.08047,1.08014,1.08015,3306
2025-01-02 04:45:00,1.08012,1.08038,1.07963,1.08028,2779
2025-01-02 05:00:00,1.08034,1.08057,1.08025,1.08027,4683
2025-01-02 05:15:00,1.0802,1.08056,1.07924,1.0803,3313
2025-01-02 05:30:00,1.08043,1.08102,1.08043,1.08074,2287
2025-01-02 05:45:00,1.08081,1.08081,1.08,1.08009,2748
2025-01-02 06:00:00,1.08,1.08054,1.07961,1.08006,3533
2025-01-02 06:15:00,1.08023,1.08042,1.08003,1.08017,2908
2025-01-02 06:30:00,1.08019,1.08086,1.08015,1.08029,2679
2025-01-02 06:45:00,1.08022,1.08105,1.07964,1.07983,676
2025-01-02 07:00:00,1.07994,1.08041,1.07959,1.0797,3623
2025-01-02 07:15:00,1.07975,1.08045,1.07949,1.07997,521
2025-01-02 07:30:00,1.0798,1.07995,1.07931,1.07974,1152
2025-01-02 07:45:00,1.07968,1.08073,1.07927,1.08014,3890
2025-01-02 08:00:00,1.08017,1.08041,1.07986,1.08035,1282
2025-01-02 08:15:00,1.08013,1.08013,1.0793,1.08,667
2025-01-02 08:30:00,1.08001,1.08063,1.0795,1.07998,1561
2025-01-02 08:45:00,1.08,1.08056,1.08,1.0802,1372
2025-01-02 09:00:00,1.08008,1.08052,1.07978,1.08039,2281
2025-01-02 09:15:00,1.08042,1.08091,1.07945,1.07974,1896
2025-01-02 09:30:00,1.07974,1.08103,1.07969,1.08016,1131
2025-01-02 09:45:00,1.08004,1.08073,1.07997,1.08019,2101
2025-01-02 10:00:00,1.08028,1.08046,1.07994,1.0803,3381
2025-01-02 10:15:00,1.08038,1.08043,1.07924,1.08038,1950
2025-01-02 10:30:00,1.08035,1.08064,1.07993,1.08059,2363
2025-01-02 10:45:00,1.08057,1.08057,1.07942,1.08007,1221
2025-01-02 11:00:00,1.08014,1.0809,1.07995,1.08006,3836
2025-01-02 11:15:00,1.08004,1.08004,1.07899,1.07992,742
2025-01-02 11:30:00,1.07972,1.08031,1.07963,1.07998,3148
2025-01-02 11:45:00,1.08003,1.08056,1.07993,1.08039,4872
2025-01-02 12:00:00,1.08031,1.08037,1.07978,1.07986,902
2025-01-02 12:15:00,1.07982,1.08007,1.07965,1.07984,1953
2025-01-02 12:30:00,1.07998,1.08086,1.07998,1.08033,1496
2025-01-02 12:45:00,1.08031,1.0808,1.08021,1.08024,4671
2025-01-02 13:00:00,1.08024,1.08047,1.07925,1.07993,3650
2025-01-02 13:15:00,1.07998,1.08057,1.07998,1.08024,4913
2025-01-02 13:30:00,1.08029,1.08032,1.08001,1.08024,4001
2025-01-02 13:45:00,1.08015,1.08068,1.07998,1.08056,1686
2025-01-02 14:00:00,1.08056,1.08091,1.08003,1.08023,1881
2025-01-02 14:15:00,1.08023,1.08121,1.07978,1.08041,4924
2025-01-02 14:30:00,1.08044,1.08078,1.08017,1.08078,2354
2025-01-02 14:45:00,1.08081,1.08081,1.0804,1.08046,2404
2025-01-02 15:00:00,1.08072,1.08072,1.08026,1.08033,4166
2025-01-02 15:15:00,1.08022,1.08113,1.08015,1.08047,2448
2025-01-02 15:30:00,1.08057,1.08057,1.07987,1.08018,4533
2025-01-02 15:45:00,1.0803,1.08076,1.08023,1.08065,4027
2025-01-02 16:00:00,1.0807,1.0807,1.0798,1.0803,2252
2025-01-02 16:15:00,1.08023,1.08041,1.07994,1.08033,2237
2025-01-02 16:30:00,1.0805,1.0805,1.07983,1.08023,2313
2025-01-02 16:45:00,1.08001,1.08088,1.08001,1.08071,2454
2025-01-02 17:00:00,1.08065,1.08096,1.08065,1.08071,4509
2025-01-02 17:15:00,1.08083,1.08115,1.08032,1.08041,1037
2025-01-02 17:30:00,1.08037,1.08102,1.08006,1.08067,2890
2025-01-02 17:45:00,1.08083,1.08083,1.0802,1.08039,2289
2025-01-02 18:00:00,1.08024,1.08089,1.08024,1.08074,1690
2025-01-02 18:15:00,1.08063,1.08169,1.08054,1.08094,4436
2025-01-02 18:30:00,1.08089,1.08152,1.08067,1.081,1995
2025-01-02 18:45:00,1.08104,1.08104,1.08047,1.08058,2687
2025-01-02 19:00:00,1.08056,1.08056,1.0801,1.08051,3870
2025-01-02 19:15:00,1.08046,1.0808,1.08018,1.08058,1759
2025-01-02 19:30:00,1.08072,1.08135,1.07984,1.08051,4575
2025-01-02 19:45:00,1.08066,1.08127,1.08066,1.0809,3530
2025-01-02 20:00:00,1.08086,1.08157,1.08086,1.08095,596
2025-01-02 20:15:00,1.08077,1.08079,1.07984,1.08074,1819
2025-01-02 20:30:00,1.08053,1.08146,1.08053,1.08106,1214
2025-01-02 20:45:00,1.08108,1.08108,1.08069,1.08082,2994
2025-01-02 21:00:00,1.08088,1.08112,1.08051,1.08072,3246
2025-01-02 21:15:00,1.08073,1.08143,1.08055,1.08065,4543
2025-01-02 21:30:00,1.08064,1.08114,1.08041,1.08075,1084
2025-01-02 21:45:00,1.08066,1.0808,1.08049,1.08054,1453
2025-01-02 22:00:00,1.08061,1.08149,1.08061,1.08088,3397
2025-01-02 22:15:00,1.08104,1.08188,1.08075,1.08087,2530
2025-01-02 22:30:00,1.08065,1.08135,1.08059,1.08105,1093
2025-01-02 22:45:00,1.08105,1.08167,1.08068,1.08102,2331
2025-01-02 23:00:00,1.08092,1.08093,1.08068,1.08092,855
2025-01-02 23:15:00,1.08078,1.08093,1.08044,1.08077,2176
2025-01-02 23:30:00,1.08066,1.08128,1.08066,1.08095,3618
2025-01-02 23:45:00,1.08098,1.08109,1.08026,1.08098,611
2025-01-03 00:00:00,1.08102,1.08131,1.08035,1.08064,4234
2025-01-03 00:15:00,1.08079,1.08122,1.08036,1.08092,4970
2025-01-03 00:30:00,1.08092,1.08132,1.08067,1.08097,1344
2025-01-03 00:45:00,1.08079,1.08086,1.08059,1.08077,2673
2025-01-03 01:00:00,1.08075,1.08152,1.08025,1.0807,3578
2025-01-03 01:15:00,1.08056,1.08131,1.08048,1.08085,3109
2025-01-03 01:30:00,1.08073,1.08073,1.07989,1.08056,1883
2025-01-03 01:45:00,1.08062,1.08137,1.0805,1.08081,4470
2025-01-03 02:00:00,1.08083,1.08083,1.08009,1.08056,861
2025-01-03 02:15:00,1.08062,1.08159,1.08037,1.081,1178
2025-01-03 02:30:00,1.08097,1.08149,1.08097,1.08142,3311
2025-01-03 02:45:00,1.0815,1.08182,1.08037,1.08081,3322
2025-01-03 03:00:00,1.08077,1.08118,1.08077,1.08113,2231
2025-01-03 03:15:00,1.08124,1.08124,1.08034,1.08088,1787
2025-01-03 03:30:00,1.08092,1.08134,1.08092,1.0811,774
2025-01-03 03:45:00,1.08108,1.08108,1.08055,1.08065,1405
2025-01-03 04:00:00,1.08067,1.08124,1.08067,1.08102,2382
2025-01-03 04:15:00,1.08101,1.08121,1.08026,1.08096,991
2025-01-03 04:30:00,1.08112,1.08125,1.08068,1.08109,1040
2025-01-03 04:45:00,1.08111,1.08132,1.08072,1.08096,3386
2025-01-03 05:00:00,1.08096,1.08143,1.08036,1.08134,4915
2025-01-03 05:15:00,1.08132,1.08132,1.08071,1.08093,955
2025-01-03 05:30:00,1.08102,1.0817,1.08046,1.08132,1150
2025-01-03 05:45:00,1.08139,1.08162,1.07971,1.08121,1812
2025-01-03 06:00:00,1.08118,1.08181,1.08099,1.08133,1804
2025-01-03 06:15:00,1.08122,1.08137,1.08122,1.08133,4109
2025-01-03 06:30:00,1.08124,1.08141,1.08085,1.08127,1303
2025-01-03 06:45:00,1.08125,1.08152,1.08097,1.08137,1297
2025-01-03 07:00:00,1.0815,1.08214,1.08084,1.08169,3884
2025-01-03 07:15:00,1.08167,1.08172,1.08103,1.08142,2512
2025-01-03 07:30:00,1.08136,1.08181,1.08136,1.08174,3340
2025-01-03 07:45:00,1.08157,1.08217,1.0813,1.08178,3562
2025-01-03 08:00:00,1.08193,1.08193,1.08126,1.08133,1580
2025-01-03 08:15:00,1.08139,1.08144,1.08074,1.08118,1813
2025-01-03 08:30:00,1.08126,1.0824,1.08123,1.08142,3145
2025-01-03 08:45:00,1.08152,1.08152,1.08112,1.08127,4134
2025-01-03 09:00:00,1.08125,1.0822,1.08027,1.08168,2553
2025-01-03 09:15:00,1.08169,1.08169,1.08082,1.08136,4014
2025-01-03 09:30:00,1.08151,1.08151,1.08056,1.08113,809
2025-01-03 09:45:00,1.08115,1.08142,1.08047,1.0812,1284
2025-01-03 10:00:00,1.08126,1.08162,1.08125,1.0816,2114
2025-01-03 10:15:00,1.08169,1.08169,1.08122,1.08125,1322
2025-01-03 10:30:00,1.08132,1.08191,1.08095,1.08145,1827
2025-01-03 10:45:00,1.08144,1.08204,1.08075,1.08155,557
2025-01-03 11:00:00,1.08155,1.08187,1.08059,1.08129,1748
2025-01-03 11:15:00,1.08137,1.08205,1.08123,1.0815,1949
2025-01-03 11:30:00,1.08157,1.08157,1.08049,1.08139,1017
2025-01-03 11:45:00,1.0815,1.08235,1.0815,1.08155,2577
2025-01-03 12:00:00,1.08161,1.08174,1.08027,1.08157,650
2025-01-03 12:15:00,1.08163,1.08183,1.08141,1.08148,2657
2025-01-03 12:30:00,1.08143,1.08198,1.08116,1.08145,4173
2025-01-03 12:45:00,1.08139,1.08167,1.08057,1.08127,3013
2025-01-03 13:00:00,1.08134,1.08134,1.08046,1.0811,2784
2025-01-03 13:15:00,1.08104,1.08203,1.08104,1.08148,1894
2025-01-03 13:30:00,1.08148,1.08294,1.08148,1.08184,2205
2025-01-03 13:45:00,1.08198,1.08198,1.08106,1.08132,1672
2025-01-03 14:00:00,1.08144,1.08189,1.08089,1.0813,2921
2025-01-03 14:15:00,1.08133,1.08187,1.08123,1.08131,1099
2025-01-03 14:30:00,1.08128,1.08201,1.08111,1.08166,4004
2025-01-03 14:45:00,1.08165,1.08204,1.08067,1.08156,2799
2025-01-03 15:00:00,1.08165,1.08165,1.08157,1.0816,4515
2025-01-03 15:15:00,1.0816,1.08185,1.08087,1.0815,1996
2025-01-03 15:30:00,1.08144,1.08194,1.08115,1.08161,3617
2025-01-03 15:45:00,1.08174,1.08174,1.0813,1.08134,934
2025-01-03 16:00:00,1.08136,1.08183,1.08075,1.08162,3158
2025-01-03 16:15:00,1.08156,1.08219,1.08155,1.08184,4199
2025-01-03 16:30:00,1.08189,1.08189,1.08056,1.08152,2823
2025-01-03 16:45:00,1.08161,1.08161,1.08031,1.0814,3395
2025-01-03 17:00:00,1.0813,1.08289,1.0813,1.08211,2031
2025-01-03 17:15:00,1.08209,1.08209,1.08131,1.08172,3666
2025-01-03 17:30:00,1.08169,1.08249,1.08169,1.08214,1281
2025-01-03 17:45:00,1.08219,1.08219,1.08181,1.08204,1925
2025-01-03 18:00:00,1.08211,1.08211,1.08121,1.08203,3051
2025-01-03 18:15:00,1.08198,1.08214,1.08155,1.0821,3986
2025-01-03 18:30:00,1.08195,1.08304,1.08154,1.08178,2823
2025-01-03 18:45:00,1.08188,1.08211,1.08165,1.08192,4921
2025-01-03 19:00:00,1.08181,1.08284,1.08139,1.08182,1056
2025-01-03 19:15:00,1.08185,1.08194,1.08099,1.08167,1012
2025-01-03 19:30:00,1.08166,1.083,1.08166,1.08203,3718
2025-01-03 19:45:00,1.08205,1.08215,1.0818,1.08199,4651
2025-01-03 20:00:00,1.08215,1.08301,1.08096,1.08202,4615
2025-01-03 20:15:00,1.08232,1.08237,1.08167,1.08193,4041
2025-01-03 20:30:00,1.08177,1.08324,1.08177,1.08248,3399
2025-01-03 20:45:00,1.08258,1.08276,1.08189,1.08256,4596
2025-01-03 21:00:00,1.08255,1.08264,1.08231,1.08264,3460
2025-01-03 21:15:00,1.08274,1.08274,1.0817,1.08232,1752
2025-01-03 21:30:00,1.08242,1.08242,1.08171,1.08196,1224
2025-01-03 21:45:00,1.0821,1.08344,1.0821,1.08274,1806
2025-01-03 22:00:00,1.08277,1.08277,1.0822,1.08233,1259
2025-01-03 22:15:00,1.08224,1.08322,1.08195,1.08226,726
2025-01-03 22:30:00,1.08235,1.08274,1.08213,1.08254,807
2025-01-03 22:45:00,1.08255,1.0829,1.08255,1.08269,3878
2025-01-03 23:00:00,1.08267,1.0831,1.08214,1.08239,3509
2025-01-03 23:15:00,1.08234,1.08299,1.0822,1.08254,2017
2025-01-03 23:30:00,1.08264,1.08269,1.08233,1.08247,2031
2025-01-03 23:45:00,1.08263,1.08265,1.08195,1.08211,2344
2025-01-04 00:00:00,1.08199,1.08235,1.08199,1.08222,3168
2025-01-04 00:15:00,1.08228,1.08285,1.08222,1.08245,1296
2025-01-04 00:30:00,1.08241,1.08241,1.08154,1.08174,2279
2025-01-04 00:45:00,1.08159,1.08254,1.08159,1.08229,1085
2025-01-04 01:00:00,1.0823,1.0823,1.08154,1.08197,1878
2025-01-04 01:15:00,1.08188,1.08226,1.08188,1.08217,4857
2025-01-04 01:30:00,1.08202,1.08265,1.08189,1.08222,4310
2025-01-04 01:45:00,1.08214,1.08214,1.08139,1.08212,4531
2025-01-04 02:00:00,1.08202,1.08228,1.08163,1.08212,3224
2025-01-04 02:15:00,1.08205,1.0829,1.08205,1.08206,2347
2025-01-04 02:30:00,1.08193,1.08349,1.08193,1.08283,2737
2025-01-04 02:45:00,1.08279,1.08308,1.08231,1.08284,1541
2025-01-04 03:00:00,1.08276,1.08287,1.08189,1.08213,3985
2025-01-04 03:15:00,1.08216,1.08298,1.08192,1.0826,742
2025-01-04 03:30:00,1.08266,1.08267,1.08222,1.08225,2600
2025-01-04 03:45:00,1.08228,1.0827,1.08225,1.08241,1749
2025-01-04 04:00:00,1.08238,1.08306,1.08228,1.08241,2237
2025-01-04 04:15:00,1.08239,1.08315,1.08187,1.08261,4169
2025-01-04 04:30:00,1.08252,1.08368,1.08174,1.08299,2418
2025-01-04 04:45:00,1.08291,1.08291,1.08235,1.08291,4914
2025-01-04 05:00:00,1.08298,1.08395,1.08248,1.08287,3254
2025-01-04 05:15:00,1.0827,1.08338,1.08253,1.08276,1892
2025-01-04 05:30:00,1.08275,1.08343,1.08116,1.08282,747
2025-01-04 05:45:00,1.08279,1.08296,1.0821,1.08274,4772
2025-01-04 06:00:00,1.0828,1.0832,1.0825,1.08301,2185
2025-01-04 06:15:00,1.08287,1.08287,1.0825,1.08275,2431
2025-01-04 06:30:00,1.08276,1.08293,1.08276,1.08291,4516
2025-01-04 06:45:00,1.08294,1.08331,1.08294,1.08324,4608
2025-01-04 07:00:00,1.08305,1.08368,1.08305,1.0834,3932
2025-01-04 07:15:00,1.08329,1.08329,1.08256,1.08301,4884
2025-01-04 07:30:00,1.083,1.08352,1.08265,1.08305,4484
2025-01-04 07:45:00,1.0831,1.08354,1.0831,1.08332,4322
2025-01-04 08:00:00,1.08334,1.08334,1.08281,1.08301,2581
2025-01-04 08:15:00,1.08307,1.0836,1.08239,1.08293,1847
2025-01-04 08:30:00,1.08283,1.0834,1.08235,1.08272,632
2025-01-04 08:45:00,1.08256,1.08305,1.08256,1.083,4123
2025-01-04 09:00:00,1.08301,1.08352,1.08262,1.08304,2354
2025-01-04 09:15:00,1.08291,1.08316,1.08244,1.0828,3444
2025-01-04 09:30:00,1.08271,1.08308,1.08267,1.08293,900
2025-01-04 09:45:00,1.08302,1.08309,1.08236,1.08282,1105
2025-01-04 10:00:00,1.08284,1.08329,1.08228,1.08286,631
2025-01-04 10:15:00,1.0828,1.0828,1.08181,1.08235,4988
2025-01-04 10:30:00,1.08228,1.08305,1.08228,1.08298,4940
2025-01-04 10:45:00,1.08304,1.08354,1.08242,1.08327,1303
2025-01-04 11:00:00,1.08329,1.08394,1.08203,1.08279,3767
2025-01-04 11:15:00,1.08266,1.08332,1.08206,1.08294,4789
2025-01-04 11:30:00,1.08274,1.08323,1.08255,1.08273,4133
2025-01-04 11:45:00,1.08291,1.08322,1.08283,1.08302,3176
2025-01-04 12:00:00,1.0829,1.08338,1.08274,1.08284,1715
2025-01-04 12:15:00,1.08289,1.08289,1.08234,1.08269,2977
2025-01-04 12:30:00,1.08284,1.08351,1.08284,1.08318,2764
2025-01-04 12:45:00,1.0832,1.08363,1.08281,1.08317,1469
2025-01-04 13:00:00,1.08311,1.08355,1.08242,1.08277,1100
2025-01-04 13:15:00,1.08263,1.08444,1.08263,1.08297,4955
2025-01-04 13:30:00,1.08282,1.08306,1.08249,1.08294,1832
2025-01-04 13:45:00,1.08297,1.08324,1.08252,1.08291,3216
2025-01-04 14:00:00,1.08305,1.08305,1.08189,1.08258,1281
2025-01-04 14:15:00,1.08254,1.08329,1.08254,1.08315,4308
2025-01-04 14:30:00,1.0831,1.0832,1.08208,1.08274,1934
2025-01-04 14:45:00,1.08281,1.0835,1.08243,1.08285,4838
2025-01-04 15:00:00,1.08278,1.08481,1.08278,1.08362,1516
2025-01-04 15:15:00,1.08365,1.08366,1.08314,1.08324,2719
2025-01-04 15:30:00,1.08324,1.08382,1.08279,1.08298,3202
2025-01-04 15:45:00,1.08294,1.08294,1.08146,1.08257,4406
2025-01-04 16:00:00,1.08257,1.0838,1.08257,1.08339,3316
2025-01-04 16:15:00,1.08357,1.08357,1.08262,1.08279,4491
2025-01-04 16:30:00,1.08285,1.08353,1.08242,1.08289,959
2025-01-04 16:45:00,1.083,1.08344,1.08262,1.08309,4140
2025-01-04 17:00:00,1.083,1.08434,1.083,1.08336,1031
2025-01-04 17:15:00,1.08347,1.08347,1.08315,1.08323,2477
2025-01-04 17:30:00,1.08329,1.08334,1.08177,1.08278,3777
2025-01-04 17:45:00,1.08263,1.08307,1.08263,1.08279,4264
2025-01-04 18:00:00,1.08284,1.08334,1.08237,1.08259,790
2025-01-04 18:15:00,1.08253,1.08271,1.08231,1.08263,4075
2025-01-04 18:30:00,1.08248,1.08305,1.08188,1.08275,2975
2025-01-04 18:45:00,1.08276,1.08313,1.0824,1.08281,1012
2025-01-04 19:00:00,1.08286,1.08322,1.0816,1.08277,2139
2025-01-04 19:15:00,1.08279,1.08307,1.08268,1.08269,754
2025-01-04 19:30:00,1.08268,1.08364,1.08253,1.08263,3137
2025-01-04 19:45:00,1.0826,1.08282,1.08161,1.08273,2465
2025-01-04 20:00:00,1.08298,1.08298,1.08174,1.08266,550
2025-01-04 20:15:00,1.08254,1.08305,1.08201,1.08246,1299
2025-01-04 20:30:00,1.08254,1.08261,1.08244,1.08251,599
2025-01-04 20:45:00,1.08251,1.08316,1.08251,1.08264,2247
2025-01-04 21:00:00,1.08256,1.08293,1.08255,1.08282,3011
2025-01-04 21:15:00,1.08282,1.08282,1.08251,1.08255,736
2025-01-04 21:30:00,1.08241,1.08248,1.08172,1.08235,971
2025-01-04 21:45:00,1.08229,1.08317,1.08229,1.08257,2704
2025-01-04 22:00:00,1.08256,1.08361,1.08142,1.08258,638
2025-01-04 22:15:00,1.08243,1.08288,1.08243,1.08265,3362
2025-01-04 22:30:00,1.0827,1.08325,1.08262,1.08292,1883
2025-01-04 22:45:00,1.08282,1.08322,1.08233,1.08283,3595
2025-01-04 23:00:00,1.08269,1.08275,1.0818,1.08268,2212
2025-01-04 23:15:00,1.08257,1.08282,1.08235,1.08251,1450
2025-01-04 23:30:00,1.08273,1.08273,1.08172,1.08241,4296
2025-01-04 23:45:00,1.08221,1.08351,1.08221,1.0828,2873
2025-01-05 00:00:00,1.08285,1.08314,1.08249,1.08297,1857
2025-01-05 00:15:00,1.0829,1.0829,1.08169,1.08256,4924
2025-01-05 00:30:00,1.08253,1.08279,1.0823,1.08256,2199
2025-01-05 00:45:00,1.08262,1.08351,1.08262,1.08286,2636
2025-01-05 01:00:00,1.08291,1.08317,1.08227,1.08261,4610
2025-01-05 01:15:00,1.08254,1.08346,1.08252,1.08266,3872
2025-01-05 01:30:00,1.08252,1.08285,1.08232,1.08236,1133
2025-01-05 01:45:00,1.08242,1.08331,1.08201,1.08267,2383
2025-01-05 02:00:00,1.08273,1.08273,1.08228,1.08242,2816
2025-01-05 02:15:00,1.08239,1.08271,1.08208,1.08239,1628
2025-01-05 02:30:00,1.08244,1.083,1.08244,1.08261,2886
2025-01-05 02:45:00,1.08257,1.08293,1.08216,1.08261,891
2025-01-05 03:00:00,1.08253,1.08272,1.08242,1.08261,668
2025-01-05 03:15:00,1.08261,1.08261,1.08188,1.08231,3588
2025-01-05 03:30:00,1.08237,1.0835,1.08219,1.08285,2552
2025-01-05 03:45:00,1.08288,1.08313,1.08285,1.08292,4465
2025-01-05 04:00:00,1.08298,1.08298,1.08204,1.0823,3708
2025-01-05 04:15:00,1.08223,1.08323,1.08223,1.08289,1685
2025-01-05 04:30:00,1.08305,1.08305,1.08227,1.08263,3227
2025-01-05 04:45:00,1.08259,1.08343,1.08259,1.08291,4009
2025-01-05 05:00:00,1.0829,1.08304,1.08223,1.08276,4977
2025-01-05 05:15:00,1.08263,1.0837,1.08263,1.08276,3926
2025-01-05 05:30:00,1.08274,1.08351,1.08234,1.08269,2213
2025-01-05 05:45:00,1.08274,1.08327,1.08274,1.08305,3012
2025-01-05 06:00:00,1.08313,1.08313,1.08193,1.08262,3761
2025-01-05 06:15:00,1.08277,1.0837,1.08277,1.08305,3178
2025-01-05 06:30:00,1.0831,1.08343,1.08294,1.08324,781
2025-01-05 06:45:00,1.08327,1.08353,1.08278,1.08316,929
2025-01-05 07:00:00,1.08311,1.08444,1.08301,1.08353,3128
2025-01-05 07:15:00,1.08346,1.08346,1.08176,1.08292,4848
2025-01-05 07:30:00,1.08302,1.08382,1.08284,1.08324,3712
2025-01-05 07:45:00,1.08333,1.08333,1.08242,1.08301,3445
2025-01-05 08:00:00,1.0829,1.08359,1.0829,1.08328,2817
2025-01-05 08:15:00,1.08335,1.08348,1.08263,1.08307,4484
2025-01-05 08:30:00,1.08313,1.08391,1.08287,1.08292,3932
2025-01-05 08:45:00,1.08281,1.08362,1.08281,1.08342,3163
2025-01-05 09:00:00,1.08347,1.08347,1.08291,1.08297,1435
2025-01-05 09:15:00,1.08286,1.08286,1.08238,1.08268,2842
2025-01-05 09:30:00,1.08243,1.08354,1.08243,1.08294,2188
2025-01-05 09:45:00,1.08292,1.08444,1.08292,1.08322,1382
2025-01-05 10:00:00,1.08325,1.0836,1.08284,1.08342,3019
2025-01-05 10:15:00,1.08341,1.08341,1.08308,1.0832,1316
2025-01-05 10:30:00,1.08349,1.08388,1.08342,1.08343,3732
2025-01-05 10:45:00,1.08347,1.08347,1.0824,1.08282,4366
2025-01-05 11:00:00,1.08283,1.08325,1.08257,1.083,3346
2025-01-05 11:15:00,1.08304,1.0833,1.08249,1.08297,1177
2025-01-05 11:30:00,1.08292,1.08425,1.08292,1.08307,2754
2025-01-05 11:45:00,1.08316,1.08374,1.08284,1.08309,3483
2025-01-05 12:00:00,1.08312,1.08329,1.08273,1.08313,2989
2025-01-05 12:15:00,1.08316,1.08316,1.08196,1.08287,2814
2025-01-05 12:30:00,1.08281,1.08325,1.08192,1.08301,2946
2025-01-05 12:45:00,1.08285,1.08315,1.08274,1.08292,2388
2025-01-05 13:00:00,1.08287,1.08287,1.08262,1.08267,2220
2025-01-05 13:15:00,1.08269,1.083,1.08269,1.08284,2403
2025-01-05 13:30:00,1.08279,1.08321,1.08229,1.08284,723
2025-01-05 13:45:00,1.08287,1.08317,1.08213,1.08279,1434
2025-01-05 14:00:00,1.08276,1.08324,1.08189,1.08278,1812
2025-01-05 14:15:00,1.08282,1.08322,1.08256,1.08279,1808
2025-01-05 14:30:00,1.0827,1.0827,1.08191,1.08257,725
2025-01-05 14:45:00,1.08259,1.08281,1.0819,1.08278,699
2025-01-05 15:00:00,1.08272,1.08272,1.08201,1.08223,4606
2025-01-05 15:15:00,1.08207,1.08297,1.08188,1.08229,3384
2025-01-05 15:30:00,1.08227,1.08333,1.08227,1.083,2824
2025-01-05 15:45:00,1.08316,1.08316,1.0822,1.08235,4493
2025-01-05 16:00:00,1.0822,1.08352,1.08208,1.08234,4433
2025-01-05 16:15:00,1.08235,1.08283,1.08221,1.08273,2097
2025-01-05 16:30:00,1.08281,1.08281,1.08158,1.08216,504
2025-01-05 16:45:00,1.08239,1.08272,1.08152,1.08244,779
2025-01-05 17:00:00,1.08239,1.08315,1.0821,1.0829,3519
2025-01-05 17:15:00,1.08284,1.08284,1.08169,1.08213,2864
2025-01-05 17:30:00,1.08201,1.08233,1.08201,1.08205,626
2025-01-05 17:45:00,1.08217,1.08217,1.08122,1.08207,4899
2025-01-05 18:00:00,1.08198,1.08335,1.08196,1.08258,3296
2025-01-05 18:15:00,1.08254,1.08322,1.08254,1.08274,3749
2025-01-05 18:30:00,1.08255,1.08265,1.08198,1.08239,4401
2025-01-05 18:45:00,1.08248,1.08289,1.08115,1.08265,4201
2025-01-05 19:00:00,1.08276,1.08321,1.08276,1.08283,982
2025-01-05 19:15:00,1.08292,1.08371,1.08255,1.08287,3539
2025-01-05 19:30:00,1.0827,1.0827,1.08238,1.08246,4910
2025-01-05 19:45:00,1.08252,1.08252,1.08192,1.08204,2007
2025-01-05 20:00:00,1.08187,1.0827,1.08187,1.08233,3668
2025-01-05 20:15:00,1.08234,1.08267,1.08212,1.08234,1438
2025-01-05 20:30:00,1.08236,1.08251,1.08173,1.08236,516
2025-01-05 20:45:00,1.08239,1.0825,1.08207,1.0824,4874
2025-01-05 21:00:00,1.08245,1.08303,1.08239,1.08277,4442
2025-01-05 21:15:00,1.08276,1.08334,1.08198,1.08286,3213
2025-01-05 21:30:00,1.08266,1.08315,1.08228,1.08273,4385
2025-01-05 21:45:00,1.08278,1.08294,1.0819,1.08291,4117
2025-01-05 22:00:00,1.08292,1.08292,1.08195,1.08282,1533
2025-01-05 22:15:00,1.08273,1.08367,1.08251,1.08276,2311
2025-01-05 22:30:00,1.0826,1.08332,1.0826,1.08309,2507
2025-01-05 22:45:00,1.08324,1.08324,1.08218,1.08284,4696
2025-01-05 23:00:00,1.08297,1.0832,1.08297,1.08316,969
2025-01-05 23:15:00,1.08323,1.08359,1.08228,1.0824,1824
2025-01-05 23:30:00,1.08233,1.08274,1.08211,1.0824,3777
2025-01-05 23:45:00,1.08215,1.0826,1.08199,1.08242,2124
2025-01-06 00:00:00,1.0825,1.08266,1.08239,1.08246,1735
2025-01-06 00:15:00,1.0825,1.08266,1.08202,1.08262,618
2025-01-06 00:30:00,1.08259,1.08259,1.08234,1.08238,2383
2025-01-06 00:45:00,1.08249,1.08294,1.08217,1.08224,2504
2025-01-06 01:00:00,1.08232,1.08302,1.08232,1.08275,1287
2025-01-06 01:15:00,1.08277,1.08277,1.08259,1.08267,2975
2025-01-06 01:30:00,1.08268,1.08268,1.08197,1.08205,3267
2025-01-06 01:45:00,1.08205,1.08356,1.08187,1.08246,1927
2025-01-06 02:00:00,1.08253,1.08269,1.08122,1.08202,742
2025-01-06 02:15:00,1.08194,1.08273,1.08194,1.08234,4538
2025-01-06 02:30:00,1.08238,1.08272,1.08199,1.08237,4413
2025-01-06 02:45:00,1.08228,1.08274,1.08223,1.08266,515
2025-01-06 03:00:00,1.08279,1.08326,1.08199,1.08237,3282
2025-01-06 03:15:00,1.08242,1.08242,1.08193,1.08218,2323
2025-01-06 03:30:00,1.08211,1.08326,1.08211,1.08259,510
2025-01-06 03:45:00,1.0826,1.0826,1.08177,1.08221,778
2025-01-06 04:00:00,1.08213,1.0828,1.08166,1.08242,3442
2025-01-06 04:15:00,1.08257,1.08257,1.08126,1.08213,4928
2025-01-06 04:30:00,1.08229,1.08231,1.08157,1.08221,3291
2025-01-06 04:45:00,1.08227,1.08271,1.08227,1.08237,2585
2025-01-06 05:00:00,1.08252,1.08346,1.08198,1.08232,1606
2025-01-06 05:15:00,1.08233,1.08257,1.08103,1.08252,531
2025-01-06 05:30:00,1.08259,1.08259,1.08147,1.08213,3625
2025-01-06 05:45:00,1.08225,1.0826,1.08212,1.08218,1236
2025-01-06 06:00:00,1.08218,1.08245,1.08124,1.08203,2348
2025-01-06 06:15:00,1.08203,1.08311,1.08203,1.08218,3532
2025-01-06 06:30:00,1.08227,1.08306,1.08172,1.08227,4108
2025-01-06 06:45:00,1.08233,1.08242,1.08176,1.08206,4640
2025-01-06 07:00:00,1.08198,1.08198,1.08103,1.08158,3177
2025-01-06 07:15:00,1.08136,1.08239,1.08136,1.08209,793
2025-01-06 07:30:00,1.08207,1.08286,1.0819,1.08211,3696
2025-01-06 07:45:00,1.0819,1.0819,1.08136,1.08182,2071
2025-01-06 08:00:00,1.08172,1.08208,1.08095,1.08181,3548
2025-01-06 08:15:00,1.08172,1.08244,1.08172,1.08235,3439
2025-01-06 08:30:00,1.0823,1.08288,1.08081,1.08223,4762
2025-01-06 08:45:00,1.08232,1.08232,1.08185,1.08208,768
2025-01-06 09:00:00,1.08218,1.08252,1.08168,1.08205,1647
2025-01-06 09:15:00,1.0821,1.083,1.0821,1.08223,3842
2025-01-06 09:30:00,1.0823,1.08323,1.08193,1.08262,1379
2025-01-06 09:45:00,1.08269,1.08288,1.08227,1.08245,558
2025-01-06 10:00:00,1.0822,1.08251,1.0822,1.08235,2997
2025-01-06 10:15:00,1.08235,1.08295,1.08235,1.08265,4391
2025-01-06 10:30:00,1.08247,1.08265,1.08227,1.08229,716
2025-01-06 10:45:00,1.08234,1.08284,1.08234,1.08279,4839
2025-01-06 11:00:00,1.08258,1.08295,1.08258,1.08283,2811
2025-01-06 11:15:00,1.08281,1.08281,1.08222,1.08231,1233
2025-01-06 11:30:00,1.08236,1.08284,1.08216,1.08217,3002
2025-01-06 11:45:00,1.08205,1.08236,1.08112,1.08159,2921
2025-01-06 12:00:00,1.08168,1.08258,1.0809,1.08178,3877
2025-01-06 12:15:00,1.08183,1.08201,1.08142,1.08185,873
2025-01-06 12:30:00,1.08188,1.08263,1.08188,1.08224,611
2025-01-06 12:45:00,1.08231,1.08231,1.08173,1.08214,3040
2025-01-06 13:00:00,1.0821,1.0822,1.08195,1.08205,793
2025-01-06 13:15:00,1.08206,1.08224,1.08186,1.08213,2969
2025-01-06 13:30:00,1.08213,1.08225,1.08202,1.08214,2698
2025-01-06 13:45:00,1.08214,1.08246,1.08157,1.08212,3768
2025-01-06 14:00:00,1.08205,1.08205,1.08038,1.08165,667
2025-01-06 14:15:00,1.08152,1.0823,1.08152,1.08198,3653
2025-01-06 14:30:00,1.08195,1.08195,1.08132,1.08155,569
2025-01-06 14:45:00,1.08151,1.0827,1.08151,1.08198,1925
2025-01-06 15:00:00,1.08191,1.08226,1.08139,1.08183,3072
2025-01-06 15:15:00,1.08192,1.08251,1.08094,1.08153,2154
2025-01-06 15:30:00,1.08142,1.08197,1.08111,1.08157,2759
2025-01-06 15:45:00,1.08155,1.08214,1.08126,1.08154,601
2025-01-06 16:00:00,1.08166,1.08166,1.08073,1.08112,2231
2025-01-06 16:15:00,1.08121,1.08159,1.08116,1.08154,1861
2025-01-06 16:30:00,1.08166,1.08166,1.08108,1.08139,832
2025-01-06 16:45:00,1.08133,1.0824,1.08132,1.0817,2752
2025-01-06 17:00:00,1.08178,1.08178,1.08081,1.08119,4824
2025-01-06 17:15:00,1.08108,1.08157,1.08058,1.08131,3760
2025-01-06 17:30:00,1.08128,1.08128,1.08091,1.08107,1622
2025-01-06 17:45:00,1.08105,1.08134,1.08084,1.08109,2457
2025-01-06 18:00:00,1.08103,1.08146,1.07998,1.08103,2459
2025-01-06 18:15:00,1.08099,1.08151,1.08099,1.08136,959
2025-01-06 18:30:00,1.08131,1.08186,1.08093,1.08096,1717
2025-01-06 18:45:00,1.08086,1.08103,1.08048,1.08101,1430
2025-01-06 19:00:00,1.0811,1.08182,1.08057,1.08105,810
2025-01-06 19:15:00,1.08103,1.08195,1.08069,1.08085,3389
2025-01-06 19:30:00,1.08087,1.08148,1.08074,1.081,2258
2025-01-06 19:45:00,1.08102,1.08123,1.08102,1.08115,4841
2025-01-06 20:00:00,1.08116,1.08116,1.08004,1.08076,971
2025-01-06 20:15:00,1.08077,1.08128,1.08077,1.08113,4917
2025-01-06 20:30:00,1.0811,1.0811,1.08079,1.08083,4736
2025-01-06 20:45:00,1.08097,1.08116,1.08073,1.08095,3680
2025-01-06 21:00:00,1.08102,1.08185,1.08073,1.08109,2860
2025-01-06 21:15:00,1.08109,1.08117,1.08071,1.08078,1644
2025-01-06 21:30:00,1.08074,1.08162,1.08038,1.08088,598
2025-01-06 21:45:00,1.08087,1.08113,1.08013,1.08061,4149
2025-01-06 22:00:00,1.08065,1.08072,1.07956,1.08056,993
2025-01-06 22:15:00,1.08071,1.08071,1.07973,1.08015,2657
2025-01-06 22:30:00,1.08001,1.08055,1.07997,1.08037,2677
2025-01-06 22:45:00,1.08044,1.08151,1.08016,1.08082,1923
2025-01-06 23:00:00,1.08094,1.08104,1.08059,1.08093,1005
2025-01-06 23:15:00,1.08079,1.08079,1.08027,1.08055,4805
2025-01-06 23:30:00,1.08053,1.08118,1.08053,1.08091,860
2025-01-06 23:45:00,1.08081,1.08198,1.0807,1.08109,653
2025-01-07 00:00:00,1.08113,1.08126,1.081,1.08114,1032
2025-01-07 00:15:00,1.08111,1.08111,1.0796,1.0805,2511
2025-01-07 00:30:00,1.08049,1.08104,1.08049,1.08058,2857
2025-01-07 00:45:00,1.08054,1.08122,1.08002,1.08069,3283
2025-01-07 01:00:00,1.08076,1.08135,1.08038,1.08082,2469
2025-01-07 01:15:00,1.08084,1.08111,1.08068,1.08105,2847
2025-01-07 01:30:00,1.08107,1.08107,1.07942,1.08043,4936
2025-01-07 01:45:00,1.08045,1.08077,1.07962,1.08009,1134
2025-01-07 02:00:00,1.08015,1.08057,1.08015,1.08057,3101
2025-01-07 02:15:00,1.08054,1.08127,1.08054,1.0808,1692
2025-01-07 02:30:00,1.08097,1.08097,1.0798,1.08054,1236
2025-01-07 02:45:00,1.08042,1.0805,1.08042,1.08044,2936
2025-01-07 03:00:00,1.08026,1.08134,1.08026,1.0808,1708
2025-01-07 03:15:00,1.08062,1.08137,1.08,1.08065,2558
2025-01-07 03:30:00,1.08044,1.08047,1.07968,1.08042,1107
2025-01-07 03:45:00,1.08048,1.08099,1.08048,1.08072,3565
2025-01-07 04:00:00,1.08078,1.0812,1.08031,1.08074,4249
2025-01-07 04:15:00,1.08086,1.08112,1.08065,1.08075,4826
2025-01-07 04:30:00,1.08064,1.08064,1.07983,1.08041,2537
2025-01-07 04:45:00,1.08048,1.0808,1.08018,1.08022,2685
2025-01-07 05:00:00,1.08022,1.08085,1.08022,1.08059,1496
2025-01-07 05:15:00,1.08061,1.08075,1.07978,1.08024,3078
2025-01-07 05:30:00,1.0803,1.08082,1.07966,1.08044,1679
2025-01-07 05:45:00,1.08036,1.08059,1.07917,1.0801,2420
2025-01-07 06:00:00,1.08036,1.08059,1.07995,1.08052,3731
2025-01-07 06:15:00,1.08065,1.08078,1.0795,1.0802,1832
2025-01-07 06:30:00,1.08014,1.08044,1.08014,1.08043,3244
2025-01-07 06:45:00,1.08033,1.08041,1.08014,1.08019,2760
2025-01-07 07:00:00,1.08018,1.0806,1.0797,1.07983,3998
2025-01-07 07:15:00,1.07985,1.08055,1.07985,1.08028,3913
2025-01-07 07:30:00,1.08038,1.0807,1.08011,1.08031,705
2025-01-07 07:45:00,1.08019,1.08021,1.07974,1.08015,2309
2025-01-07 08:00:00,1.08018,1.08018,1.07958,1.07978,1399
2025-01-07 08:15:00,1.07963,1.0802,1.07963,1.07978,1247
2025-01-07 08:30:00,1.07983,1.07989,1.07973,1.07981,3129
2025-01-07 08:45:00,1.0798,1.0798,1.07921,1.07968,2942
2025-01-07 09:00:00,1.07987,1.08042,1.07987,1.08018,4932
2025-01-07 09:15:00,1.08002,1.08083,1.07974,1.07977,2261
2025-01-07 09:30:00,1.07991,1.07991,1.07917,1.07919,4874
2025-01-07 09:45:00,1.07902,1.07989,1.07902,1.07984,2796
2025-01-07 10:00:00,1.07971,1.07971,1.07932,1.07955,2231
2025-01-07 10:15:00,1.07938,1.07989,1.07922,1.07963,4498
2025-01-07 10:30:00,1.07966,1.07998,1.07896,1.0795,3459
2025-01-07 10:45:00,1.07938,1.08004,1.07938,1.07976,1438
2025-01-07 11:00:00,1.07963,1.08013,1.07944,1.07975,2664
2025-01-07 11:15:00,1.07977,1.07977,1.07885,1.07942,3373
2025-01-07 11:30:00,1.07946,1.07968,1.07836,1.07914,1950
2025-01-07 11:45:00,1.07915,1.07985,1.07915,1.07919,1703
2025-01-07 12:00:00,1.07917,1.07958,1.07835,1.0792,2372
2025-01-07 12:15:00,1.07939,1.07939,1.0783,1.07895,4991
2025-01-07 12:30:00,1.07896,1.07926,1.07888,1.07926,3524
2025-01-07 12:45:00,1.07934,1.07936,1.07898,1.07908,2555
2025-01-07 13:00:00,1.07909,1.07941,1.07863,1.07927,2691
2025-01-07 13:15:00,1.07916,1.07964,1.0785,1.0791,2178
2025-01-07 13:30:00,1.07916,1.07916,1.07859,1.07864,4882
2025-01-07 13:45:00,1.07858,1.0797,1.07858,1.07893,3037
2025-01-07 14:00:00,1.07892,1.07892,1.0779,1.07849,2165
2025-01-07 14:15:00,1.07852,1.07893,1.07825,1.07877,4626
2025-01-07 14:30:00,1.07857,1.07915,1.07833,1.07859,3511
2025-01-07 14:45:00,1.07843,1.07879,1.07762,1.07842,743
2025-01-07 15:00:00,1.07851,1.07916,1.07851,1.07873,639
2025-01-07 15:15:00,1.07866,1.07866,1.07784,1.07803,2948
2025-01-07 15:30:00,1.07797,1.0784,1.07794,1.07824,1224
2025-01-07 15:45:00,1.07826,1.07878,1.07791,1.07865,2064
2025-01-07 16:00:00,1.07861,1.07881,1.07835,1.07849,4759
2025-01-07 16:15:00,1.07853,1.07869,1.07721,1.07832,603
2025-01-07 16:30:00,1.07831,1.07831,1.07791,1.0781,4547
2025-01-07 16:45:00,1.07812,1.0783,1.07743,1.07822,562
2025-01-07 17:00:00,1.07815,1.07863,1.0781,1.07847,2562
2025-01-07 17:15:00,1.07849,1.07902,1.07834,1.07844,4369
2025-01-07 17:30:00,1.07856,1.07857,1.07793,1.07831,4065
2025-01-07 17:45:00,1.07826,1.07931,1.07826,1.07852,2726
2025-01-07 18:00:00,1.07861,1.0787,1.07829,1.07844,2046
2025-01-07 18:15:00,1.07844,1.07852,1.07785,1.07822,4572
2025-01-07 18:30:00,1.07829,1.07854,1.07737,1.07832,4146
2025-01-07 18:45:00,1.07833,1.07879,1.07789,1.07804,2290
2025-01-07 19:00:00,1.07804,1.07825,1.07799,1.07825,629
2025-01-07 19:15:00,1.07828,1.07844,1.07828,1.07844,3515
2025-01-07 19:30:00,1.07856,1.07893,1.07711,1.07837,1426
2025-01-07 19:45:00,1.07839,1.07918,1.07839,1.07846,2480
2025-01-07 20:00:00,1.07851,1.07851,1.07783,1.07812,2225
2025-01-07 20:15:00,1.07809,1.07872,1.07803,1.0786,2319
2025-01-07 20:30:00,1.07876,1.07876,1.07743,1.07834,2707
2025-01-07 20:45:00,1.07841,1.07868,1.07841,1.07863,3788
2025-01-07 21:00:00,1.07864,1.07897,1.07809,1.07841,3395
2025-01-07 21:15:00,1.0784,1.07873,1.07831,1.07851,2256
2025-01-07 21:30:00,1.07861,1.07875,1.07848,1.07848,3037
2025-01-07 21:45:00,1.07842,1.07842,1.07747,1.07805,2827
2025-01-07 22:00:00,1.07787,1.0788,1.07787,1.07797,2628
2025-01-07 22:15:00,1.07797,1.07837,1.0779,1.07814,3696
2025-01-07 22:30:00,1.07826,1.07837,1.07757,1.07784,2717
2025-01-07 22:45:00,1.078,1.078,1.07687,1.07772,4153
2025-01-07 23:00:00,1.07771,1.07858,1.07771,1.07842,3661
2025-01-07 23:15:00,1.07842,1.07869,1.07772,1.07786,2927
2025-01-07 23:30:00,1.07791,1.07842,1.07761,1.07804,4759
2025-01-07 23:45:00,1.07801,1.0786,1.078,1.07804,914
2025-01-08 00:00:00,1.07809,1.07847,1.0776,1.07769,4594
2025-01-08 00:15:00,1.07768,1.07768,1.07694,1.07766,4750
2025-01-08 00:30:00,1.07776,1.0784,1.07709,1.07777,2335
2025-01-08 00:45:00,1.07785,1.07801,1.07735,1.07744,2568
2025-01-08 01:00:00,1.07752,1.07792,1.07748,1.07775,3370
2025-01-08 01:15:00,1.07773,1.078,1.07747,1.07781,1522
2025-01-08 01:30:00,1.078,1.078,1.07742,1.07774,898
2025-01-08 01:45:00,1.07779,1.07846,1.07755,1.07765,3477
2025-01-08 02:00:00,1.07767,1.07862,1.07761,1.07827,3419
2025-01-08 02:15:00,1.0782,1.0782,1.07742,1.07798,4470
2025-01-08 02:30:00,1.07797,1.0789,1.07713,1.07819,628
2025-01-08 02:45:00,1.0782,1.0782,1.0774,1.07777,2032
2025-01-08 03:00:00,1.07769,1.0785,1.07711,1.0777,1550
2025-01-08 03:15:00,1.07767,1.0781,1.07767,1.07784,3452
2025-01-08 03:30:00,1.07783,1.07832,1.07663,1.07774,843
2025-01-08 03:45:00,1.07774,1.07819,1.07653,1.07749,1924
2025-01-08 04:00:00,1.07731,1.07845,1.07731,1.07804,1103
2025-01-08 04:15:00,1.07803,1.07912,1.0774,1.07763,2090
2025-01-08 04:30:00,1.0776,1.07819,1.07744,1.07746,4751
2025-01-08 04:45:00,1.07745,1.07843,1.07745,1.07803,2648
2025-01-08 05:00:00,1.07814,1.07814,1.07727,1.07763,1247
2025-01-08 05:15:00,1.07784,1.07789,1.07722,1.07752,999
2025-01-08 05:30:00,1.07758,1.07763,1.07716,1.07723,3856
2025-01-08 05:45:00,1.07711,1.07817,1.07711,1.07795,885
2025-01-08 06:00:00,1.07792,1.07801,1.07737,1.07739,4733
2025-01-08 06:15:00,1.07745,1.07763,1.07738,1.07757,4843
2025-01-08 06:30:00,1.07762,1.07798,1.07756,1.07779,2235
2025-01-08 06:45:00,1.07789,1.07796,1.07763,1.07779,3057
2025-01-08 07:00:00,1.07778,1.07814,1.0768,1.07771,1678
2025-01-08 07:15:00,1.07768,1.0777,1.0774,1.07752,1379
2025-01-08 07:30:00,1.07769,1.07777,1.07646,1.07762,2005
2025-01-08 07:45:00,1.07763,1.0781,1.07716,1.07771,1506
2025-01-08 08:00:00,1.0776,1.07838,1.07671,1.07735,4157
2025-01-08 08:15:00,1.0775,1.07781,1.0775,1.07766,2805
2025-01-08 08:30:00,1.07751,1.0779,1.07749,1.07779,772
2025-01-08 08:45:00,1.07744,1.07866,1.07717,1.07783,3395
2025-01-08 09:00:00,1.0779,1.07816,1.07733,1.0774,3595
2025-01-08 09:15:00,1.07749,1.07876,1.07725,1.07798,3372
2025-01-08 09:30:00,1.07802,1.07802,1.07768,1.07787,2106
2025-01-08 09:45:00,1.07774,1.07796,1.07768,1.07772,2947
2025-01-08 10:00:00,1.07771,1.07877,1.07742,1.07793,3351
2025-01-08 10:15:00,1.0779,1.07851,1.0779,1.07823,1824
2025-01-08 10:30:00,1.07817,1.07817,1.07671,1.07749,2557
2025-01-08 10:45:00,1.07763,1.07786,1.07763,1.07774,4402
2025-01-08 11:00:00,1.07763,1.07763,1.07647,1.07723,3622
2025-01-08 11:15:00,1.07726,1.07778,1.07726,1.07777,3266
2025-01-08 11:30:00,1.07789,1.0783,1.07657,1.07794,2654
2025-01-08 11:45:00,1.07798,1.07798,1.07776,1.07795,2229
2025-01-08 12:00:00,1.07808,1.07911,1.07785,1.07794,3222
2025-01-08 12:15:00,1.078,1.078,1.0767,1.07761,3394
2025-01-08 12:30:00,1.07765,1.07806,1.07716,1.078,3863
2025-01-08 12:45:00,1.07804,1.07836,1.07771,1.0782,2340
2025-01-08 13:00:00,1.07826,1.07826,1.07741,1.07778,2461
2025-01-08 13:15:00,1.07774,1.07878,1.07761,1.07806,4924
2025-01-08 13:30:00,1.07793,1.07847,1.07749,1.07751,3175
2025-01-08 13:45:00,1.0776,1.07808,1.0776,1.07802,2439
2025-01-08 14:00:00,1.07814,1.07814,1.07778,1.07783,513
2025-01-08 14:15:00,1.07785,1.07819,1.07761,1.07771,3558
2025-01-08 14:30:00,1.07765,1.07765,1.07701,1.07761,1245
2025-01-08 14:45:00,1.07746,1.07824,1.07729,1.07754,2510
2025-01-08 15:00:00,1.07755,1.07827,1.07753,1.07775,3113
2025-01-08 15:15:00,1.07762,1.07783,1.07739,1.07741,3446
2025-01-08 15:30:00,1.07726,1.07775,1.07726,1.07747,3682
2025-01-08 15:45:00,1.07747,1.07761,1.07646,1.07743,3986
2025-01-08 16:00:00,1.07735,1.0779,1.07681,1.07718,4578
2025-01-08 16:15:00,1.07721,1.07798,1.07721,1.07788,2407
2025-01-08 16:30:00,1.07786,1.07786,1.07723,1.07732,4491
2025-01-08 16:45:00,1.07726,1.07775,1.07711,1.07722,2147
2025-01-08 17:00:00,1.07705,1.07728,1.07691,1.07713,3163
2025-01-08 17:15:00,1.07704,1.07846,1.07704,1.07765,2382
2025-01-08 17:30:00,1.07757,1.07777,1.07712,1.07717,828
2025-01-08 17:45:00,1.07705,1.07709,1.07675,1.07686,4867
2025-01-08 18:00:00,1.07683,1.07814,1.07683,1.07724,4770
2025-01-08 18:15:00,1.07712,1.0778,1.07709,1.0771,2705
2025-01-08 18:30:00,1.07709,1.07793,1.07578,1.07725,2187
2025-01-08 18:45:00,1.07727,1.07789,1.07688,1.07721,4829
2025-01-08 19:00:00,1.07713,1.07785,1.07676,1.0771,4736
2025-01-08 19:15:00,1.07714,1.07741,1.07687,1.07721,2666
2025-01-08 19:30:00,1.07708,1.07731,1.07694,1.07723,881
2025-01-08 19:45:00,1.07712,1.07851,1.07712,1.0777,4092
2025-01-08 20:00:00,1.07769,1.07774,1.07653,1.07707,1933
2025-01-08 20:15:00,1.07714,1.07795,1.07714,1.07762,4644
2025-01-08 20:30:00,1.07771,1.07771,1.07705,1.0773,4381
2025-01-08 20:45:00,1.07746,1.07767,1.0772,1.07736,3941
2025-01-08 21:00:00,1.07732,1.07761,1.07705,1.07741,3904
2025-01-08 21:15:00,1.0774,1.0774,1.07613,1.07706,4744
2025-01-08 21:30:00,1.07696,1.0778,1.07696,1.07735,2704
2025-01-08 21:45:00,1.07722,1.07722,1.0765,1.07658,2699
2025-01-08 22:00:00,1.0766,1.07709,1.07633,1.07691,4032
2025-01-08 22:15:00,1.07683,1.07719,1.07599,1.07687,4971
2025-01-08 22:30:00,1.07699,1.07699,1.07662,1.07677,3229
2025-01-08 22:45:00,1.07663,1.07725,1.07663,1.07709,1095
2025-01-08 23:00:00,1.07714,1.07724,1.07635,1.07699,4410
2025-01-08 23:15:00,1.07689,1.07794,1.07686,1.07713,3996
2025-01-08 23:30:00,1.07705,1.07719,1.07676,1.07713,3619
2025-01-08 23:45:00,1.07718,1.07718,1.07646,1.07677,4300
2025-01-09 00:00:00,1.07671,1.0771,1.07634,1.07694,3136
2025-01-09 00:15:00,1.07689,1.07694,1.07668,1.07686,3570
2025-01-09 00:30:00,1.07678,1.07769,1.076,1.0769,3323
2025-01-09 00:45:00,1.07708,1.07708,1.07676,1.0768,1992
2025-01-09 01:00:00,1.07673,1.07687,1.07604,1.07655,3816
2025-01-09 01:15:00,1.07655,1.07674,1.07613,1.0765,4402
2025-01-09 01:30:00,1.07648,1.07713,1.07646,1.07661,2809
2025-01-09 01:45:00,1.07663,1.07683,1.07656,1.07672,4360
2025-01-09 02:00:00,1.07666,1.07706,1.07666,1.07682,3713
2025-01-09 02:15:00,1.0768,1.07692,1.07649,1.07684,3796
2025-01-09 02:30:00,1.07688,1.07722,1.0767,1.07688,4092
2025-01-09 02:45:00,1.07679,1.07755,1.07656,1.07676,2023
2025-01-09 03:00:00,1.07687,1.07711,1.07666,1.07667,4055
2025-01-09 03:15:00,1.07678,1.07753,1.07627,1.07674,4759
2025-01-09 03:30:00,1.0768,1.07781,1.07649,1.07658,1474
2025-01-09 03:45:00,1.07659,1.07659,1.07642,1.07646,2170
2025-01-09 04:00:00,1.07616,1.07693,1.07616,1.07635,4729
2025-01-09 04:15:00,1.07639,1.07663,1.07639,1.07659,4394
2025-01-09 04:30:00,1.07655,1.07699,1.07639,1.07678,3303
2025-01-09 04:45:00,1.07676,1.07676,1.07619,1.07664,2031
2025-01-09 05:00:00,1.07645,1.07681,1.07625,1.07664,4316
2025-01-09 05:15:00,1.07668,1.07683,1.07628,1.07682,2712
2025-01-09 05:30:00,1.07667,1.07721,1.07667,1.07687,4579
2025-01-09 05:45:00,1.07688,1.07707,1.07601,1.07652,1081
2025-01-09 06:00:00,1.07661,1.07767,1.07661,1.07695,4057
2025-01-09 06:15:00,1.07691,1.07694,1.07646,1.07687,4029
2025-01-09 06:30:00,1.077,1.07718,1.0762,1.07649,2882
2025-01-09 06:45:00,1.07642,1.07679,1.07601,1.07653,3184
2025-01-09 07:00:00,1.07659,1.07698,1.07609,1.07689,730
2025-01-09 07:15:00,1.07676,1.07695,1.07604,1.0767,2383
2025-01-09 07:30:00,1.0768,1.0768,1.07565,1.07622,4598
2025-01-09 07:45:00,1.07631,1.07665,1.07589,1.07627,2411
2025-01-09 08:00:00,1.07631,1.07662,1.07587,1.07637,1184
2025-01-09 08:15:00,1.07633,1.0767,1.07557,1.07623,4676
2025-01-09 08:30:00,1.07609,1.07658,1.07517,1.07627,2455
2025-01-09 08:45:00,1.07623,1.07716,1.07565,1.07649,1798
2025-01-09 09:00:00,1.0766,1.07825,1.07607,1.07661,4983
2025-01-09 09:15:00,1.07662,1.07678,1.076,1.07639,1868
2025-01-09 09:30:00,1.07623,1.07681,1.07623,1.07667,2766
2025-01-09 09:45:00,1.07656,1.07717,1.07634,1.07673,1151
2025-01-09 10:00:00,1.07686,1.07686,1.0764,1.07668,2610
2025-01-09 10:15:00,1.07673,1.07692,1.07549,1.07648,3598
2025-01-09 10:30:00,1.07636,1.07636,1.07597,1.07603,3255
2025-01-09 10:45:00,1.07585,1.07664,1.07585,1.07659,4235
2025-01-09 11:00:00,1.07653,1.07677,1.07653,1.07672,4548
2025-01-09 11:15:00,1.07653,1.07722,1.0759,1.0765,1677
2025-01-09 11:30:00,1.07648,1.0778,1.07604,1.07683,2757
2025-01-09 11:45:00,1.07708,1.07712,1.07632,1.07665,1542
2025-01-09 12:00:00,1.07649,1.07729,1.07636,1.07661,3056
2025-01-09 12:15:00,1.07659,1.07668,1.07634,1.07657,4184
2025-01-09 12:30:00,1.0767,1.07679,1.076,1.07631,3435
2025-01-09 12:45:00,1.07639,1.07639,1.07485,1.0758,2123
2025-01-09 13:00:00,1.07579,1.07655,1.07579,1.07621,2584
2025-01-09 13:15:00,1.0762,1.07703,1.07588,1.07653,2954
2025-01-09 13:30:00,1.07642,1.07654,1.07567,1.07613,2971
2025-01-09 13:45:00,1.0761,1.07642,1.0755,1.07627,2885
2025-01-09 14:00:00,1.0763,1.0763,1.07566,1.07606,1794
2025-01-09 14:15:00,1.07617,1.07677,1.07574,1.07656,4568
2025-01-09 14:30:00,1.0765,1.07743,1.07595,1.07656,1418
2025-01-09 14:45:00,1.07654,1.07654,1.07551,1.07596,2103
2025-01-09 15:00:00,1.07587,1.07693,1.07565,1.0762,3495
2025-01-09 15:15:00,1.07622,1.07692,1.07577,1.0759,3886
2025-01-09 15:30:00,1.07597,1.07644,1.07572,1.07623,1581
2025-01-09 15:45:00,1.0763,1.07634,1.0759,1.07625,875
2025-01-09 16:00:00,1.07613,1.07671,1.07613,1.07633,1908
2025-01-09 16:15:00,1.07634,1.07662,1.0751,1.07631,2603
2025-01-09 16:30:00,1.07624,1.0781,1.07614,1.07696,516
2025-01-09 16:45:00,1.07706,1.07706,1.07623,1.07625,932
2025-01-09 17:00:00,1.07623,1.07674,1.07532,1.07596,4550
2025-01-09 17:15:00,1.07581,1.07688,1.07562,1.07612,736
2025-01-09 17:30:00,1.0761,1.07643,1.07534,1.07584,806
2025-01-09 17:45:00,1.07588,1.076,1.07555,1.07585,523
2025-01-09 18:00:00,1.07588,1.07615,1.0753,1.07599,3809
2025-01-09 18:15:00,1.07594,1.07596,1.07561,1.07595,1513
2025-01-09 18:30:00,1.07589,1.07694,1.07581,1.07596,1180
2025-01-09 18:45:00,1.07586,1.07659,1.07586,1.07619,2348
2025-01-09 19:00:00,1.07615,1.07615,1.07559,1.07594,2015
2025-01-09 19:15:00,1.07585,1.0761,1.07533,1.07589,1451
2025-01-09 19:30:00,1.07599,1.07675,1.07567,1.07603,914
2025-01-09 19:45:00,1.07594,1.07669,1.07553,1.07559,1923
2025-01-09 20:00:00,1.0756,1.0762,1.07531,1.07561,2947
2025-01-09 20:15:00,1.07562,1.07593,1.07562,1.07582,2688
2025-01-09 20:30:00,1.07592,1.07616,1.07494,1.07529,3691
2025-01-09 20:45:00,1.0754,1.07561,1.07458,1.07541,949
2025-01-09 21:00:00,1.07548,1.07621,1.07544,1.076,3435
2025-01-09 21:15:00,1.07603,1.07645,1.07547,1.07604,3676
2025-01-09 21:30:00,1.07594,1.07658,1.07594,1.07629,591
2025-01-09 21:45:00,1.07618,1.07618,1.07534,1.07596,3099
2025-01-09 22:00:00,1.07588,1.07663,1.07588,1.07605,3451
2025-01-09 22:15:00,1.07613,1.07654,1.07569,1.07586,3625
2025-01-09 22:30:00,1.07587,1.07646,1.07557,1.07616,4218
2025-01-09 22:45:00,1.07625,1.07647,1.07591,1.07643,2037
2025-01-09 23:00:00,1.07653,1.07653,1.0753,1.07577,3668
2025-01-09 23:15:00,1.07569,1.07653,1.07569,1.07622,2395
2025-01-09 23:30:00,1.07622,1.07657,1.07622,1.07656,684
2025-01-09 23:45:00,1.07656,1.07656,1.07585,1.07634,1956
2025-01-10 00:00:00,1.0763,1.07668,1.07604,1.07656,1994
2025-01-10 00:15:00,1.07651,1.07651,1.07612,1.07625,1648
2025-01-10 00:30:00,1.07637,1.07708,1.07637,1.07643,3905
2025-01-10 00:45:00,1.07644,1.07673,1.0764,1.0764,1787
2025-01-10 01:00:00,1.0764,1.0764,1.07575,1.07601,2738
2025-01-10 01:15:00,1.07592,1.07666,1.07592,1.0763,2373
2025-01-10 01:30:00,1.07636,1.07644,1.07582,1.07636,2250
2025-01-10 01:45:00,1.07626,1.07678,1.07626,1.07662,1744
2025-01-10 02:00:00,1.07667,1.07712,1.07624,1.07658,2746
2025-01-10 02:15:00,1.07663,1.07709,1.07597,1.07645,673
2025-01-10 02:30:00,1.07641,1.07794,1.07641,1.07655,4812
2025-01-10 02:45:00,1.07658,1.07658,1.07588,1.0764,3777
2025-01-10 03:00:00,1.07642,1.07727,1.07642,1.0767,2521
2025-01-10 03:15:00,1.07669,1.07704,1.07615,1.07635,1896
2025-01-10 03:30:00,1.07635,1.0766,1.07589,1.0764,673
2025-01-10 03:45:00,1.0764,1.07673,1.0762,1.07639,3894
2025-01-10 04:00:00,1.0764,1.07681,1.0764,1.07662,3123
2025-01-10 04:15:00,1.07663,1.07697,1.07579,1.07649,3388
2025-01-10 04:30:00,1.07638,1.07694,1.07638,1.07684,2746
2025-01-10 04:45:00,1.07683,1.07748,1.07563,1.07646,3578
2025-01-10 05:00:00,1.07649,1.07696,1.07584,1.07647,3551
2025-01-10 05:15:00,1.07648,1.07719,1.07625,1.0767,2199
2025-01-10 05:30:00,1.07679,1.07681,1.07609,1.07658,1462
2025-01-10 05:45:00,1.07664,1.0774,1.07577,1.07653,3591
2025-01-10 06:00:00,1.07644,1.07767,1.07606,1.07683,4284
2025-01-10 06:15:00,1.07681,1.07681,1.07593,1.07643,2344
2025-01-10 06:30:00,1.0764,1.07768,1.07595,1.07643,3751
2025-01-10 06:45:00,1.07643,1.07685,1.07643,1.07684,2250
2025-01-10 07:00:00,1.07684,1.07735,1.07645,1.07687,1392
2025-01-10 07:15:00,1.07693,1.07725,1.07676,1.07693,714
2025-01-10 07:30:00,1.07695,1.0777,1.07574,1.07657,3929
2025-01-10 07:45:00,1.07669,1.07769,1.07621,1.07688,4144
2025-01-10 08:00:00,1.07691,1.07732,1.07639,1.07653,3115
2025-01-10 08:15:00,1.07644,1.07701,1.07585,1.0765,1105
2025-01-10 08:30:00,1.07645,1.07645,1.07561,1.07623,1051
2025-01-10 08:45:00,1.07629,1.07705,1.07629,1.077,4914
2025-01-10 09:00:00,1.07684,1.07694,1.07622,1.07646,3013
2025-01-10 09:15:00,1.07633,1.07747,1.07595,1.07659,1677
2025-01-10 09:30:00,1.07659,1.07659,1.07565,1.07646,4946
2025-01-10 09:45:00,1.07656,1.07691,1.0762,1.07675,1983
2025-01-10 10:00:00,1.07688,1.07688,1.07654,1.07664,3811
2025-01-10 10:15:00,1.07662,1.07662,1.07637,1.07639,4785
2025-01-10 10:30:00,1.0765,1.07745,1.0765,1.07673,2045
2025-01-10 10:45:00,1.07674,1.07674,1.07623,1.07633,1996
2025-01-10 11:00:00,1.07618,1.07666,1.07618,1.07657,572
2025-01-10 11:15:00,1.07657,1.0767,1.07613,1.07634,4536
2025-01-10 11:30:00,1.07628,1.07684,1.07559,1.07657,2726
2025-01-10 11:45:00,1.07666,1.07708,1.07544,1.07678,1590
2025-01-10 12:00:00,1.07677,1.07677,1.0756,1.07638,2116
2025-01-10 12:15:00,1.07625,1.07683,1.07625,1.07655,4672
2025-01-10 12:30:00,1.0764,1.07743,1.0764,1.07686,1487
2025-01-10 12:45:00,1.07686,1.07748,1.07645,1.07685,2615
2025-01-10 13:00:00,1.07661,1.07804,1.07661,1.07732,2091
2025-01-10 13:15:00,1.07727,1.07777,1.07713,1.07741,1087
2025-01-10 13:30:00,1.07743,1.07743,1.07599,1.07706,1342
2025-01-10 13:45:00,1.07696,1.07765,1.07642,1.07733,4149
2025-01-10 14:00:00,1.07743,1.07761,1.07696,1.07734,4116
2025-01-10 14:15:00,1.07746,1.07746,1.07671,1.07719,2065
2025-01-10 14:30:00,1.07709,1.07723,1.0767,1.07715,4109
2025-01-10 14:45:00,1.07712,1.07815,1.07712,1.07741,3429
2025-01-10 15:00:00,1.07751,1.07758,1.07628,1.07735,1221
2025-01-10 15:15:00,1.07735,1.07784,1.07715,1.07729,2304
2025-01-10 15:30:00,1.07715,1.07784,1.07694,1.07737,4919
2025-01-10 15:45:00,1.07735,1.0774,1.07666,1.07706,3694
2025-01-10 16:00:00,1.07698,1.07699,1.07679,1.07691,1154
2025-01-10 16:15:00,1.07702,1.0778,1.07686,1.07711,644
2025-01-10 16:30:00,1.07717,1.07742,1.07716,1.07717,2196
2025-01-10 16:45:00,1.07714,1.07743,1.07685,1.07689,4739
2025-01-10 17:00:00,1.0769,1.07795,1.07651,1.07744,3211
2025-01-10 17:15:00,1.07731,1.07731,1.07607,1.07683,1392
2025-01-10 17:30:00,1.07676,1.07736,1.07667,1.07716,3064
2025-01-10 17:45:00,1.07732,1.0774,1.07674,1.07722,4790
2025-01-10 18:00:00,1.07722,1.07757,1.07698,1.07715,4054
2025-01-10 18:15:00,1.07724,1.07781,1.07717,1.07723,2160
2025-01-10 18:30:00,1.07725,1.07778,1.07691,1.07763,4046
2025-01-10 18:45:00,1.07777,1.07777,1.077,1.07713,3276
2025-01-10 19:00:00,1.07693,1.07889,1.07693,1.07781,4420
2025-01-10 19:15:00,1.07779,1.07779,1.07733,1.07746,1636
2025-01-10 19:30:00,1.07763,1.07833,1.07731,1.07743,1799
2025-01-10 19:45:00,1.07752,1.0783,1.07752,1.07771,3023
2025-01-10 20:00:00,1.07784,1.07887,1.07712,1.07808,3749
2025-01-10 20:15:00,1.07808,1.07808,1.07722,1.07735,2160
2025-01-10 20:30:00,1.07729,1.07788,1.0767,1.07728,1814
2025-01-10 20:45:00,1.07718,1.0782,1.07535,1.07732,933
2025-01-10 21:00:00,1.07721,1.07783,1.07684,1.07744,2358
2025-01-10 21:15:00,1.07752,1.07752,1.07698,1.07719,1210
2025-01-10 21:30:00,1.07725,1.07825,1.07725,1.07767,637
2025-01-10 21:45:00,1.07766,1.07887,1.07694,1.07797,4060
2025-01-10 22:00:00,1.07802,1.07802,1.07693,1.07761,2253
2025-01-10 22:15:00,1.07762,1.07768,1.07725,1.07757,3356
2025-01-10 22:30:00,1.07766,1.07766,1.07676,1.07747,1684
2025-01-10 22:45:00,1.07756,1.07853,1.07756,1.07783,1233
2025-01-10 23:00:00,1.07773,1.07834,1.0775,1.07752,2351
2025-01-10 23:15:00,1.07755,1.07819,1.07741,1.07794,1853
2025-01-10 23:30:00,1.07778,1.07836,1.07756,1.0781,894
2025-01-10 23:45:00,1.07811,1.07864,1.07759,1.07792,3017
2025-01-11 00:00:00,1.07798,1.07798,1.07782,1.07783,3827
2025-01-11 00:15:00,1.0777,1.07816,1.0777,1.07802,4554
2025-01-11 00:30:00,1.07797,1.07823,1.07759,1.07806,2566
2025-01-11 00:45:00,1.07807,1.07807,1.07708,1.07772,746
2025-01-11 01:00:00,1.07775,1.07809,1.07744,1.07785,3638
2025-01-11 01:15:00,1.07782,1.07842,1.07758,1.07786,841
2025-01-11 01:30:00,1.07774,1.0783,1.07766,1.0782,3471
2025-01-11 01:45:00,1.0782,1.07826,1.07804,1.07821,4268
2025-01-11 02:00:00,1.07804,1.07804,1.0776,1.0777,2934
2025-01-11 02:15:00,1.07768,1.07787,1.07754,1.07784,841
2025-01-11 02:30:00,1.07779,1.07831,1.07726,1.07767,607
2025-01-11 02:45:00,1.07766,1.07858,1.07729,1.07792,2296
2025-01-11 03:00:00,1.07786,1.07929,1.07786,1.07818,3024
2025-01-11 03:15:00,1.07803,1.07836,1.07739,1.07795,2884
2025-01-11 03:30:00,1.07792,1.07847,1.07771,1.07805,4031
2025-01-11 03:45:00,1.07815,1.07832,1.07717,1.0779,2860
2025-01-11 04:00:00,1.07802,1.07863,1.07782,1.07847,1108
2025-01-11 04:15:00,1.07872,1.07947,1.07787,1.0784,3141
2025-01-11 04:30:00,1.07857,1.07875,1.07803,1.07824,2847
2025-01-11 04:45:00,1.07812,1.07853,1.07777,1.07844,3239
2025-01-11 05:00:00,1.0784,1.07865,1.07762,1.07859,4831
2025-01-11 05:15:00,1.07858,1.07866,1.07798,1.07855,710
2025-01-11 05:30:00,1.07854,1.07866,1.07816,1.07848,785
2025-01-11 05:45:00,1.07848,1.07912,1.07848,1.07912,2970
2025-01-11 06:00:00,1.07936,1.07936,1.07852,1.07869,993
2025-01-11 06:15:00,1.07858,1.07922,1.07793,1.0789,1517
2025-01-11 06:30:00,1.07883,1.0797,1.07883,1.0792,3990
2025-01-11 06:45:00,1.07937,1.07998,1.07937,1.07976,3384
2025-01-11 07:00:00,1.0797,1.0797,1.07844,1.07891,3314
2025-01-11 07:15:00,1.07895,1.07974,1.07827,1.07936,2489
2025-01-11 07:30:00,1.07946,1.07946,1.07898,1.07925,1022
2025-01-11 07:45:00,1.0793,1.07985,1.07924,1.07935,2866
2025-01-11 08:00:00,1.07937,1.07937,1.07866,1.07932,3950
2025-01-11 08:15:00,1.07941,1.07941,1.07917,1.07926,2156
2025-01-11 08:30:00,1.07917,1.08021,1.07917,1.07959,3564
2025-01-11 08:45:00,1.07954,1.07965,1.07911,1.07925,3242
2025-01-11 09:00:00,1.07931,1.08011,1.07931,1.07978,1089
2025-01-11 09:15:00,1.07957,1.07964,1.0794,1.07959,1134
2025-01-11 09:30:00,1.07973,1.08042,1.0794,1.07968,4540
2025-01-11 09:45:00,1.07971,1.07987,1.0793,1.07962,707
2025-01-11 10:00:00,1.07963,1.08048,1.07929,1.07967,2733
2025-01-11 10:15:00,1.07951,1.0807,1.07951,1.07982,1476
2025-01-11 10:30:00,1.07969,1.07969,1.07873,1.07944,2564
2025-01-11 10:45:00,1.0794,1.08028,1.07888,1.07967,1813
2025-01-11 11:00:00,1.07975,1.07996,1.07949,1.07964,4849
2025-01-11 11:15:00,1.07943,1.07984,1.07935,1.07982,1470
2025-01-11 11:30:00,1.0799,1.0799,1.07913,1.07957,1979
2025-01-11 11:45:00,1.07953,1.08065,1.0791,1.08029,1670
2025-01-11 12:00:00,1.08027,1.08079,1.0798,1.07992,3685
2025-01-11 12:15:00,1.07995,1.08186,1.07988,1.08044,1899
2025-01-11 12:30:00,1.08046,1.08056,1.08035,1.08043,3893
2025-01-11 12:45:00,1.08035,1.08035,1.07978,1.07999,2875
2025-01-11 13:00:00,1.08006,1.08015,1.0798,1.0801,4944
2025-01-11 13:15:00,1.07987,1.08099,1.07987,1.08086,698
2025-01-11 13:30:00,1.08081,1.08109,1.07973,1.08068,3748
2025-01-11 13:45:00,1.08069,1.0809,1.07987,1.08035,1647
2025-01-11 14:00:00,1.08032,1.08108,1.08032,1.08051,4535
2025-01-11 14:15:00,1.08033,1.08047,1.08022,1.08027,2782
2025-01-11 14:30:00,1.08035,1.08077,1.07981,1.08051,2225
2025-01-11 14:45:00,1.08038,1.08153,1.07947,1.08024,1817
2025-01-11 15:00:00,1.08023,1.08031,1.08006,1.08009,4468
2025-01-11 15:15:00,1.0801,1.08015,1.07942,1.08013,3589
2025-01-11 15:30:00,1.08013,1.08104,1.07953,1.08037,1926
2025-01-11 15:45:00,1.08048,1.08048,1.07996,1.08018,2928
2025-01-11 16:00:00,1.08018,1.08128,1.08018,1.08054,2341
2025-01-11 16:15:00,1.08058,1.08146,1.07991,1.08035,4393
2025-01-11 16:30:00,1.08034,1.08074,1.08003,1.08038,2644
2025-01-11 16:45:00,1.08044,1.08119,1.08044,1.08087,1993
2025-01-11 17:00:00,1.08101,1.08113,1.08029,1.08065,1204
2025-01-11 17:15:00,1.08067,1.08067,1.08041,1.08044,2268
2025-01-11 17:30:00,1.08052,1.08124,1.08048,1.08067,1569
2025-01-11 17:45:00,1.08082,1.08123,1.08049,1.08057,4374
2025-01-11 18:00:00,1.08071,1.08118,1.08026,1.0807,2783
2025-01-11 18:15:00,1.08066,1.08075,1.07997,1.08039,1268
2025-01-11 18:30:00,1.0805,1.08145,1.07979,1.08044,4223
2025-01-11 18:45:00,1.08046,1.0809,1.07982,1.08024,759
2025-01-11 19:00:00,1.08035,1.08037,1.08021,1.08032,3443
2025-01-11 19:15:00,1.08038,1.08089,1.08038,1.08069,2087
2025-01-11 19:30:00,1.08072,1.08126,1.08063,1.08083,583
2025-01-11 19:45:00,1.08087,1.08141,1.08033,1.08077,4061
2025-01-11 20:00:00,1.08079,1.08098,1.08038,1.08038,2139
2025-01-11 20:15:00,1.08041,1.08131,1.08041,1.08089,2893
2025-01-11 20:30:00,1.08088,1.08088,1.07984,1.0802,3470
2025-01-11 20:45:00,1.08018,1.0812,1.08018,1.08071,3184
2025-01-11 21:00:00,1.08089,1.08147,1.08013,1.08047,2730
2025-01-11 21:15:00,1.08052,1.08084,1.08052,1.08072,3898
2025-01-11 21:30:00,1.08067,1.08067,1.08004,1.08032,4137
2025-01-11 21:45:00,1.08029,1.08163,1.08029,1.08086,1313
2025-01-11 22:00:00,1.08097,1.08131,1.07991,1.08025,4247
2025-01-11 22:15:00,1.08018,1.08116,1.08018,1.08055,1395
2025-01-11 22:30:00,1.0804,1.081,1.0804,1.08049,1160
2025-01-11 22:45:00,1.08035,1.08095,1.08023,1.08045,3349
2025-01-11 23:00:00,1.08028,1.08117,1.08028,1.08086,2925
2025-01-11 23:15:00,1.08073,1.08166,1.08073,1.08126,1610
2025-01-11 23:30:00,1.08114,1.08201,1.08093,1.0815,4245
2025-01-11 23:45:00,1.08164,1.08167,1.08055,1.08104,1658
2025-01-12 00:00:00,1.08103,1.08186,1.08103,1.08131,2637
2025-01-12 00:15:00,1.08127,1.08178,1.08056,1.08126,2340
2025-01-12 00:30:00,1.08111,1.08181,1.08111,1.08135,2410
2025-01-12 00:45:00,1.08133,1.08205,1.08041,1.08125,4164
2025-01-12 01:00:00,1.08108,1.0821,1.081,1.08137,3410
2025-01-12 01:15:00,1.08133,1.08189,1.08119,1.08157,1242
2025-01-12 01:30:00,1.08178,1.08178,1.08092,1.08131,3660
2025-01-12 01:45:00,1.08138,1.082,1.08138,1.08158,1816
2025-01-12 02:00:00,1.08156,1.08173,1.08116,1.0816,4305
2025-01-12 02:15:00,1.08167,1.0818,1.08128,1.08168,1540
2025-01-12 02:30:00,1.08162,1.08162,1.08056,1.08133,2231
2025-01-12 02:45:00,1.08125,1.08191,1.08078,1.08149,2155
2025-01-12 03:00:00,1.08166,1.08209,1.08166,1.08197,2067
2025-01-12 03:15:00,1.08186,1.08191,1.08153,1.08179,2310
2025-01-12 03:30:00,1.08175,1.08238,1.08113,1.08181,2828
2025-01-12 03:45:00,1.08184,1.08184,1.08106,1.08141,3516
2025-01-12 04:00:00,1.08132,1.08185,1.08132,1.08145,1994
2025-01-12 04:15:00,1.08152,1.08199,1.08074,1.08141,1104
2025-01-12 04:30:00,1.08138,1.08168,1.081,1.08142,977
2025-01-12 04:45:00,1.08148,1.08148,1.08038,1.0808,641
2025-01-12 05:00:00,1.08085,1.08164,1.08074,1.081,2598
2025-01-12 05:15:00,1.08098,1.08162,1.08098,1.08158,3070
2025-01-12 05:30:00,1.08175,1.08175,1.08071,1.08121,4526
2025-01-12 05:45:00,1.08114,1.08154,1.08078,1.08114,1786
2025-01-12 06:00:00,1.08128,1.08145,1.0809,1.08104,1709
2025-01-12 06:15:00,1.08116,1.08206,1.0804,1.08111,1307
2025-01-12 06:30:00,1.08129,1.08149,1.08101,1.08108,2628
2025-01-12 06:45:00,1.0811,1.0826,1.0811,1.08187,4305
2025-01-12 07:00:00,1.08179,1.08179,1.08095,1.08145,1473
2025-01-12 07:15:00,1.08165,1.08169,1.08076,1.08146,3438
2025-01-12 07:30:00,1.08143,1.08175,1.08097,1.08162,585
2025-01-12 07:45:00,1.08154,1.08185,1.08071,1.08155,2296
2025-01-12 08:00:00,1.08154,1.0822,1.08135,1.08155,1807
2025-01-12 08:15:00,1.08145,1.08269,1.08102,1.08154,959
2025-01-12 08:30:00,1.08159,1.08176,1.08097,1.08114,3008
2025-01-12 08:45:00,1.08108,1.08147,1.08108,1.0812,1644
2025-01-12 09:00:00,1.08117,1.08162,1.08117,1.08158,4388
2025-01-12 09:15:00,1.08167,1.08167,1.08138,1.08139,3760
2025-01-12 09:30:00,1.08145,1.08224,1.08132,1.08147,1909
2025-01-12 09:45:00,1.08147,1.08223,1.08147,1.08161,4766
2025-01-12 10:00:00,1.08163,1.08182,1.08163,1.08182,1853
2025-01-12 10:15:00,1.08182,1.08182,1.08117,1.0814,4630
2025-01-12 10:30:00,1.08136,1.08273,1.08136,1.08192,1724
2025-01-12 10:45:00,1.08192,1.08216,1.08141,1.0817,1691
2025-01-12 11:00:00,1.08175,1.08204,1.081,1.08196,2032
2025-01-12 11:15:00,1.08195,1.08247,1.08129,1.08203,2416
2025-01-12 11:30:00,1.08207,1.08269,1.082,1.08228,3817
2025-01-12 11:45:00,1.0822,1.08248,1.08164,1.0823,1747
2025-01-12 12:00:00,1.08224,1.08273,1.082,1.0824,3117
2025-01-12 12:15:00,1.08233,1.08257,1.08231,1.0824,2525
2025-01-12 12:30:00,1.08234,1.08283,1.08154,1.08229,4011
2025-01-12 12:45:00,1.08242,1.08277,1.08214,1.08227,4192
2025-01-12 13:00:00,1.08235,1.08325,1.08235,1.08263,3983
2025-01-12 13:15:00,1.08252,1.08353,1.082,1.08256,3823
2025-01-12 13:30:00,1.08261,1.08284,1.08177,1.08251,2438
2025-01-12 13:45:00,1.08247,1.08335,1.08244,1.08269,1515
2025-01-12 14:00:00,1.08262,1.08344,1.08241,1.08257,3083
2025-01-12 14:15:00,1.08242,1.08292,1.0818,1.08238,1427
2025-01-12 14:30:00,1.08248,1.08298,1.08243,1.08281,2011
2025-01-12 14:45:00,1.08267,1.08274,1.08203,1.08261,2237
2025-01-12 15:00:00,1.08261,1.08315,1.08261,1.08307,3538
2025-01-12 15:15:00,1.08298,1.08298,1.08222,1.08231,2221
2025-01-12 15:30:00,1.08239,1.08263,1.08239,1.08254,3266
2025-01-12 15:45:00,1.08251,1.08402,1.08251,1.08285,3919
2025-01-12 16:00:00,1.08283,1.08329,1.0828,1.08323,3325
2025-01-12 16:15:00,1.08322,1.08366,1.08309,1.08313,4921
2025-01-12 16:30:00,1.08316,1.08354,1.08305,1.08314,3234
2025-01-12 16:45:00,1.08314,1.08314,1.08276,1.08288,718
2025-01-12 17:00:00,1.08287,1.08323,1.08287,1.08294,1021
2025-01-12 17:15:00,1.08289,1.08334,1.08289,1.08317,904
2025-01-12 17:30:00,1.08301,1.08309,1.08174,1.08283,1079
2025-01-12 17:45:00,1.08272,1.08317,1.0816,1.08288,2354
2025-01-12 18:00:00,1.08295,1.08322,1.08282,1.08314,4921
2025-01-12 18:15:00,1.08311,1.08353,1.08175,1.08291,4197
2025-01-12 18:30:00,1.08285,1.08445,1.08285,1.08341,2335
2025-01-12 18:45:00,1.08327,1.08391,1.08327,1.08348,657
2025-01-12 19:00:00,1.08331,1.08377,1.08231,1.08284,3675
2025-01-12 19:15:00,1.08277,1.08318,1.08273,1.08287,2121
2025-01-12 19:30:00,1.08296,1.08299,1.0826,1.08263,4177
2025-01-12 19:45:00,1.08258,1.08371,1.08247,1.08304,1305
2025-01-12 20:00:00,1.08308,1.08395,1.08287,1.0835,1805
2025-01-12 20:15:00,1.08344,1.08349,1.08255,1.08325,2694
2025-01-12 20:30:00,1.08331,1.08439,1.08312,1.08352,1013
2025-01-12 20:45:00,1.08349,1.08363,1.08309,1.08314,1003
2025-01-12 21:00:00,1.08302,1.08428,1.08302,1.08361,3139
2025-01-12 21:15:00,1.08358,1.08419,1.08332,1.08343,1265
2025-01-12 21:30:00,1.08361,1.08421,1.0834,1.08361,736
2025-01-12 21:45:00,1.08379,1.08379,1.08299,1.08348,4991
2025-01-12 22:00:00,1.08353,1.08353,1.08252,1.08338,2504
2025-01-12 22:15:00,1.08337,1.08376,1.08325,1.08354,2299
2025-01-12 22:30:00,1.08357,1.08407,1.0835,1.08393,3887
2025-01-12 22:45:00,1.08396,1.08465,1.08379,1.08386,4499
2025-01-12 23:00:00,1.08386,1.08417,1.08386,1.08405,1946
2025-01-12 23:15:00,1.0841,1.08503,1.08369,1.08395,631
2025-01-12 23:30:00,1.08397,1.08433,1.08369,1.08388,4175
2025-01-12 23:45:00,1.08385,1.08385,1.08245,1.08347,2534
2025-01-13 00:00:00,1.08335,1.08397,1.08335,1.08378,4713
2025-01-13 00:15:00,1.08373,1.08448,1.08373,1.08394,2544
2025-01-13 00:30:00,1.08402,1.08447,1.08322,1.0844,4934
2025-01-13 00:45:00,1.08439,1.08439,1.08384,1.08413,1958
2025-01-13 01:00:00,1.08416,1.08464,1.08416,1.08438,2522
2025-01-13 01:15:00,1.08435,1.08507,1.08351,1.08398,2448
2025-01-13 01:30:00,1.08388,1.08406,1.08379,1.08383,2120
2025-01-13 01:45:00,1.08381,1.08445,1.08348,1.08387,4313
2025-01-13 02:00:00,1.08377,1.08392,1.08336,1.08389,2661
2025-01-13 02:15:00,1.08378,1.08442,1.08351,1.08358,4901
2025-01-13 02:30:00,1.0837,1.0848,1.08314,1.0836,2257
2025-01-13 02:45:00,1.08356,1.08402,1.08333,1.08375,4650
2025-01-13 03:00:00,1.08368,1.08459,1.08368,1.08409,1023
2025-01-13 03:15:00,1.08425,1.08425,1.08292,1.0834,2981
2025-01-13 03:30:00,1.08348,1.08421,1.08348,1.08407,4785
2025-01-13 03:45:00,1.08403,1.08403,1.08351,1.0837,4984
2025-01-13 04:00:00,1.08374,1.08398,1.08325,1.08363,845
2025-01-13 04:15:00,1.08361,1.08429,1.08361,1.08406,2812
2025-01-13 04:30:00,1.08399,1.08407,1.08344,1.08406,2198
2025-01-13 04:45:00,1.08411,1.08446,1.08411,1.08415,640
2025-01-13 05:00:00,1.08411,1.08415,1.08333,1.08395,4834
2025-01-13 05:15:00,1.08396,1.08511,1.08362,1.08418,1621
2025-01-13 05:30:00,1.08428,1.08453,1.0838,1.08402,3383
2025-01-13 05:45:00,1.08411,1.08423,1.08332,1.08396,1534
2025-01-13 06:00:00,1.08391,1.08456,1.08383,1.08405,4773
2025-01-13 06:15:00,1.0841,1.0844,1.08398,1.08422,1482
2025-01-13 06:30:00,1.0841,1.0841,1.08358,1.0838,2944
2025-01-13 06:45:00,1.08385,1.08439,1.08385,1.08401,3960
2025-01-13 07:00:00,1.08403,1.08419,1.08375,1.08413,3084
2025-01-13 07:15:00,1.08417,1.08417,1.08327,1.08382,2813
2025-01-13 07:30:00,1.08379,1.08497,1.08379,1.08437,1656
2025-01-13 07:45:00,1.08457,1.08457,1.08378,1.084,2077
2025-01-13 08:00:00,1.08391,1.08478,1.08352,1.08438,3532
2025-01-13 08:15:00,1.08448,1.08551,1.08333,1.08454,1807
2025-01-13 08:30:00,1.08444,1.08451,1.08357,1.08428,4734
2025-01-13 08:45:00,1.08433,1.0848,1.08433,1.08473,4664
2025-01-13 09:00:00,1.08479,1.08479,1.08389,1.08417,3352
2025-01-13 09:15:00,1.08418,1.08529,1.08355,1.08472,2724
2025-01-13 09:30:00,1.08467,1.08531,1.0839,1.0847,3944
2025-01-13 09:45:00,1.08471,1.08471,1.08414,1.08423,1751
2025-01-13 10:00:00,1.08425,1.08591,1.08425,1.08513,2171
2025-01-13 10:15:00,1.08531,1.08531,1.08399,1.08443,1895
2025-01-13 10:30:00,1.08435,1.08441,1.08411,1.08436,1514
2025-01-13 10:45:00,1.0843,1.08432,1.08425,1.0843,3714
2025-01-13 11:00:00,1.08433,1.08476,1.08422,1.08463,1256
2025-01-13 11:15:00,1.0846,1.08516,1.08432,1.08443,2531
2025-01-13 11:30:00,1.08442,1.08472,1.08442,1.08466,3120
2025-01-13 11:45:00,1.08477,1.0853,1.08403,1.08458,2929
2025-01-13 12:00:00,1.0843,1.08505,1.0843,1.08487,1731
2025-01-13 12:15:00,1.08481,1.08567,1.08448,1.0846,4524
2025-01-13 12:30:00,1.08443,1.08528,1.08341,1.08436,534
2025-01-13 12:45:00,1.08424,1.08505,1.08424,1.08464,4174
2025-01-13 13:00:00,1.08488,1.08488,1.08319,1.08416,520
2025-01-13 13:15:00,1.08422,1.08537,1.08422,1.08488,2812
2025-01-13 13:30:00,1.08497,1.08524,1.08456,1.08461,3971
2025-01-13 13:45:00,1.0846,1.08503,1.08443,1.08487,956
2025-01-13 14:00:00,1.08495,1.08562,1.08495,1.08518,3497
2025-01-13 14:15:00,1.08501,1.08501,1.0847,1.08479,4978
2025-01-13 14:30:00,1.08489,1.08655,1.08489,1.08521,3082
2025-01-13 14:45:00,1.08513,1.08526,1.08474,1.08496,1562
2025-01-13 15:00:00,1.0849,1.08647,1.0849,1.0856,2090
2025-01-13 15:15:00,1.08565,1.08565,1.08517,1.08519,2365
2025-01-13 15:30:00,1.08522,1.08595,1.08453,1.08512,546
2025-01-13 15:45:00,1.08513,1.08577,1.08513,1.08553,4488
2025-01-13 16:00:00,1.08539,1.08556,1.08462,1.0854,2153
2025-01-13 16:15:00,1.08541,1.08596,1.08522,1.08543,544
2025-01-13 16:30:00,1.08553,1.08603,1.08495,1.08557,4870
2025-01-13 16:45:00,1.08552,1.08559,1.0855,1.08558,4264
2025-01-13 17:00:00,1.08571,1.08617,1.08564,1.086,3532
2025-01-13 17:15:00,1.08591,1.0865,1.0846,1.08526,3882
2025-01-13 17:30:00,1.08527,1.08622,1.08527,1.08569,4827
2025-01-13 17:45:00,1.08585,1.08601,1.08541,1.08577,585
2025-01-13 18:00:00,1.0857,1.08635,1.08538,1.08569,3676
2025-01-13 18:15:00,1.08579,1.08642,1.08579,1.08595,4772
2025-01-13 18:30:00,1.08615,1.08615,1.08495,1.08571,2113
2025-01-13 18:45:00,1.08573,1.08635,1.08487,1.08574,3791
2025-01-13 19:00:00,1.08568,1.08625,1.08568,1.08603,1087
2025-01-13 19:15:00,1.08596,1.08599,1.08502,1.08599,1102
2025-01-13 19:30:00,1.08612,1.08612,1.08539,1.08588,4016
2025-01-13 19:45:00,1.08601,1.08639,1.08525,1.08615,1756
2025-01-13 20:00:00,1.0863,1.0863,1.08578,1.08603,2661
2025-01-13 20:15:00,1.08602,1.08637,1.08573,1.08595,3535
2025-01-13 20:30:00,1.08605,1.08633,1.08597,1.08602,2917
2025-01-13 20:45:00,1.08602,1.08654,1.08527,1.08647,3522
2025-01-13 21:00:00,1.08638,1.08638,1.085,1.08554,2619
2025-01-13 21:15:00,1.08565,1.08693,1.08565,1.08639,2900
2025-01-13 21:30:00,1.08655,1.08655,1.08572,1.08631,1309
2025-01-13 21:45:00,1.08621,1.08621,1.08464,1.08599,3288
2025-01-13 22:00:00,1.08589,1.08669,1.08586,1.08639,1137
2025-01-13 22:15:00,1.08639,1.08665,1.08614,1.08644,652
2025-01-13 22:30:00,1.08653,1.08656,1.08634,1.08638,2933
2025-01-13 22:45:00,1.08627,1.08627,1.08549,1.08563,3238
2025-01-13 23:00:00,1.08565,1.08686,1.08565,1.08657,638
2025-01-13 23:15:00,1.08651,1.08651,1.08602,1.0861,1225
2025-01-13 23:30:00,1.08617,1.08671,1.08617,1.08631,4042
2025-01-13 23:45:00,1.08623,1.08629,1.08571,1.08616,2865
2025-01-14 00:00:00,1.08624,1.08625,1.08553,1.0858,518
2025-01-14 00:15:00,1.08578,1.08666,1.08525,1.08601,1936
2025-01-14 00:30:00,1.08592,1.08679,1.08588,1.08594,2461
2025-01-14 00:45:00,1.08595,1.08609,1.08466,1.0857,2954
2025-01-14 01:00:00,1.0855,1.08693,1.08543,1.0863,2351
2025-01-14 01:15:00,1.08624,1.08705,1.08584,1.0861,1362
2025-01-14 01:30:00,1.08614,1.08695,1.0854,1.08618,600
2025-01-14 01:45:00,1.086,1.08683,1.08565,1.08625,1092
2025-01-14 02:00:00,1.08599,1.08624,1.08578,1.0862,4424
2025-01-14 02:15:00,1.08596,1.08651,1.08596,1.08632,4961
2025-01-14 02:30:00,1.08646,1.08646,1.08621,1.08634,3009
2025-01-14 02:45:00,1.08634,1.08634,1.0855,1.08584,2455
2025-01-14 03:00:00,1.08579,1.08651,1.08494,1.08605,2154
2025-01-14 03:15:00,1.08615,1.08679,1.08565,1.08638,4927
2025-01-14 03:30:00,1.08634,1.08723,1.08634,1.08691,2188
2025-01-14 03:45:00,1.08693,1.08741,1.086,1.08656,1410
2025-01-14 04:00:00,1.08656,1.08715,1.08656,1.08686,1681
2025-01-14 04:15:00,1.08681,1.08824,1.08662,1.08672,3456
2025-01-14 04:30:00,1.08675,1.08717,1.08653,1.08669,1104
2025-01-14 04:45:00,1.08677,1.08734,1.08669,1.08677,2870
2025-01-14 05:00:00,1.08675,1.08709,1.08622,1.0868,2510
2025-01-14 05:15:00,1.08676,1.08721,1.08658,1.08696,4635
2025-01-14 05:30:00,1.08693,1.08739,1.08656,1.08706,702
2025-01-14 05:45:00,1.08683,1.08741,1.08654,1.08685,742
2025-01-14 06:00:00,1.08687,1.08698,1.08656,1.08688,2029
2025-01-14 06:15:00,1.08676,1.08745,1.08585,1.08645,4240
2025-01-14 06:30:00,1.08652,1.08679,1.0857,1.08649,3221
2025-01-14 06:45:00,1.08648,1.08648,1.08582,1.08635,1159
2025-01-14 07:00:00,1.08636,1.0867,1.08636,1.08658,1212
2025-01-14 07:15:00,1.08665,1.08713,1.0858,1.08657,4395
2025-01-14 07:30:00,1.08647,1.08701,1.08616,1.08687,1674
2025-01-14 07:45:00,1.0869,1.0869,1.08573,1.08642,746
2025-01-14 08:00:00,1.08644,1.08675,1.0862,1.08654,1230
2025-01-14 08:15:00,1.08652,1.08797,1.08629,1.08675,4427
2025-01-14 08:30:00,1.08666,1.08666,1.08596,1.08613,4443
2025-01-14 08:45:00,1.08619,1.08754,1.08619,1.08696,2060
2025-01-14 09:00:00,1.08703,1.08703,1.08627,1.08653,1484
2025-01-14 09:15:00,1.08654,1.08654,1.08512,1.08611,995
2025-01-14 09:30:00,1.086,1.08699,1.086,1.08656,3162
2025-01-14 09:45:00,1.08651,1.08682,1.08554,1.08643,2626
2025-01-14 10:00:00,1.08643,1.08663,1.08614,1.08637,3075
2025-01-14 10:15:00,1.08644,1.08751,1.08641,1.08662,1582
2025-01-14 10:30:00,1.08646,1.08695,1.08596,1.08645,3253
2025-01-14 10:45:00,1.08639,1.08714,1.08598,1.0864,3458
2025-01-14 11:00:00,1.08636,1.08711,1.08598,1.08643,1043
2025-01-14 11:15:00,1.08643,1.08668,1.08517,1.08637,3563
2025-01-14 11:30:00,1.08624,1.08717,1.08624,1.08677,2402
2025-01-14 11:45:00,1.08675,1.08675,1.08588,1.08624,4814
2025-01-14 12:00:00,1.08621,1.08666,1.08621,1.08658,3671
2025-01-14 12:15:00,1.08647,1.08726,1.08626,1.08653,2650
2025-01-14 12:30:00,1.08652,1.087,1.08651,1.0867,1383
2025-01-14 12:45:00,1.08664,1.08664,1.08636,1.08642,3177
2025-01-14 13:00:00,1.08647,1.08662,1.08616,1.08625,3302
2025-01-14 13:15:00,1.08616,1.08729,1.08616,1.08663,4475
2025-01-14 13:30:00,1.08664,1.08816,1.08658,1.08661,506
2025-01-14 13:45:00,1.08653,1.08682,1.08653,1.0868,2935
2025-01-14 14:00:00,1.08674,1.08674,1.08595,1.08614,2045
2025-01-14 14:15:00,1.08617,1.0874,1.08617,1.08677,2589
2025-01-14 14:30:00,1.0868,1.08738,1.0868,1.08692,4691
2025-01-14 14:45:00,1.08688,1.08688,1.08615,1.08632,2793
2025-01-14 15:00:00,1.08629,1.08629,1.08536,1.08608,4709
2025-01-14 15:15:00,1.08594,1.08709,1.08594,1.08634,3091
2025-01-14 15:30:00,1.08648,1.08668,1.08614,1.0864,4925
2025-01-14 15:45:00,1.08647,1.08687,1.08642,1.08662,4074
2025-01-14 16:00:00,1.08668,1.08668,1.08529,1.08634,4540
2025-01-14 16:15:00,1.08618,1.0874,1.08565,1.08679,3724
2025-01-14 16:30:00,1.08673,1.08673,1.0858,1.08619,1740
2025-01-14 16:45:00,1.08616,1.08694,1.08589,1.08624,4329
2025-01-14 17:00:00,1.08605,1.08725,1.08605,1.08672,3993
2025-01-14 17:15:00,1.08681,1.08681,1.08599,1.08607,4090
2025-01-14 17:30:00,1.08622,1.08699,1.08622,1.08654,1216
2025-01-14 17:45:00,1.08675,1.08732,1.08675,1.08724,763
2025-01-14 18:00:00,1.08714,1.08714,1.08624,1.0866,817
2025-01-14 18:15:00,1.08662,1.08809,1.08623,1.08638,2707
2025-01-14 18:30:00,1.08651,1.08665,1.0865,1.08659,3024
2025-01-14 18:45:00,1.08657,1.08724,1.08604,1.08659,1140
2025-01-14 19:00:00,1.08653,1.087,1.08635,1.08671,1358
2025-01-14 19:15:00,1.08652,1.0873,1.08652,1.08699,4743
2025-01-14 19:30:00,1.0871,1.08741,1.08586,1.08661,1970
2025-01-14 19:45:00,1.0866,1.08713,1.0866,1.08704,1474
2025-01-14 20:00:00,1.08697,1.08697,1.08635,1.08675,1785
2025-01-14 20:15:00,1.08678,1.08782,1.08654,1.08706,551
2025-01-14 20:30:00,1.08707,1.08738,1.08665,1.08672,4853
2025-01-14 20:45:00,1.08674,1.08767,1.08655,1.08724,1519
2025-01-14 21:00:00,1.08722,1.08815,1.08673,1.08707,4122
2025-01-14 21:15:00,1.08723,1.08759,1.08669,1.08713,4843
2025-01-14 21:30:00,1.08712,1.08729,1.08551,1.08693,2412
2025-01-14 21:45:00,1.0871,1.08718,1.08688,1.08705,787
2025-01-14 22:00:00,1.08711,1.08823,1.08693,1.08736,4401
2025-01-14 22:15:00,1.0874,1.08751,1.08677,1.08712,4608
2025-01-14 22:30:00,1.08711,1.08758,1.08628,1.08699,3080
2025-01-14 22:45:00,1.08709,1.08796,1.08666,1.08695,4016
2025-01-14 23:00:00,1.08697,1.08717,1.08697,1.08717,2049
2025-01-14 23:15:00,1.08708,1.08721,1.08668,1.08681,3166
2025-01-14 23:30:00,1.08671,1.08823,1.08647,1.08691,2953
2025-01-14 23:45:00,1.08696,1.08696,1.08653,1.08688,2067
2025-01-15 00:00:00,1.08679,1.08716,1.08603,1.08651,4252
2025-01-15 00:15:00,1.08651,1.08726,1.08541,1.08648,787
2025-01-15 00:30:00,1.08658,1.08713,1.08658,1.08686,2973
2025-01-15 00:45:00,1.0869,1.0869,1.0861,1.08672,935
2025-01-15 01:00:00,1.08664,1.08737,1.08664,1.08692,1489
2025-01-15 01:15:00,1.08706,1.08714,1.08679,1.08693,4059
2025-01-15 01:30:00,1.08698,1.08708,1.08577,1.08698,2905
2025-01-15 01:45:00,1.08708,1.08722,1.08666,1.0871,754
2025-01-15 02:00:00,1.08687,1.08778,1.08679,1.08685,2509
2025-01-15 02:15:00,1.08688,1.08722,1.08676,1.08703,2334
2025-01-15 02:30:00,1.08711,1.08711,1.08648,1.08673,4761
2025-01-15 02:45:00,1.0869,1.0876,1.0869,1.08733,964
2025-01-15 03:00:00,1.08718,1.08758,1.08671,1.08728,4851
2025-01-15 03:15:00,1.0874,1.0874,1.08679,1.08689,922
2025-01-15 03:30:00,1.08705,1.08717,1.08686,1.087,4793
2025-01-15 03:45:00,1.0868,1.08721,1.0868,1.08712,2395
2025-01-15 04:00:00,1.08717,1.08741,1.08657,1.08683,1788
2025-01-15 04:15:00,1.0869,1.08718,1.08603,1.08662,1848
2025-01-15 04:30:00,1.08659,1.08703,1.08659,1.08691,1054
2025-01-15 04:45:00,1.08686,1.08706,1.08611,1.08668,506
2025-01-15 05:00:00,1.08675,1.08675,1.08641,1.08664,2265
2025-01-15 05:15:00,1.08658,1.08658,1.08651,1.08653,2591
2025-01-15 05:30:00,1.08651,1.08668,1.08577,1.08644,3743
2025-01-15 05:45:00,1.08652,1.08697,1.08607,1.08688,3673
2025-01-15 06:00:00,1.08705,1.08759,1.08649,1.08692,2157
2025-01-15 06:15:00,1.08698,1.08698,1.08595,1.08667,1311
2025-01-15 06:30:00,1.08668,1.08716,1.08668,1.08709,1728
2025-01-15 06:45:00,1.08704,1.0874,1.08563,1.08668,2462
2025-01-15 07:00:00,1.08657,1.08694,1.08602,1.08679,990
2025-01-15 07:15:00,1.0869,1.08713,1.08658,1.08701,817
2025-01-15 07:30:00,1.087,1.08744,1.08663,1.08702,4813
2025-01-15 07:45:00,1.08714,1.08718,1.08709,1.08716,3048
2025-01-15 08:00:00,1.08713,1.08713,1.08617,1.08686,2340
2025-01-15 08:15:00,1.0868,1.08732,1.08675,1.08728,1716
2025-01-15 08:30:00,1.08732,1.08751,1.087,1.08745,832
2025-01-15 08:45:00,1.08744,1.0876,1.08696,1.08712,1676
2025-01-15 09:00:00,1.087,1.08751,1.087,1.08731,3100
2025-01-15 09:15:00,1.08749,1.08749,1.08657,1.08674,3594
2025-01-15 09:30:00,1.08668,1.08761,1.08668,1.08701,2763
2025-01-15 09:45:00,1.08711,1.08717,1.0866,1.08705,1566
2025-01-15 10:00:00,1.08713,1.08725,1.0865,1.08692,3932
2025-01-15 10:15:00,1.08679,1.08679,1.08627,1.08656,3290
2025-01-15 10:30:00,1.08646,1.08686,1.08474,1.086,2961
2025-01-15 10:45:00,1.08597,1.08712,1.08597,1.08666,3989
2025-01-15 11:00:00,1.08657,1.08693,1.08657,1.08666,3169
2025-01-15 11:15:00,1.08683,1.08701,1.08656,1.08665,2173
2025-01-15 11:30:00,1.08663,1.08759,1.08649,1.08687,2863
2025-01-15 11:45:00,1.08696,1.08729,1.08609,1.08675,4468
2025-01-15 12:00:00,1.0868,1.08702,1.0865,1.08674,4223
2025-01-15 12:15:00,1.08676,1.08719,1.08648,1.08666,4001
2025-01-15 12:30:00,1.08666,1.08729,1.08646,1.08674,3314
2025-01-15 12:45:00,1.08687,1.08788,1.0868,1.08713,848
2025-01-15 13:00:00,1.08705,1.08705,1.08601,1.08672,2622
2025-01-15 13:15:00,1.08689,1.08689,1.08632,1.08682,4633
2025-01-15 13:30:00,1.08669,1.08708,1.08666,1.08681,4017
2025-01-15 13:45:00,1.08689,1.08732,1.0868,1.0869,711
2025-01-15 14:00:00,1.08676,1.08789,1.08654,1.08696,4029
2025-01-15 14:15:00,1.08693,1.08693,1.08599,1.08618,4136
2025-01-15 14:30:00,1.08619,1.08724,1.08619,1.08699,4600
2025-01-15 14:45:00,1.08695,1.08789,1.08655,1.08707,1766
2025-01-15 15:00:00,1.08705,1.0874,1.08594,1.08665,647
2025-01-15 15:15:00,1.08651,1.08738,1.08607,1.0867,2209
2025-01-15 15:30:00,1.0866,1.08709,1.08627,1.08679,3522
2025-01-15 15:45:00,1.08684,1.08725,1.0864,1.08679,4490
2025-01-15 16:00:00,1.08679,1.08741,1.08634,1.08709,3964
2025-01-15 16:15:00,1.08702,1.08725,1.08666,1.0867,4336
2025-01-15 16:30:00,1.08683,1.0872,1.08655,1.08685,3821
2025-01-15 16:45:00,1.08673,1.08742,1.08673,1.08727,868
2025-01-15 17:00:00,1.08724,1.08785,1.08642,1.08669,4480
2025-01-15 17:15:00,1.08664,1.08729,1.08653,1.08709,1970
2025-01-15 17:30:00,1.08715,1.08715,1.08678,1.08686,3593
2025-01-15 17:45:00,1.08686,1.08686,1.08623,1.0864,3097
2025-01-15 18:00:00,1.08639,1.08726,1.08631,1.08688,3853
2025-01-15 18:15:00,1.0867,1.08718,1.0867,1.08677,1802
2025-01-15 18:30:00,1.08686,1.08737,1.08566,1.08669,3824
2025-01-15 18:45:00,1.08667,1.08687,1.08663,1.08686,2394
2025-01-15 19:00:00,1.08687,1.08718,1.0859,1.0869,4562
2025-01-15 19:15:00,1.08683,1.08754,1.08629,1.08678,3024
2025-01-15 19:30:00,1.08669,1.08797,1.08653,1.08679,1588
2025-01-15 19:45:00,1.08694,1.08726,1.0863,1.08662,1826
2025-01-15 20:00:00,1.08644,1.08644,1.08559,1.08615,4769
2025-01-15 20:15:00,1.08605,1.08659,1.08605,1.08637,1783
2025-01-15 20:30:00,1.08652,1.08758,1.08652,1.08717,3856
2025-01-15 20:45:00,1.08723,1.08723,1.08649,1.08682,1602
2025-01-15 21:00:00,1.08678,1.08736,1.08665,1.08712,1567
2025-01-15 21:15:00,1.08724,1.08823,1.0867,1.08703,1244
2025-01-15 21:30:00,1.08708,1.08731,1.08596,1.0868,3574
2025-01-15 21:45:00,1.08683,1.08741,1.08628,1.08678,2990
2025-01-15 22:00:00,1.0868,1.0868,1.08598,1.08665,2626
2025-01-15 22:15:00,1.0867,1.0867,1.0858,1.08628,4264
2025-01-15 22:30:00,1.08633,1.08698,1.08629,1.08659,3362
2025-01-15 22:45:00,1.08681,1.08708,1.08681,1.08683,3578
2025-01-15 23:00:00,1.08681,1.0875,1.08631,1.08647,1382
2025-01-15 23:15:00,1.08646,1.08703,1.08601,1.08666,3060
2025-01-15 23:30:00,1.08654,1.08706,1.08654,1.08678,4334
2025-01-15 23:45:00,1.08677,1.08677,1.08588,1.08651,3274
2025-01-16 00:00:00,1.0867,1.08673,1.08617,1.08667,576
2025-01-16 00:15:00,1.08677,1.08677,1.08631,1.08642,3614
2025-01-16 00:30:00,1.08637,1.08637,1.08569,1.08625,3728
2025-01-16 00:45:00,1.08625,1.08651,1.08569,1.08622,1512
2025-01-16 01:00:00,1.08609,1.08716,1.08601,1.08618,4785
2025-01-16 01:15:00,1.08608,1.0869,1.08608,1.08661,1374
2025-01-16 01:30:00,1.08663,1.08663,1.08598,1.08604,4857
2025-01-16 01:45:00,1.08599,1.08633,1.08597,1.08609,4056
2025-01-16 02:00:00,1.08599,1.08645,1.0854,1.086,2825
2025-01-16 02:15:00,1.08605,1.08685,1.08534,1.08639,2225
2025-01-16 02:30:00,1.08638,1.08673,1.08595,1.08635,4488
2025-01-16 02:45:00,1.0862,1.0862,1.08592,1.08605,2854
2025-01-16 03:00:00,1.08584,1.08614,1.08543,1.08588,4467
2025-01-16 03:15:00,1.08582,1.08616,1.08557,1.08579,3154
2025-01-16 03:30:00,1.08563,1.08622,1.08511,1.08547,3727
2025-01-16 03:45:00,1.08528,1.08659,1.08528,1.0861,4895
2025-01-16 04:00:00,1.08621,1.08621,1.08512,1.08554,2894
2025-01-16 04:15:00,1.08554,1.08649,1.08554,1.08586,541
2025-01-16 04:30:00,1.08584,1.08635,1.08554,1.08594,2348
2025-01-16 04:45:00,1.08592,1.08596,1.08502,1.08553,2624
2025-01-16 05:00:00,1.08541,1.08595,1.08541,1.08593,4691
2025-01-16 05:15:00,1.08597,1.08638,1.08581,1.08585,3366
2025-01-16 05:30:00,1.08584,1.0862,1.08541,1.08603,2146
2025-01-16 05:45:00,1.08595,1.08663,1.0854,1.0855,704
2025-01-16 06:00:00,1.08544,1.08544,1.08442,1.08529,3834
2025-01-16 06:15:00,1.08517,1.08544,1.08469,1.08536,4159
2025-01-16 06:30:00,1.08532,1.08559,1.08532,1.08548,1154
2025-01-16 06:45:00,1.08545,1.08589,1.08545,1.08557,2862
2025-01-16 07:00:00,1.08553,1.08553,1.08505,1.08536,1892
2025-01-16 07:15:00,1.08536,1.08536,1.08451,1.08491,4168
2025-01-16 07:30:00,1.08491,1.08551,1.08465,1.08549,784
2025-01-16 07:45:00,1.08552,1.08597,1.08552,1.08576,1840
2025-01-16 08:00:00,1.08586,1.08586,1.08485,1.0854,1011
2025-01-16 08:15:00,1.08545,1.08574,1.08545,1.08549,3555
2025-01-16 08:30:00,1.08559,1.08611,1.08527,1.08542,4624
2025-01-16 08:45:00,1.08534,1.0858,1.08413,1.08552,4311
2025-01-16 09:00:00,1.08547,1.08608,1.08514,1.08567,3865
2025-01-16 09:15:00,1.08573,1.08612,1.08548,1.08551,3578
2025-01-16 09:30:00,1.08558,1.08579,1.08547,1.08553,2762
2025-01-16 09:45:00,1.08546,1.08583,1.08489,1.08537,4523
2025-01-16 10:00:00,1.08543,1.08631,1.08502,1.08552,714
2025-01-16 10:15:00,1.08543,1.08575,1.08419,1.08564,3741
2025-01-16 10:30:00,1.08569,1.0857,1.08529,1.08561,2768
2025-01-16 10:45:00,1.08561,1.08668,1.08561,1.08585,3831
2025-01-16 11:00:00,1.08571,1.08632,1.0852,1.08586,2808
2025-01-16 11:15:00,1.08582,1.08618,1.08542,1.08586,2337
2025-01-16 11:30:00,1.08608,1.08616,1.08485,1.08597,1065
2025-01-16 11:45:00,1.086,1.086,1.08539,1.08567,4191
2025-01-16 12:00:00,1.0859,1.0859,1.08498,1.08553,4398
2025-01-16 12:15:00,1.08539,1.08623,1.08482,1.08572,1300
2025-01-16 12:30:00,1.0858,1.08594,1.08534,1.08576,1778
2025-01-16 12:45:00,1.0855,1.0855,1.08445,1.08538,1801
2025-01-16 13:00:00,1.08538,1.08604,1.08538,1.0859,4130
2025-01-16 13:15:00,1.08597,1.08597,1.08544,1.08556,4004
2025-01-16 13:30:00,1.08564,1.08598,1.085,1.08569,1491
2025-01-16 13:45:00,1.08561,1.08641,1.08561,1.08582,3025
2025-01-16 14:00:00,1.08592,1.08592,1.08496,1.08532,2929
2025-01-16 14:15:00,1.08527,1.08608,1.08527,1.08559,3100
2025-01-16 14:30:00,1.08557,1.08557,1.08514,1.08553,3660
2025-01-16 14:45:00,1.08549,1.08595,1.08545,1.08556,2639
2025-01-16 15:00:00,1.08545,1.08595,1.08545,1.08551,876
2025-01-16 15:15:00,1.08566,1.08597,1.08495,1.08592,1604
2025-01-16 15:30:00,1.08592,1.08613,1.08531,1.08538,2647
2025-01-16 15:45:00,1.08549,1.0862,1.08503,1.0857,2113
2025-01-16 16:00:00,1.0858,1.08617,1.08481,1.08514,3347
2025-01-16 16:15:00,1.08505,1.08595,1.08494,1.08572,3967
2025-01-16 16:30:00,1.08584,1.08616,1.08528,1.08578,522
2025-01-16 16:45:00,1.08583,1.08583,1.08542,1.08562,3203
2025-01-16 17:00:00,1.08552,1.08586,1.0853,1.08558,4511
2025-01-16 17:15:00,1.08562,1.08636,1.08562,1.08586,3848
2025-01-16 17:30:00,1.08576,1.08623,1.08574,1.08617,4269
2025-01-16 17:45:00,1.08633,1.08633,1.08528,1.08542,1418
2025-01-16 18:00:00,1.0855,1.08693,1.0855,1.08591,2479
2025-01-16 18:15:00,1.08591,1.08611,1.0853,1.08558,876
2025-01-16 18:30:00,1.08571,1.08595,1.08566,1.08586,1750
2025-01-16 18:45:00,1.08571,1.08601,1.08527,1.08584,1696
2025-01-16 19:00:00,1.08577,1.08629,1.0852,1.08583,2170
2025-01-16 19:15:00,1.08581,1.08612,1.08581,1.08599,3640
2025-01-16 19:30:00,1.08621,1.08621,1.0857,1.08571,3852
2025-01-16 19:45:00,1.08561,1.0862,1.08561,1.08606,3410
2025-01-16 20:00:00,1.08589,1.08591,1.08524,1.0854,1856
2025-01-16 20:15:00,1.08525,1.08615,1.08525,1.08569,2266
2025-01-16 20:30:00,1.08578,1.08616,1.08536,1.08567,1865
2025-01-16 20:45:00,1.08561,1.08592,1.08534,1.08539,2864
2025-01-16 21:00:00,1.08538,1.08584,1.08463,1.08563,4476
2025-01-16 21:15:00,1.08571,1.08571,1.08437,1.08524,4341
2025-01-16 21:30:00,1.08523,1.0859,1.0846,1.08557,3744
2025-01-16 21:45:00,1.08559,1.08584,1.08532,1.08532,1043
2025-01-16 22:00:00,1.08538,1.08593,1.08528,1.08575,3771
2025-01-16 22:15:00,1.08571,1.08571,1.08524,1.08541,4163
2025-01-16 22:30:00,1.08539,1.08611,1.08539,1.08548,1275
2025-01-16 22:45:00,1.0855,1.08621,1.0854,1.08563,2120
2025-01-16 23:00:00,1.08572,1.08679,1.08415,1.08538,4812
2025-01-16 23:15:00,1.0853,1.08605,1.0853,1.08563,1031
2025-01-16 23:30:00,1.08533,1.08583,1.0851,1.08536,1388
2025-01-16 23:45:00,1.08543,1.08605,1.08501,1.08583,2413
2025-01-17 00:00:00,1.08593,1.08673,1.08511,1.0861,4556
2025-01-17 00:15:00,1.08612,1.08641,1.08612,1.08638,892
2025-01-17 00:30:00,1.0864,1.0864,1.08546,1.08583,2121
2025-01-17 00:45:00,1.08578,1.08602,1.08542,1.08585,3957
2025-01-17 01:00:00,1.0859,1.08695,1.08512,1.08535,2863
2025-01-17 01:15:00,1.08544,1.08661,1.08544,1.08594,1848
2025-01-17 01:30:00,1.08595,1.08609,1.08543,1.08573,3360
2025-01-17 01:45:00,1.08598,1.08598,1.08502,1.08551,817
2025-01-17 02:00:00,1.08536,1.08601,1.08535,1.08594,4974
2025-01-17 02:15:00,1.08595,1.08603,1.08554,1.08562,1204
2025-01-17 02:30:00,1.08551,1.086,1.08533,1.08559,4271
2025-01-17 02:45:00,1.08568,1.08596,1.08568,1.08589,1541
2025-01-17 03:00:00,1.08574,1.08615,1.08527,1.08559,3374
2025-01-17 03:15:00,1.08545,1.08623,1.08542,1.08619,4744
2025-01-17 03:30:00,1.08613,1.08623,1.08551,1.08581,3009
2025-01-17 03:45:00,1.08583,1.08583,1.08549,1.08565,4506
2025-01-17 04:00:00,1.08559,1.08615,1.0853,1.08572,4310
2025-01-17 04:15:00,1.08566,1.08608,1.08566,1.08606,3524
2025-01-17 04:30:00,1.08605,1.08625,1.08528,1.08587,2627
2025-01-17 04:45:00,1.08585,1.08585,1.08509,1.08576,3249
2025-01-17 05:00:00,1.08591,1.08608,1.08571,1.08588,743
2025-01-17 05:15:00,1.08595,1.08598,1.08574,1.08588,508
2025-01-17 05:30:00,1.08585,1.08597,1.08539,1.08562,4154
2025-01-17 05:45:00,1.08583,1.08609,1.08523,1.08554,3193
2025-01-17 06:00:00,1.08559,1.08625,1.08559,1.08612,1823
2025-01-17 06:15:00,1.08603,1.08622,1.08465,1.08556,2796
2025-01-17 06:30:00,1.08558,1.08607,1.08532,1.08578,2870
2025-01-17 06:45:00,1.08583,1.08583,1.08531,1.08579,3103
2025-01-17 07:00:00,1.08572,1.08598,1.08506,1.08566,4033
2025-01-17 07:15:00,1.08555,1.08611,1.08555,1.08589,892
2025-01-17 07:30:00,1.08589,1.08641,1.08551,1.08603,1751
2025-01-17 07:45:00,1.08599,1.08672,1.08564,1.08571,3466
2025-01-17 08:00:00,1.08586,1.08627,1.08467,1.08549,4839
2025-01-17 08:15:00,1.08557,1.08648,1.08557,1.08598,3628
2025-01-17 08:30:00,1.08592,1.08638,1.08554,1.08562,1666
2025-01-17 08:45:00,1.08567,1.08622,1.08567,1.08602,3066
2025-01-17 09:00:00,1.08615,1.08615,1.0846,1.0852,3507
2025-01-17 09:15:00,1.08506,1.0862,1.08506,1.0857,692
2025-01-17 09:30:00,1.0856,1.08613,1.0856,1.08596,826
2025-01-17 09:45:00,1.08596,1.08596,1.08544,1.08545,4620
2025-01-17 10:00:00,1.08545,1.08657,1.08459,1.08551,4697
2025-01-17 10:15:00,1.08551,1.08588,1.08544,1.08557,1162
2025-01-17 10:30:00,1.08554,1.08624,1.08428,1.08552,4812
2025-01-17 10:45:00,1.08549,1.08569,1.08522,1.08552,4525
2025-01-17 11:00:00,1.08556,1.08584,1.08508,1.08551,4862
2025-01-17 11:15:00,1.08562,1.08591,1.08528,1.08551,4757
2025-01-17 11:30:00,1.08546,1.08603,1.08545,1.08575,1385
2025-01-17 11:45:00,1.08599,1.08599,1.08541,1.08543,4453
2025-01-17 12:00:00,1.08563,1.08563,1.08471,1.08525,2794
2025-01-17 12:15:00,1.08538,1.08574,1.08538,1.08545,3967
2025-01-17 12:30:00,1.08551,1.08558,1.0837,1.08517,1532
2025-01-17 12:45:00,1.08537,1.08563,1.08433,1.08525,1971
2025-01-17 13:00:00,1.08522,1.08533,1.0852,1.08522,3144
2025-01-17 13:15:00,1.08514,1.08538,1.08514,1.08534,4571
2025-01-17 13:30:00,1.08529,1.08537,1.08474,1.08523,1648
2025-01-17 13:45:00,1.08513,1.08562,1.08508,1.08548,540
2025-01-17 14:00:00,1.0855,1.08634,1.08545,1.08563,4256
2025-01-17 14:15:00,1.08566,1.08688,1.08566,1.08623,4256
2025-01-17 14:30:00,1.08625,1.08625,1.08486,1.08532,3910
2025-01-17 14:45:00,1.08532,1.08597,1.08508,1.08586,3466
2025-01-17 15:00:00,1.08588,1.0865,1.08588,1.08629,4296
2025-01-17 15:15:00,1.08646,1.08646,1.08585,1.0859,3780
2025-01-17 15:30:00,1.08597,1.08633,1.08511,1.08595,3947
2025-01-17 15:45:00,1.08604,1.08607,1.08542,1.0858,584
2025-01-17 16:00:00,1.08582,1.08597,1.08504,1.08561,4802
2025-01-17 16:15:00,1.08545,1.08592,1.08503,1.08524,3918
2025-01-17 16:30:00,1.08506,1.08621,1.08506,1.08577,4756
2025-01-17 16:45:00,1.08598,1.08598,1.08511,1.08563,2663
2025-01-17 17:00:00,1.08558,1.08617,1.08538,1.08561,4957
2025-01-17 17:15:00,1.08555,1.08661,1.08555,1.08577,3459
2025-01-17 17:30:00,1.0858,1.08623,1.08576,1.08611,2730
2025-01-17 17:45:00,1.08617,1.08644,1.08561,1.08621,3223
2025-01-17 18:00:00,1.08628,1.08656,1.08538,1.08569,3139
2025-01-17 18:15:00,1.08587,1.08587,1.08458,1.08539,1530
2025-01-17 18:30:00,1.08554,1.08554,1.08488,1.08522,1430
2025-01-17 18:45:00,1.08514,1.08628,1.08514,1.08552,3159
2025-01-17 19:00:00,1.08562,1.08611,1.08561,1.08589,2321
2025-01-17 19:15:00,1.08585,1.08585,1.08504,1.08551,4309
2025-01-17 19:30:00,1.0855,1.08633,1.08439,1.08499,2093
2025-01-17 19:45:00,1.08488,1.08601,1.08488,1.08573,1620
2025-01-17 20:00:00,1.08556,1.08609,1.08556,1.08587,2181
2025-01-17 20:15:00,1.08586,1.08586,1.08531,1.08538,2424
2025-01-17 20:30:00,1.08529,1.08634,1.08529,1.0857,2940
2025-01-17 20:45:00,1.08579,1.08584,1.0848,1.08566,3942
2025-01-17 21:00:00,1.08563,1.08587,1.08529,1.0855,1707
2025-01-17 21:15:00,1.08553,1.08578,1.08444,1.08543,1666
2025-01-17 21:30:00,1.08557,1.08661,1.08529,1.08592,561
2025-01-17 21:45:00,1.08577,1.08606,1.08489,1.08574,662
2025-01-17 22:00:00,1.08567,1.08636,1.08493,1.08547,1583
2025-01-17 22:15:00,1.08549,1.08553,1.08495,1.08525,738
2025-01-17 22:30:00,1.08528,1.08622,1.08528,1.0859,3115
2025-01-17 22:45:00,1.08601,1.08605,1.08478,1.08561,3293
2025-01-17 23:00:00,1.0857,1.08637,1.08477,1.08552,4286
2025-01-17 23:15:00,1.08553,1.08598,1.08523,1.08538,2540
2025-01-17 23:30:00,1.08541,1.08553,1.08478,1.08531,3612
2025-01-17 23:45:00,1.08534,1.0855,1.08484,1.08505,937
2025-01-18 00:00:00,1.0849,1.08565,1.0848,1.0852,1028
2025-01-18 00:15:00,1.08519,1.08519,1.08446,1.0848,604
2025-01-18 00:30:00,1.08483,1.08547,1.08483,1.08497,4977
2025-01-18 00:45:00,1.08501,1.08501,1.08394,1.08481,1738
2025-01-18 01:00:00,1.08471,1.08651,1.08464,1.08497,4476
2025-01-18 01:15:00,1.08484,1.08516,1.08413,1.08496,2764
2025-01-18 01:30:00,1.08494,1.08557,1.08482,1.08524,650
2025-01-18 01:45:00,1.08544,1.08586,1.0851,1.0853,2293
2025-01-18 02:00:00,1.08522,1.08537,1.0848,1.08518,1130
2025-01-18 02:15:00,1.08529,1.08564,1.08507,1.08508,2467
2025-01-18 02:30:00,1.08524,1.08543,1.08425,1.08489,706
2025-01-18 02:45:00,1.08489,1.08522,1.08441,1.0847,3322
2025-01-18 03:00:00,1.08463,1.08614,1.08425,1.08508,1333
2025-01-18 03:15:00,1.08513,1.08573,1.08513,1.08535,4273
2025-01-18 03:30:00,1.08537,1.08545,1.08467,1.08506,4241
2025-01-18 03:45:00,1.08497,1.08542,1.08497,1.08534,2000
2025-01-18 04:00:00,1.08527,1.08527,1.0845,1.08456,3135
2025-01-18 04:15:00,1.08461,1.08493,1.08425,1.08455,4821
2025-01-18 04:30:00,1.08465,1.08567,1.08423,1.08492,1303
2025-01-18 04:45:00,1.08489,1.08502,1.08404,1.08481,2357
2025-01-18 05:00:00,1.08481,1.08596,1.08431,1.08508,3647
2025-01-18 05:15:00,1.08514,1.08514,1.08439,1.08473,2346
2025-01-18 05:30:00,1.08471,1.08498,1.08342,1.08466,4782
2025-01-18 05:45:00,1.08463,1.08501,1.08442,1.08475,4219
2025-01-18 06:00:00,1.08468,1.08468,1.08409,1.08447,4534
2025-01-18 06:15:00,1.08439,1.08456,1.08433,1.08447,3086
2025-01-18 06:30:00,1.08474,1.08562,1.08375,1.08468,2565
2025-01-18 06:45:00,1.08466,1.0849,1.08451,1.08471,4880
2025-01-18 07:00:00,1.08485,1.085,1.08402,1.08465,3479
2025-01-18 07:15:00,1.08482,1.08482,1.08363,1.0842,4470
2025-01-18 07:30:00,1.08418,1.08476,1.08415,1.08446,3452
2025-01-18 07:45:00,1.0845,1.08474,1.08426,1.08431,1742
2025-01-18 08:00:00,1.08432,1.08495,1.08432,1.08465,3191
2025-01-18 08:15:00,1.08449,1.08528,1.08411,1.08424,2467
2025-01-18 08:30:00,1.08408,1.08433,1.08408,1.08418,2904
2025-01-18 08:45:00,1.08419,1.08483,1.08407,1.08429,755
2025-01-18 09:00:00,1.08425,1.08425,1.08399,1.08416,3155
2025-01-18 09:15:00,1.08435,1.08494,1.08423,1.08446,2336
2025-01-18 09:30:00,1.08444,1.08444,1.08365,1.08404,678
2025-01-18 09:45:00,1.08423,1.08423,1.08367,1.08388,4683
2025-01-18 10:00:00,1.08384,1.08442,1.08299,1.08359,3966
2025-01-18 10:15:00,1.08378,1.08434,1.08374,1.08409,527
2025-01-18 10:30:00,1.08414,1.08483,1.08344,1.08391,3244
2025-01-18 10:45:00,1.08396,1.08428,1.08357,1.08365,553
2025-01-18 11:00:00,1.0836,1.0842,1.0836,1.08417,820
2025-01-18 11:15:00,1.08423,1.08461,1.08374,1.08415,4130
2025-01-18 11:30:00,1.08432,1.08539,1.08375,1.08391,3805
2025-01-18 11:45:00,1.08389,1.08485,1.0837,1.08418,4324
2025-01-18 12:00:00,1.08414,1.08441,1.08266,1.08405,831
2025-01-18 12:15:00,1.08403,1.08406,1.0833,1.0838,2217
2025-01-18 12:30:00,1.08396,1.08405,1.08317,1.08375,4043
2025-01-18 12:45:00,1.08384,1.08429,1.08369,1.08408,816
2025-01-18 13:00:00,1.08422,1.08426,1.08277,1.08391,4051
2025-01-18 13:15:00,1.08394,1.08396,1.08375,1.08386,3408
2025-01-18 13:30:00,1.08386,1.08401,1.08353,1.08355,3417
2025-01-18 13:45:00,1.08359,1.08435,1.08311,1.08359,4816
2025-01-18 14:00:00,1.0837,1.08412,1.08256,1.08334,1862
2025-01-18 14:15:00,1.08331,1.08414,1.08328,1.08353,647
2025-01-18 14:30:00,1.08366,1.08366,1.08324,1.08363,2232
2025-01-18 14:45:00,1.08367,1.08367,1.08262,1.08311,3128
2025-01-18 15:00:00,1.08287,1.08305,1.08281,1.08296,4518
2025-01-18 15:15:00,1.08305,1.08358,1.08305,1.08322,1709
2025-01-18 15:30:00,1.08309,1.0843,1.08309,1.08361,669
2025-01-18 15:45:00,1.0837,1.0837,1.08312,1.08339,2067
2025-01-18 16:00:00,1.08348,1.08373,1.08315,1.08328,4896
2025-01-18 16:15:00,1.08332,1.08333,1.08303,1.0833,3935
2025-01-18 16:30:00,1.08336,1.08434,1.08336,1.08344,2377
2025-01-18 16:45:00,1.08355,1.08376,1.08281,1.08309,4552
2025-01-18 17:00:00,1.08304,1.08372,1.08304,1.08327,3535
2025-01-18 17:15:00,1.08335,1.08337,1.08296,1.08297,3748
2025-01-18 17:30:00,1.08308,1.08328,1.08248,1.08293,4373
2025-01-18 17:45:00,1.08311,1.08368,1.08278,1.0831,2691
2025-01-18 18:00:00,1.08299,1.08339,1.08298,1.08316,1022
2025-01-18 18:15:00,1.0832,1.08387,1.08277,1.08319,4052
2025-01-18 18:30:00,1.0831,1.08325,1.08303,1.08321,3206
2025-01-18 18:45:00,1.08311,1.08311,1.08217,1.08229,3032
2025-01-18 19:00:00,1.08232,1.08345,1.08232,1.08292,1321
2025-01-18 19:15:00,1.08293,1.08334,1.08277,1.08298,4008
2025-01-18 19:30:00,1.0831,1.08457,1.08288,1.08333,694
2025-01-18 19:45:00,1.0833,1.0833,1.0824,1.08306,965
2025-01-18 20:00:00,1.08304,1.0835,1.08304,1.08331,3525
2025-01-18 20:15:00,1.08334,1.08412,1.08297,1.08351,3647
2025-01-18 20:30:00,1.08342,1.08382,1.08276,1.0829,3037
2025-01-18 20:45:00,1.08283,1.08373,1.08281,1.08332,599
2025-01-18 21:00:00,1.08343,1.08379,1.08222,1.08307,615
2025-01-18 21:15:00,1.08302,1.08317,1.08201,1.083,4975
2025-01-18 21:30:00,1.08312,1.0833,1.08268,1.083,3371
2025-01-18 21:45:00,1.08306,1.08332,1.08252,1.08295,2610
2025-01-18 22:00:00,1.0828,1.08407,1.0828,1.08378,1771
2025-01-18 22:15:00,1.08383,1.08417,1.08329,1.08348,3190
2025-01-18 22:30:00,1.08353,1.08379,1.08268,1.08348,1934
2025-01-18 22:45:00,1.08352,1.08415,1.08341,1.08345,2402
2025-01-18 23:00:00,1.08343,1.08343,1.08258,1.08302,3523
2025-01-18 23:15:00,1.08292,1.08437,1.08292,1.08347,3275
2025-01-18 23:30:00,1.08361,1.08401,1.08361,1.08364,3093
2025-01-18 23:45:00,1.08363,1.08406,1.0822,1.08317,4893
2025-01-19 00:00:00,1.08308,1.08405,1.08301,1.08347,4891
2025-01-19 00:15:00,1.08351,1.08351,1.08334,1.08349,4098
2025-01-19 00:30:00,1.08341,1.08479,1.08341,1.08368,4710
2025-01-19 00:45:00,1.08358,1.08358,1.08234,1.08318,4547
2025-01-19 01:00:00,1.08314,1.08322,1.08294,1.08295,3426
2025-01-19 01:15:00,1.08289,1.08386,1.08289,1.08312,3713
2025-01-19 01:30:00,1.08303,1.08447,1.08303,1.08363,3166
2025-01-19 01:45:00,1.08371,1.08371,1.08268,1.08288,2326
2025-01-19 02:00:00,1.08287,1.08297,1.08281,1.08283,1525
2025-01-19 02:15:00,1.08295,1.08356,1.08238,1.08336,1285
2025-01-19 02:30:00,1.08327,1.08399,1.08246,1.08323,4630
2025-01-19 02:45:00,1.08306,1.084,1.08306,1.08335,2300
2025-01-19 03:00:00,1.08336,1.08408,1.08265,1.08344,3789
2025-01-19 03:15:00,1.08362,1.08362,1.08299,1.08316,860
2025-01-19 03:30:00,1.08322,1.08322,1.08251,1.08287,4889
2025-01-19 03:45:00,1.08319,1.08474,1.083,1.08372,3897
2025-01-19 04:00:00,1.08376,1.08386,1.08281,1.0832,1726
2025-01-19 04:15:00,1.08322,1.08369,1.0831,1.08338,3140
2025-01-19 04:30:00,1.08317,1.08404,1.08317,1.08385,4149
2025-01-19 04:45:00,1.08389,1.08444,1.08337,1.08357,4856
2025-01-19 05:00:00,1.08358,1.08431,1.0834,1.08364,3703
2025-01-19 05:15:00,1.08359,1.08382,1.08359,1.08371,2300
2025-01-19 05:30:00,1.08369,1.08408,1.08365,1.08384,3896
2025-01-19 05:45:00,1.08384,1.08384,1.08346,1.08352,1916
2025-01-19 06:00:00,1.08351,1.08493,1.08351,1.0839,4997
2025-01-19 06:15:00,1.08411,1.08411,1.08278,1.08326,835
2025-01-19 06:30:00,1.08323,1.08384,1.08256,1.08375,3509
2025-01-19 06:45:00,1.08377,1.08377,1.08342,1.08351,2461
2025-01-19 07:00:00,1.08347,1.08477,1.08329,1.08405,1343
2025-01-19 07:15:00,1.08413,1.08413,1.08342,1.08378,2140
2025-01-19 07:30:00,1.0838,1.08422,1.08333,1.08344,4640
2025-01-19 07:45:00,1.08341,1.08475,1.08328,1.08365,1624
2025-01-19 08:00:00,1.08346,1.08402,1.08329,1.08379,2809
2025-01-19 08:15:00,1.08381,1.08399,1.08367,1.08373,1264
2025-01-19 08:30:00,1.0837,1.08418,1.08252,1.0833,2200
2025-01-19 08:45:00,1.0833,1.08414,1.08287,1.08336,2839
2025-01-19 09:00:00,1.08325,1.08353,1.08314,1.08352,4227
2025-01-19 09:15:00,1.08366,1.08431,1.08312,1.08354,1592
2025-01-19 09:30:00,1.08363,1.08457,1.08293,1.08367,2104
2025-01-19 09:45:00,1.08382,1.08382,1.08261,1.08308,1769
2025-01-19 10:00:00,1.0832,1.08475,1.0832,1.08351,4832
2025-01-19 10:15:00,1.08357,1.08357,1.08295,1.08331,3902
2025-01-19 10:30:00,1.08319,1.08342,1.08139,1.08332,1030
2025-01-19 10:45:00,1.0835,1.08373,1.08276,1.0833,3290
2025-01-19 11:00:00,1.08321,1.08367,1.08265,1.0835,3012
2025-01-19 11:15:00,1.08347,1.08347,1.08264,1.08293,1752
2025-01-19 11:30:00,1.083,1.08429,1.083,1.08358,4441
2025-01-19 11:45:00,1.08366,1.08366,1.08245,1.08351,2929
2025-01-19 12:00:00,1.08356,1.08466,1.08331,1.08381,4722
2025-01-19 12:15:00,1.08377,1.08377,1.08328,1.08353,1157
2025-01-19 12:30:00,1.08347,1.08392,1.08322,1.08357,2364
2025-01-19 12:45:00,1.08383,1.08437,1.08319,1.08394,1668
2025-01-19 13:00:00,1.08394,1.08408,1.08299,1.08373,3100
2025-01-19 13:15:00,1.08371,1.08454,1.0837,1.0838,2986
2025-01-19 13:30:00,1.08373,1.08393,1.08341,1.08347,2955
2025-01-19 13:45:00,1.0835,1.08424,1.0835,1.08369,3343
2025-01-19 14:00:00,1.08371,1.08389,1.08338,1.08355,2230
2025-01-19 14:15:00,1.08355,1.08393,1.08344,1.08353,4311
2025-01-19 14:30:00,1.08357,1.08468,1.08346,1.08369,4542
2025-01-19 14:45:00,1.08387,1.08387,1.08338,1.08345,3738
2025-01-19 15:00:00,1.08339,1.08483,1.08339,1.08393,3189
2025-01-19 15:15:00,1.08393,1.08393,1.08344,1.08348,3833
2025-01-19 15:30:00,1.08342,1.08407,1.08331,1.08364,3832
2025-01-19 15:45:00,1.08367,1.08411,1.08367,1.08396,1698
2025-01-19 16:00:00,1.0839,1.08414,1.08343,1.08379,1880
2025-01-19 16:15:00,1.08373,1.08373,1.08285,1.08324,1690
2025-01-19 16:30:00,1.08309,1.08413,1.08309,1.08364,1842
2025-01-19 16:45:00,1.08365,1.08395,1.08365,1.08373,2154
2025-01-19 17:00:00,1.08378,1.08411,1.08375,1.08376,3906
2025-01-19 17:15:00,1.08395,1.08414,1.08294,1.0834,1488
2025-01-19 17:30:00,1.08344,1.084,1.08328,1.08353,4045
2025-01-19 17:45:00,1.08349,1.08432,1.08349,1.08395,3716
2025-01-19 18:00:00,1.08381,1.08388,1.08356,1.08362,1577
2025-01-19 18:15:00,1.0835,1.08427,1.08339,1.08369,621
2025-01-19 18:30:00,1.08356,1.08485,1.08356,1.08411,3695
2025-01-19 18:45:00,1.0843,1.0843,1.08344,1.08394,2714
2025-01-19 19:00:00,1.08397,1.08437,1.08369,1.08379,3491
2025-01-19 19:15:00,1.08373,1.08399,1.08356,1.08367,1333
2025-01-19 19:30:00,1.08358,1.08431,1.08358,1.084,2178
2025-01-19 19:45:00,1.08391,1.08418,1.08267,1.08365,2569
2025-01-19 20:00:00,1.08359,1.08409,1.08337,1.08369,2384
2025-01-19 20:15:00,1.08382,1.08416,1.08304,1.08387,4556
2025-01-19 20:30:00,1.08387,1.08417,1.08359,1.08402,2462
2025-01-19 20:45:00,1.08387,1.08499,1.08382,1.08388,4523
2025-01-19 21:00:00,1.08411,1.08411,1.08347,1.08362,907
2025-01-19 21:15:00,1.08351,1.08442,1.08351,1.08401,2869
2025-01-19 21:30:00,1.08395,1.08395,1.08283,1.08377,2662
2025-01-19 21:45:00,1.0839,1.08431,1.08337,1.08355,2819
2025-01-19 22:00:00,1.08359,1.0844,1.08352,1.0838,3739
2025-01-19 22:15:00,1.08375,1.08443,1.08375,1.08409,2392
2025-01-19 22:30:00,1.08397,1.08412,1.08376,1.08389,2797
2025-01-19 22:45:00,1.0838,1.08507,1.08321,1.08391,4338
2025-01-19 23:00:00,1.08382,1.08451,1.08382,1.08416,1989
2025-01-19 23:15:00,1.08416,1.08416,1.0829,1.08363,2552
2025-01-19 23:30:00,1.08365,1.08389,1.08318,1.08361,4509
2025-01-19 23:45:00,1.0836,1.0838,1.08336,1.08361,2400
2025-01-20 00:00:00,1.0836,1.08417,1.0836,1.08403,2321
2025-01-20 00:15:00,1.08393,1.08432,1.0839,1.08413,3410
2025-01-20 00:30:00,1.08416,1.08453,1.08416,1.08439,4860
2025-01-20 00:45:00,1.08452,1.08452,1.08409,1.0841,1772
2025-01-20 01:00:00,1.08408,1.08472,1.0839,1.08397,2386
2025-01-20 01:15:00,1.08395,1.08468,1.08372,1.08402,2332
2025-01-20 01:30:00,1.08403,1.08462,1.08351,1.08411,3366
2025-01-20 01:45:00,1.08422,1.08422,1.08291,1.08362,1196
2025-01-20 02:00:00,1.08353,1.08476,1.08323,1.08441,2864
2025-01-20 02:15:00,1.08455,1.08455,1.08344,1.08388,4714
2025-01-20 02:30:00,1.08392,1.08394,1.08301,1.08389,2269
2025-01-20 02:45:00,1.0839,1.08505,1.0839,1.08411,3341
2025-01-20 03:00:00,1.08423,1.08423,1.08404,1.08412,2749
2025-01-20 03:15:00,1.084,1.08443,1.08374,1.08394,3624
2025-01-20 03:30:00,1.08399,1.08421,1.08335,1.08384,2864
2025-01-20 03:45:00,1.08389,1.0848,1.08389,1.08418,4244
2025-01-20 04:00:00,1.08409,1.0843,1.084,1.08406,1617
2025-01-20 04:15:00,1.08411,1.08414,1.08347,1.08384,3663
2025-01-20 04:30:00,1.08387,1.08555,1.08387,1.08437,1312
2025-01-20 04:45:00,1.08435,1.08453,1.08372,1.08418,537
2025-01-20 05:00:00,1.08427,1.08539,1.08343,1.08428,2960
2025-01-20 05:15:00,1.08423,1.0848,1.08423,1.08449,4838
2025-01-20 05:30:00,1.08452,1.08452,1.08361,1.084,4219
2025-01-20 05:45:00,1.08399,1.08415,1.08399,1.08412,1354
2025-01-20 06:00:00,1.08406,1.08437,1.08406,1.08416,4446
2025-01-20 06:15:00,1.08421,1.08421,1.08313,1.08371,2748
2025-01-20 06:30:00,1.08369,1.08393,1.08356,1.08391,2854
2025-01-20 06:45:00,1.08376,1.08445,1.08373,1.08403,4542
2025-01-20 07:00:00,1.08385,1.08465,1.08356,1.08381,2297
2025-01-20 07:15:00,1.08389,1.08528,1.08389,1.08454,674
2025-01-20 07:30:00,1.08442,1.08442,1.08328,1.08392,2212
2025-01-20 07:45:00,1.08395,1.0841,1.08335,1.08405,3519
2025-01-20 08:00:00,1.08406,1.08566,1.08406,1.08471,3563
2025-01-20 08:15:00,1.08467,1.08482,1.08424,1.08465,1171
2025-01-20 08:30:00,1.08484,1.08484,1.08353,1.08431,1193
2025-01-20 08:45:00,1.08432,1.08463,1.08431,1.08451,1047
2025-01-20 09:00:00,1.08458,1.08468,1.08458,1.08466,1622
2025-01-20 09:15:00,1.08469,1.08487,1.08372,1.0843,3797
2025-01-20 09:30:00,1.08427,1.08538,1.08427,1.085,4486
2025-01-20 09:45:00,1.08499,1.08501,1.083,1.08412,3096
2025-01-20 10:00:00,1.08427,1.08508,1.08414,1.08462,4868
2025-01-20 10:15:00,1.08472,1.0848,1.08468,1.08476,3523
2025-01-20 10:30:00,1.08495,1.08495,1.08412,1.08471,1283
2025-01-20 10:45:00,1.08473,1.08562,1.08434,1.08463,1709
2025-01-20 11:00:00,1.08454,1.08463,1.08384,1.08456,1439
2025-01-20 11:15:00,1.08452,1.08501,1.08452,1.08473,2028
2025-01-20 11:30:00,1.08461,1.08483,1.08428,1.08474,593
2025-01-20 11:45:00,1.08482,1.08492,1.0846,1.0846,1830
2025-01-20 12:00:00,1.08454,1.08485,1.08413,1.08464,2261
2025-01-20 12:15:00,1.08434,1.0845,1.08406,1.08423,2721
2025-01-20 12:30:00,1.08448,1.08467,1.08415,1.08436,3242
2025-01-20 12:45:00,1.0843,1.0843,1.08412,1.08416,1596
2025-01-20 13:00:00,1.0841,1.08532,1.08393,1.08416,2603
2025-01-20 13:15:00,1.08433,1.08481,1.08433,1.08444,3242
2025-01-20 13:30:00,1.08432,1.08432,1.08407,1.08414,2791
2025-01-20 13:45:00,1.08426,1.08473,1.08426,1.08471,4799
2025-01-20 14:00:00,1.08465,1.08465,1.08402,1.08423,4162
2025-01-20 14:15:00,1.0841,1.08464,1.08297,1.0841,515
2025-01-20 14:30:00,1.08427,1.08527,1.08347,1.08408,625
2025-01-20 14:45:00,1.08418,1.08418,1.08314,1.08388,3922
2025-01-20 15:00:00,1.08397,1.08443,1.08284,1.08403,4674
2025-01-20 15:15:00,1.08406,1.08452,1.08406,1.08437,4072
2025-01-20 15:30:00,1.08443,1.08444,1.08358,1.08403,1288
2025-01-20 15:45:00,1.0839,1.08408,1.0836,1.08386,2852
2025-01-20 16:00:00,1.08387,1.08428,1.08331,1.08382,2011
2025-01-20 16:15:00,1.08373,1.08408,1.08373,1.08398,4720
2025-01-20 16:30:00,1.08384,1.08451,1.08384,1.08411,4217
2025-01-20 16:45:00,1.08415,1.0845,1.0839,1.08427,580
2025-01-20 17:00:00,1.08439,1.08439,1.08348,1.08375,2144
2025-01-20 17:15:00,1.08371,1.08427,1.08371,1.08389,674
2025-01-20 17:30:00,1.08387,1.08482,1.08374,1.08408,1175
2025-01-20 17:45:00,1.08396,1.08499,1.08367,1.08369,847
2025-01-20 18:00:00,1.08369,1.0841,1.08309,1.08405,2412
2025-01-20 18:15:00,1.08412,1.08495,1.08373,1.08408,1890
2025-01-20 18:30:00,1.08416,1.08523,1.08369,1.08401,2058
2025-01-20 18:45:00,1.08406,1.08432,1.08406,1.08409,1938
2025-01-20 19:00:00,1.08403,1.08425,1.08344,1.08388,3425
2025-01-20 19:15:00,1.08381,1.08381,1.08352,1.08368,4292
2025-01-20 19:30:00,1.08376,1.08431,1.08376,1.0839,857
2025-01-20 19:45:00,1.08399,1.08467,1.08375,1.08421,3897
2025-01-20 20:00:00,1.08419,1.08487,1.08355,1.08407,1588
2025-01-20 20:15:00,1.08403,1.08403,1.0833,1.08344,792
2025-01-20 20:30:00,1.08356,1.08488,1.08292,1.08391,1490
2025-01-20 20:45:00,1.08387,1.08387,1.08258,1.08378,3902
2025-01-20 21:00:00,1.08385,1.08412,1.0836,1.08398,3076
2025-01-20 21:15:00,1.08397,1.08408,1.08391,1.08395,1319
2025-01-20 21:30:00,1.08384,1.08418,1.08356,1.08404,3990
2025-01-20 21:45:00,1.0842,1.0845,1.08353,1.08398,4725
2025-01-20 22:00:00,1.08399,1.08399,1.08356,1.08367,4120
2025-01-20 22:15:00,1.0836,1.08395,1.08329,1.08356,3928
2025-01-20 22:30:00,1.08342,1.08386,1.08277,1.08364,3007
2025-01-20 22:45:00,1.08351,1.08379,1.08329,1.0837,3489
2025-01-20 23:00:00,1.08366,1.08392,1.08331,1.08377,2424
2025-01-20 23:15:00,1.08396,1.08467,1.08372,1.08384,4856
2025-01-20 23:30:00,1.08378,1.08378,1.08315,1.08356,4144
2025-01-20 23:45:00,1.0837,1.08405,1.08339,1.08367,3707
2025-01-21 00:00:00,1.08366,1.08485,1.08338,1.08383,3156
2025-01-21 00:15:00,1.08371,1.08457,1.08353,1.08391,2184
2025-01-21 00:30:00,1.08386,1.08417,1.08299,1.08359,1750
2025-01-21 00:45:00,1.08346,1.08383,1.08326,1.08368,2312
2025-01-21 01:00:00,1.08359,1.08388,1.08359,1.08376,2342
2025-01-21 01:15:00,1.08367,1.08416,1.08323,1.0835,727
2025-01-21 01:30:00,1.08331,1.08401,1.08331,1.08376,4398
2025-01-21 01:45:00,1.08391,1.08411,1.08383,1.08398,2805
2025-01-21 02:00:00,1.084,1.08405,1.08316,1.08404,3373
2025-01-21 02:15:00,1.08397,1.0844,1.08377,1.08389,3791
2025-01-21 02:30:00,1.08391,1.08455,1.08389,1.08395,1759
2025-01-21 02:45:00,1.08387,1.0846,1.08317,1.08378,3960
2025-01-21 03:00:00,1.08351,1.08445,1.08351,1.084,2892
2025-01-21 03:15:00,1.0843,1.0843,1.08312,1.08386,3197
2025-01-21 03:30:00,1.08388,1.08391,1.08356,1.08383,3014
2025-01-21 03:45:00,1.08377,1.08405,1.08263,1.08381,4784
2025-01-21 04:00:00,1.08362,1.08463,1.08328,1.08387,3939
2025-01-21 04:15:00,1.08372,1.08372,1.08319,1.08365,3669
2025-01-21 04:30:00,1.08382,1.08391,1.08336,1.08384,1164
2025-01-21 04:45:00,1.08399,1.08399,1.08269,1.08365,4616
2025-01-21 05:00:00,1.08372,1.08496,1.08372,1.08407,1683
2025-01-21 05:15:00,1.08395,1.08415,1.08367,1.08397,3132
2025-01-21 05:30:00,1.08412,1.08412,1.08319,1.08361,3565
2025-01-21 05:45:00,1.08365,1.08448,1.08287,1.08374,2389
2025-01-21 06:00:00,1.08381,1.08381,1.08368,1.08369,3618
2025-01-21 06:15:00,1.08373,1.08437,1.08373,1.0838,4818
2025-01-21 06:30:00,1.08365,1.08468,1.08365,1.08422,1459
2025-01-21 06:45:00,1.0841,1.0841,1.08363,1.08391,657
2025-01-21 07:00:00,1.08386,1.08471,1.0823,1.08396,2507
2025-01-21 07:15:00,1.08403,1.08442,1.08376,1.08408,1221
2025-01-21 07:30:00,1.08395,1.08395,1.08316,1.08387,1754
2025-01-21 07:45:00,1.08385,1.08398,1.08365,1.08385,2845
2025-01-21 08:00:00,1.08384,1.0844,1.08376,1.08391,604
2025-01-21 08:15:00,1.08399,1.08417,1.08396,1.08396,2161
2025-01-21 08:30:00,1.08403,1.08403,1.08257,1.08361,1591
2025-01-21 08:45:00,1.0835,1.08434,1.0835,1.08432,1037
2025-01-21 09:00:00,1.08446,1.08526,1.08406,1.08462,3220
2025-01-21 09:15:00,1.0845,1.08509,1.08361,1.08432,1564
2025-01-21 09:30:00,1.08443,1.08451,1.08372,1.08408,2071
2025-01-21 09:45:00,1.08402,1.08416,1.08344,1.08411,3515
2025-01-21 10:00:00,1.08412,1.0846,1.08363,1.08426,3946
2025-01-21 10:15:00,1.08428,1.08479,1.08367,1.08403,1929
2025-01-21 10:30:00,1.08405,1.08486,1.08405,1.0845,741
2025-01-21 10:45:00,1.08457,1.08474,1.08358,1.08459,1862
2025-01-21 11:00:00,1.08463,1.08463,1.08365,1.08412,2567
2025-01-21 11:15:00,1.0842,1.08482,1.08418,1.08448,2378
2025-01-21 11:30:00,1.08453,1.08503,1.08439,1.08456,3388
2025-01-21 11:45:00,1.08444,1.08473,1.08444,1.08463,800
2025-01-21 12:00:00,1.08466,1.08555,1.08405,1.08482,4760
2025-01-21 12:15:00,1.08476,1.08476,1.08407,1.08414,3328
2025-01-21 12:30:00,1.08403,1.08507,1.08403,1.085,4262
2025-01-21 12:45:00,1.08497,1.08497,1.0837,1.08449,4188
2025-01-21 13:00:00,1.08451,1.08557,1.08408,1.08441,2900
2025-01-21 13:15:00,1.08444,1.0846,1.08418,1.08459,3658
2025-01-21 13:30:00,1.0847,1.0847,1.08419,1.08429,1520
2025-01-21 13:45:00,1.08442,1.08469,1.08393,1.08443,2049
2025-01-21 14:00:00,1.08447,1.08476,1.08418,1.08418,3418
2025-01-21 14:15:00,1.08423,1.08498,1.08419,1.08454,1377
2025-01-21 14:30:00,1.08455,1.08514,1.08408,1.08476,3580
2025-01-21 14:45:00,1.08484,1.08544,1.08372,1.08446,4034
2025-01-21 15:00:00,1.08451,1.0852,1.08436,1.08451,4107
2025-01-21 15:15:00,1.0845,1.08529,1.08412,1.08461,1820
2025-01-21 15:30:00,1.08483,1.08513,1.08454,1.0847,3603
2025-01-21 15:45:00,1.08465,1.08465,1.08359,1.08419,3336
2025-01-21 16:00:00,1.08433,1.0849,1.08433,1.08461,2617
2025-01-21 16:15:00,1.08447,1.08468,1.08428,1.08445,1634
2025-01-21 16:30:00,1.08453,1.08495,1.08423,1.0846,3660
2025-01-21 16:45:00,1.08474,1.08527,1.08369,1.08479,4597
2025-01-21 17:00:00,1.0846,1.0846,1.08395,1.08432,3627
2025-01-21 17:15:00,1.08433,1.0844,1.084,1.08436,3217
2025-01-21 17:30:00,1.08443,1.08443,1.08359,1.08419,3091
2025-01-21 17:45:00,1.08421,1.08473,1.08389,1.08445,689
2025-01-21 18:00:00,1.08449,1.08541,1.08449,1.08482,3269
2025-01-21 18:15:00,1.08483,1.08531,1.08461,1.08467,4054
2025-01-21 18:30:00,1.08456,1.08456,1.08397,1.08449,3879
2025-01-21 18:45:00,1.08472,1.08518,1.08435,1.08465,4617
2025-01-21 19:00:00,1.0846,1.0846,1.08446,1.08452,4057
2025-01-21 19:15:00,1.08456,1.08469,1.0843,1.08458,2069
2025-01-21 19:30:00,1.08452,1.08502,1.08407,1.08499,4425
2025-01-21 19:45:00,1.08477,1.08513,1.0846,1.08473,1987
2025-01-21 20:00:00,1.08463,1.08593,1.08463,1.08519,1067
2025-01-21 20:15:00,1.08505,1.08605,1.08422,1.085,4323
2025-01-21 20:30:00,1.08511,1.08511,1.08431,1.08493,4004
2025-01-21 20:45:00,1.08487,1.08499,1.08465,1.08478,3122
2025-01-21 21:00:00,1.08473,1.08525,1.08473,1.08491,1413
2025-01-21 21:15:00,1.0848,1.0856,1.08444,1.08494,547
2025-01-21 21:30:00,1.08495,1.08543,1.08472,1.085,1243
2025-01-21 21:45:00,1.08493,1.08595,1.08433,1.08524,3233
2025-01-21 22:00:00,1.08534,1.08597,1.08447,1.08516,3172
2025-01-21 22:15:00,1.08519,1.08634,1.08471,1.08536,4976
2025-01-21 22:30:00,1.08531,1.08531,1.08479,1.08506,4905
2025-01-21 22:45:00,1.08514,1.0853,1.08508,1.0851,1041
2025-01-21 23:00:00,1.0851,1.08645,1.08435,1.085,1706
2025-01-21 23:15:00,1.085,1.08565,1.08453,1.08493,683
2025-01-21 23:30:00,1.08478,1.08527,1.08478,1.08488,4509
2025-01-21 23:45:00,1.08488,1.0861,1.08424,1.08509,2481
2025-01-22 00:00:00,1.08513,1.08557,1.08415,1.08512,1756
2025-01-22 00:15:00,1.08525,1.08533,1.08487,1.08517,3251
2025-01-22 00:30:00,1.08509,1.08509,1.08372,1.08461,4596
2025-01-22 00:45:00,1.08484,1.086,1.08484,1.08516,4076
2025-01-22 01:00:00,1.08522,1.08609,1.08452,1.08502,4280
2025-01-22 01:15:00,1.08487,1.08544,1.08477,1.08515,782
2025-01-22 01:30:00,1.08506,1.08566,1.08433,1.08466,4100
2025-01-22 01:45:00,1.0848,1.08591,1.08407,1.08486,1709
2025-01-22 02:00:00,1.08499,1.08566,1.08475,1.085,940
2025-01-22 02:15:00,1.08501,1.08501,1.08415,1.08482,4307
2025-01-22 02:30:00,1.08483,1.08525,1.08482,1.08516,973
2025-01-22 02:45:00,1.08504,1.08625,1.08496,1.08536,2357
2025-01-22 03:00:00,1.08549,1.08549,1.08477,1.08504,3279
2025-01-22 03:15:00,1.08494,1.0855,1.08494,1.08535,4887
2025-01-22 03:30:00,1.08544,1.08544,1.08466,1.08527,4842
2025-01-22 03:45:00,1.0854,1.08557,1.08475,1.08537,2441
2025-01-22 04:00:00,1.08538,1.08538,1.08405,1.0848,4783
2025-01-22 04:15:00,1.0849,1.08617,1.08461,1.08578,2046
2025-01-22 04:30:00,1.08597,1.0863,1.08561,1.0857,3855
2025-01-22 04:45:00,1.08573,1.08573,1.08524,1.08537,1056
2025-01-22 05:00:00,1.08535,1.08538,1.08473,1.08507,4842
2025-01-22 05:15:00,1.08507,1.08596,1.08507,1.08551,3977
2025-01-22 05:30:00,1.08544,1.08668,1.08473,1.08521,3730
2025-01-22 05:45:00,1.08513,1.08584,1.08513,1.08557,3838
2025-01-22 06:00:00,1.08562,1.08607,1.08476,1.08563,2326
2025-01-22 06:15:00,1.08562,1.08562,1.08519,1.08535,2698
2025-01-22 06:30:00,1.08538,1.08746,1.08538,1.08581,3856
2025-01-22 06:45:00,1.08566,1.08611,1.08565,1.08576,4575
2025-01-22 07:00:00,1.08576,1.08727,1.08567,1.08591,4719
2025-01-22 07:15:00,1.08601,1.08601,1.08561,1.08573,4311
2025-01-22 07:30:00,1.08562,1.08563,1.08468,1.08532,2394
2025-01-22 07:45:00,1.08532,1.08609,1.08532,1.08592,2252
2025-01-22 08:00:00,1.08573,1.0865,1.08542,1.08561,4301
2025-01-22 08:15:00,1.08548,1.08627,1.08506,1.08535,3155
2025-01-22 08:30:00,1.08543,1.08616,1.08543,1.08587,4018
2025-01-22 08:45:00,1.08584,1.08628,1.08567,1.08615,1980
2025-01-22 09:00:00,1.08633,1.08633,1.085,1.08557,3078
2025-01-22 09:15:00,1.08561,1.08669,1.08497,1.08628,2053
2025-01-22 09:30:00,1.08633,1.08674,1.08509,1.08597,1145
2025-01-22 09:45:00,1.08586,1.08593,1.08563,1.08591,2326
2025-01-22 10:00:00,1.08587,1.08621,1.08581,1.08587,2049
2025-01-22 10:15:00,1.0858,1.08655,1.0858,1.08637,2198
2025-01-22 10:30:00,1.08626,1.08626,1.08451,1.08594,4070
2025-01-22 10:45:00,1.08601,1.08636,1.08595,1.08632,3926
2025-01-22 11:00:00,1.0864,1.0864,1.08576,1.08612,4204
2025-01-22 11:15:00,1.08616,1.08625,1.0857,1.08617,3724
2025-01-22 11:30:00,1.08608,1.08697,1.08608,1.08647,4924
2025-01-22 11:45:00,1.0865,1.08656,1.08611,1.08619,890
2025-01-22 12:00:00,1.086,1.08668,1.08554,1.08619,1781
2025-01-22 12:15:00,1.08632,1.08711,1.08632,1.08661,1006
2025-01-22 12:30:00,1.08648,1.08689,1.08622,1.08677,2222
2025-01-22 12:45:00,1.08665,1.08673,1.08617,1.08636,1457
2025-01-22 13:00:00,1.08637,1.08637,1.08573,1.08617,2234
2025-01-22 13:15:00,1.08619,1.08655,1.08573,1.08623,1262
2025-01-22 13:30:00,1.08622,1.0865,1.08583,1.08637,3055
2025-01-22 13:45:00,1.08626,1.08657,1.08607,1.0864,3111
2025-01-22 14:00:00,1.08652,1.08669,1.08588,1.08625,4193
2025-01-22 14:15:00,1.08608,1.08685,1.08608,1.08669,2259
2025-01-22 14:30:00,1.08654,1.08667,1.08616,1.08652,3389
2025-01-22 14:45:00,1.0865,1.0865,1.08604,1.08621,1842
2025-01-22 15:00:00,1.08608,1.08696,1.08582,1.0863,4580
2025-01-22 15:15:00,1.08643,1.08658,1.08604,1.0863,2136
2025-01-22 15:30:00,1.08618,1.08655,1.08598,1.08635,4009
2025-01-22 15:45:00,1.08651,1.08687,1.08651,1.08683,1049
2025-01-22 16:00:00,1.08694,1.08694,1.08654,1.0866,2505
2025-01-22 16:15:00,1.08672,1.08677,1.08598,1.08644,2683
2025-01-22 16:30:00,1.08663,1.08679,1.08618,1.08673,3065
2025-01-22 16:45:00,1.08674,1.08723,1.08634,1.08668,1258
2025-01-22 17:00:00,1.08658,1.08725,1.08576,1.08678,823
2025-01-22 17:15:00,1.08677,1.08755,1.08668,1.08688,2425
2025-01-22 17:30:00,1.08683,1.08774,1.08648,1.08709,610
2025-01-22 17:45:00,1.08702,1.08751,1.08669,1.08693,2323
2025-01-22 18:00:00,1.08694,1.08767,1.08693,1.08737,4121
2025-01-22 18:15:00,1.08734,1.088,1.08685,1.0873,1638
2025-01-22 18:30:00,1.08723,1.08723,1.08655,1.08702,2220
2025-01-22 18:45:00,1.087,1.08802,1.087,1.08771,1223
2025-01-22 19:00:00,1.08777,1.08777,1.08666,1.08735,2912
2025-01-22 19:15:00,1.08745,1.08745,1.08688,1.08707,1266
2025-01-22 19:30:00,1.08691,1.08767,1.08672,1.08757,3881
2025-01-22 19:45:00,1.08754,1.08767,1.08681,1.08762,2660
2025-01-22 20:00:00,1.0876,1.0876,1.08698,1.08716,1793
2025-01-22 20:15:00,1.08704,1.08718,1.08693,1.08707,2867
2025-01-22 20:30:00,1.08706,1.08821,1.08663,1.08709,4517
2025-01-22 20:45:00,1.08711,1.08767,1.08698,1.08727,4770
2025-01-22 21:00:00,1.08732,1.08849,1.0865,1.08725,2458
2025-01-22 21:15:00,1.08725,1.08739,1.08681,1.08714,4721
2025-01-22 21:30:00,1.08705,1.08711,1.08607,1.08707,1494
2025-01-22 21:45:00,1.08727,1.08796,1.08652,1.0873,2351
2025-01-22 22:00:00,1.08738,1.08741,1.08689,1.08701,3476
2025-01-22 22:15:00,1.08706,1.08832,1.08629,1.08737,4371
2025-01-22 22:30:00,1.08747,1.08747,1.08659,1.087,3723
2025-01-22 22:45:00,1.08702,1.08806,1.08687,1.0871,4510
2025-01-22 23:00:00,1.08723,1.08757,1.08665,1.08695,4794
2025-01-22 23:15:00,1.08695,1.08743,1.08638,1.0869,1722
2025-01-22 23:30:00,1.0869,1.08709,1.08666,1.08692,1976
2025-01-22 23:45:00,1.08699,1.0873,1.08699,1.08727,1440
2025-01-23 00:00:00,1.08743,1.08743,1.08618,1.08685,3751
2025-01-23 00:15:00,1.087,1.087,1.08595,1.08671,1317
2025-01-23 00:30:00,1.08677,1.08756,1.08677,1.08735,4416
2025-01-23 00:45:00,1.0874,1.0874,1.08613,1.08704,2570
2025-01-23 01:00:00,1.08711,1.08711,1.08529,1.08639,1136
2025-01-23 01:15:00,1.08649,1.08725,1.08649,1.0868,2876
2025-01-23 01:30:00,1.08693,1.08712,1.0866,1.08668,4175
2025-01-23 01:45:00,1.08665,1.08728,1.08659,1.08676,3901
2025-01-23 02:00:00,1.08689,1.08702,1.08563,1.0861,3020
2025-01-23 02:15:00,1.08614,1.08754,1.08605,1.08674,3025
2025-01-23 02:30:00,1.0868,1.08687,1.08576,1.0867,3135
2025-01-23 02:45:00,1.08683,1.08744,1.08661,1.08705,4714
2025-01-23 03:00:00,1.08713,1.08713,1.08671,1.08675,759
2025-01-23 03:15:00,1.08684,1.08782,1.08684,1.08707,3496
2025-01-23 03:30:00,1.08704,1.08762,1.08685,1.08706,1255
2025-01-23 03:45:00,1.08721,1.08763,1.08679,1.08738,4601
2025-01-23 04:00:00,1.08745,1.08796,1.08676,1.08742,565
2025-01-23 04:15:00,1.08743,1.08821,1.08712,1.08735,4577
2025-01-23 04:30:00,1.08746,1.0875,1.08687,1.08723,3278
2025-01-23 04:45:00,1.08749,1.08839,1.08749,1.08794,1669
2025-01-23 05:00:00,1.08782,1.08789,1.08683,1.08728,4624
2025-01-23 05:15:00,1.0872,1.08748,1.0872,1.08729,2166
2025-01-23 05:30:00,1.08755,1.08799,1.08696,1.08757,1159
2025-01-23 05:45:00,1.08761,1.08818,1.08715,1.08791,4041
2025-01-23 06:00:00,1.08793,1.08793,1.08721,1.08738,860
2025-01-23 06:15:00,1.08737,1.08766,1.08734,1.08737,4297
2025-01-23 06:30:00,1.08749,1.08774,1.08576,1.0871,2573
2025-01-23 06:45:00,1.08736,1.08799,1.08706,1.0876,3861
2025-01-23 07:00:00,1.08754,1.08762,1.08715,1.08756,2618
2025-01-23 07:15:00,1.08755,1.08802,1.08716,1.08763,4433
2025-01-23 07:30:00,1.0876,1.0876,1.08701,1.08737,4260
2025-01-23 07:45:00,1.08744,1.08744,1.08696,1.08737,676
2025-01-23 08:00:00,1.08749,1.08763,1.08683,1.08724,4540
2025-01-23 08:15:00,1.08741,1.08803,1.08674,1.08755,1812
2025-01-23 08:30:00,1.08763,1.08763,1.08636,1.0874,4499
2025-01-23 08:45:00,1.08765,1.08775,1.08715,1.08733,3547
2025-01-23 09:00:00,1.08727,1.08785,1.08672,1.08744,1030
2025-01-23 09:15:00,1.08736,1.08789,1.08672,1.08743,4055
2025-01-23 09:30:00,1.08757,1.08757,1.08704,1.08733,4005
2025-01-23 09:45:00,1.08734,1.08795,1.08704,1.08748,3917
2025-01-23 10:00:00,1.08734,1.08813,1.08699,1.08738,4150
2025-01-23 10:15:00,1.08735,1.08776,1.08684,1.0874,1761
2025-01-23 10:30:00,1.08742,1.0886,1.08691,1.08753,3386
2025-01-23 10:45:00,1.08746,1.08783,1.08626,1.08733,4888
2025-01-23 11:00:00,1.08722,1.08817,1.08722,1.08763,755
2025-01-23 11:15:00,1.08761,1.08801,1.08738,1.08765,2278
2025-01-23 11:30:00,1.08754,1.0878,1.08699,1.08736,4860
2025-01-23 11:45:00,1.08743,1.08825,1.08743,1.08787,2480
2025-01-23 12:00:00,1.08768,1.08768,1.08667,1.08754,2087
2025-01-23 12:15:00,1.08755,1.08799,1.08683,1.0877,4052
2025-01-23 12:30:00,1.08775,1.08807,1.08742,1.08774,900
2025-01-23 12:45:00,1.08773,1.08817,1.08745,1.0877,4137
2025-01-23 13:00:00,1.08781,1.08814,1.08758,1.08765,1714
2025-01-23 13:15:00,1.08751,1.08812,1.08722,1.08766,1647
2025-01-23 13:30:00,1.08759,1.08807,1.08759,1.08802,4448
2025-01-23 13:45:00,1.08799,1.08818,1.08774,1.08808,2950
2025-01-23 14:00:00,1.08815,1.08832,1.0878,1.08785,3893
2025-01-23 14:15:00,1.08787,1.08798,1.08725,1.08784,3642
2025-01-23 14:30:00,1.08806,1.08869,1.08734,1.08755,1373
2025-01-23 14:45:00,1.08747,1.08824,1.08747,1.08799,873
2025-01-23 15:00:00,1.08785,1.08823,1.08735,1.08801,1694
2025-01-23 15:15:00,1.08819,1.08865,1.08819,1.08837,4027
2025-01-23 15:30:00,1.08822,1.0885,1.08809,1.08822,3981
2025-01-23 15:45:00,1.08828,1.08873,1.08828,1.08839,4896
2025-01-23 16:00:00,1.08829,1.08836,1.08787,1.088,2649
2025-01-23 16:15:00,1.0878,1.08935,1.0878,1.08843,2557
2025-01-23 16:30:00,1.0884,1.0884,1.08655,1.088,3612
2025-01-23 16:45:00,1.08809,1.08841,1.0875,1.0881,2917
2025-01-23 17:00:00,1.08797,1.08797,1.08672,1.08762,625
2025-01-23 17:15:00,1.08768,1.08813,1.08757,1.08788,3332
2025-01-23 17:30:00,1.08795,1.0881,1.08688,1.08741,4978
2025-01-23 17:45:00,1.08728,1.08839,1.08728,1.08776,949
2025-01-23 18:00:00,1.08773,1.08821,1.08773,1.08788,1509
2025-01-23 18:15:00,1.08804,1.0881,1.08732,1.08782,4278
2025-01-23 18:30:00,1.08788,1.08788,1.08773,1.08775,1441
2025-01-23 18:45:00,1.08773,1.08831,1.08773,1.08817,4103
2025-01-23 19:00:00,1.08822,1.0888,1.08739,1.08805,4480
2025-01-23 19:15:00,1.08798,1.0881,1.08746,1.0879,4868
2025-01-23 19:30:00,1.08801,1.08815,1.0878,1.0881,1001
2025-01-23 19:45:00,1.08821,1.08894,1.0881,1.08863,4318
2025-01-23 20:00:00,1.08864,1.08875,1.08792,1.0884,1750
2025-01-23 20:15:00,1.08843,1.08879,1.08742,1.08833,2888
2025-01-23 20:30:00,1.08823,1.08823,1.08721,1.08808,2819
2025-01-23 20:45:00,1.08795,1.08822,1.08775,1.08811,3695
2025-01-23 21:00:00,1.08807,1.08872,1.08669,1.08764,3457
2025-01-23 21:15:00,1.08763,1.08814,1.08753,1.08793,1696
2025-01-23 21:30:00,1.08803,1.08841,1.08713,1.08791,3774
2025-01-23 21:45:00,1.088,1.088,1.08732,1.08774,1556
2025-01-23 22:00:00,1.08776,1.08817,1.08753,1.0878,2758
2025-01-23 22:15:00,1.08792,1.08892,1.08752,1.08778,3548
2025-01-23 22:30:00,1.08769,1.08902,1.08769,1.08811,3622
2025-01-23 22:45:00,1.08822,1.08859,1.08809,1.08835,2406
2025-01-23 23:00:00,1.08827,1.08897,1.08777,1.0884,3439
2025-01-23 23:15:00,1.08852,1.08944,1.08809,1.08832,3978
2025-01-23 23:30:00,1.08832,1.08841,1.08721,1.08802,1040
2025-01-23 23:45:00,1.08782,1.08806,1.08775,1.08783,1017
2025-01-24 00:00:00,1.0879,1.088,1.08765,1.08788,4728
2025-01-24 00:15:00,1.08796,1.08815,1.08726,1.08791,923
2025-01-24 00:30:00,1.08786,1.08933,1.08786,1.08806,1357
2025-01-24 00:45:00,1.08802,1.08837,1.08802,1.08818,4677
2025-01-24 01:00:00,1.08816,1.08827,1.08785,1.088,3336
2025-01-24 01:15:00,1.08781,1.08901,1.08776,1.08821,2252
2025-01-24 01:30:00,1.08797,1.0883,1.08766,1.0879,2166
2025-01-24 01:45:00,1.08803,1.08838,1.08729,1.08795,2363
2025-01-24 02:00:00,1.08787,1.08972,1.08787,1.08838,4961
2025-01-24 02:15:00,1.08857,1.08857,1.08787,1.08799,2913
2025-01-24 02:30:00,1.08813,1.08878,1.08746,1.08833,2618
2025-01-24 02:45:00,1.08848,1.08854,1.08784,1.08823,4921
2025-01-24 03:00:00,1.08817,1.08926,1.08765,1.08818,1849
2025-01-24 03:15:00,1.08802,1.08861,1.08778,1.08848,3391
2025-01-24 03:30:00,1.08838,1.08848,1.0866,1.0884,1570
2025-01-24 03:45:00,1.08836,1.08882,1.08812,1.08814,2253
2025-01-24 04:00:00,1.0879,1.08851,1.08765,1.08836,2636
2025-01-24 04:15:00,1.08832,1.08952,1.08802,1.08853,4358
2025-01-24 04:30:00,1.08851,1.08881,1.08797,1.08846,1920
2025-01-24 04:45:00,1.08833,1.08901,1.08776,1.08865,3987
2025-01-24 05:00:00,1.08854,1.08933,1.08845,1.08865,3441
2025-01-24 05:15:00,1.08863,1.08954,1.08863,1.08903,4765
2025-01-24 05:30:00,1.08906,1.08906,1.08818,1.08834,1888
2025-01-24 05:45:00,1.08825,1.08887,1.08825,1.08858,1119
2025-01-24 06:00:00,1.08861,1.08867,1.08829,1.08845,3899
2025-01-24 06:15:00,1.08846,1.08932,1.08811,1.08889,1756
2025-01-24 06:30:00,1.08889,1.08955,1.08812,1.08836,4218
2025-01-24 06:45:00,1.08829,1.08882,1.08829,1.08864,1510
2025-01-24 07:00:00,1.08851,1.08855,1.08839,1.08847,3183
2025-01-24 07:15:00,1.08864,1.08875,1.08835,1.08847,925
2025-01-24 07:30:00,1.08853,1.08873,1.08739,1.08835,4524
2025-01-24 07:45:00,1.08845,1.0886,1.08829,1.08858,716
2025-01-24 08:00:00,1.08857,1.08954,1.08854,1.08888,1109
2025-01-24 08:15:00,1.08887,1.08976,1.08807,1.08879,4953
2025-01-24 08:30:00,1.08884,1.08937,1.08823,1.08881,685
2025-01-24 08:45:00,1.08862,1.09015,1.08838,1.08896,1224
2025-01-24 09:00:00,1.08885,1.08904,1.08867,1.08868,1323
2025-01-24 09:15:00,1.0886,1.0886,1.08736,1.0884,2267
2025-01-24 09:30:00,1.08835,1.08869,1.08835,1.0886,2477
2025-01-24 09:45:00,1.08851,1.08866,1.08767,1.08854,4389
2025-01-24 10:00:00,1.08857,1.08914,1.08788,1.08856,1684
2025-01-24 10:15:00,1.08857,1.08863,1.088,1.08839,4879
2025-01-24 10:30:00,1.08853,1.08907,1.08796,1.08879,683
2025-01-24 10:45:00,1.08903,1.08903,1.08793,1.08848,4108
2025-01-24 11:00:00,1.08836,1.08955,1.08826,1.08858,4266
2025-01-24 11:15:00,1.08859,1.08869,1.08778,1.08832,2119
2025-01-24 11:30:00,1.08833,1.08935,1.08833,1.08873,4826
2025-01-24 11:45:00,1.08873,1.08884,1.08849,1.08854,2935
2025-01-24 12:00:00,1.08843,1.08912,1.08841,1.08859,1234
2025-01-24 12:15:00,1.0885,1.08898,1.08843,1.08882,657
2025-01-24 12:30:00,1.08885,1.08891,1.08848,1.08885,1841
2025-01-24 12:45:00,1.08876,1.08961,1.08866,1.08879,3992
2025-01-24 13:00:00,1.08881,1.0891,1.08841,1.08858,3754
2025-01-24 13:15:00,1.08855,1.08956,1.08855,1.08946,1575
2025-01-24 13:30:00,1.08947,1.08947,1.08906,1.08916,2361
2025-01-24 13:45:00,1.08906,1.08912,1.08845,1.08886,3129
2025-01-24 14:00:00,1.08888,1.08888,1.08853,1.08855,3464
2025-01-24 14:15:00,1.08847,1.08977,1.08847,1.08873,1388
2025-01-24 14:30:00,1.08875,1.08938,1.0886,1.08873,1633
2025-01-24 14:45:00,1.08887,1.08983,1.08821,1.0891,4738
2025-01-24 15:00:00,1.08912,1.08949,1.08881,1.08888,4802
2025-01-24 15:15:00,1.08891,1.08964,1.08819,1.08869,665
2025-01-24 15:30:00,1.08877,1.08949,1.08858,1.08869,4256
2025-01-24 15:45:00,1.08855,1.08962,1.08855,1.08919,4989
2025-01-24 16:00:00,1.08936,1.08991,1.08911,1.08916,620
2025-01-24 16:15:00,1.08906,1.09011,1.08906,1.08917,3497
2025-01-24 16:30:00,1.08926,1.08999,1.08905,1.08919,3711
2025-01-24 16:45:00,1.08926,1.08926,1.08852,1.089,2475
2025-01-24 17:00:00,1.08891,1.08891,1.08766,1.08839,3655
2025-01-24 17:15:00,1.08849,1.08987,1.08849,1.08908,920
2025-01-24 17:30:00,1.08913,1.08913,1.08856,1.08901,2229
2025-01-24 17:45:00,1.0892,1.08946,1.08878,1.08916,3335
2025-01-24 18:00:00,1.08918,1.08918,1.08889,1.08897,4863
2025-01-24 18:15:00,1.08896,1.08906,1.08844,1.08883,2585
2025-01-24 18:30:00,1.08877,1.08932,1.08874,1.0891,2885
2025-01-24 18:45:00,1.08892,1.08919,1.0887,1.0891,2277
2025-01-24 19:00:00,1.08906,1.09006,1.08865,1.08908,2877
2025-01-24 19:15:00,1.08905,1.08965,1.08864,1.08919,4794
2025-01-24 19:30:00,1.08921,1.08971,1.0888,1.089,3357
2025-01-24 19:45:00,1.08885,1.08893,1.08883,1.08884,4600
2025-01-24 20:00:00,1.08881,1.08924,1.08881,1.08907,1955
2025-01-24 20:15:00,1.08913,1.08956,1.08807,1.089,1488
2025-01-24 20:30:00,1.08907,1.08959,1.08817,1.08903,2390
2025-01-24 20:45:00,1.08884,1.08927,1.08884,1.08916,2982
2025-01-24 21:00:00,1.08923,1.08923,1.08904,1.08913,1149
2025-01-24 21:15:00,1.08911,1.08965,1.0888,1.08942,2328
2025-01-24 21:30:00,1.08941,1.08946,1.08823,1.08941,2928
2025-01-24 21:45:00,1.08917,1.08917,1.08877,1.08903,2817
2025-01-24 22:00:00,1.08917,1.08917,1.0882,1.08839,546
2025-01-24 22:15:00,1.08841,1.08949,1.08841,1.0894,4960
2025-01-24 22:30:00,1.08924,1.08977,1.08902,1.0891,2615
2025-01-24 22:45:00,1.08914,1.08914,1.08823,1.08895,2754
2025-01-24 23:00:00,1.08899,1.08965,1.08863,1.08896,572
2025-01-24 23:15:00,1.08909,1.08914,1.08852,1.089,3957
2025-01-24 23:30:00,1.08897,1.08992,1.08897,1.08933,2522
2025-01-24 23:45:00,1.08933,1.08933,1.08823,1.08893,4585
2025-01-25 00:00:00,1.08887,1.08942,1.08797,1.08901,2577
2025-01-25 00:15:00,1.08907,1.08959,1.08853,1.0893,1526
2025-01-25 00:30:00,1.08922,1.08933,1.08908,1.08926,2043
2025-01-25 00:45:00,1.08917,1.09017,1.08917,1.08931,4996
2025-01-25 01:00:00,1.08931,1.08969,1.089,1.0891,2536
2025-01-25 01:15:00,1.08898,1.08911,1.08885,1.08903,1347
2025-01-25 01:30:00,1.08919,1.08945,1.08809,1.0891,4580
2025-01-25 01:45:00,1.08929,1.08947,1.08886,1.08927,1995
2025-01-25 02:00:00,1.08922,1.08951,1.08902,1.08949,1434
2025-01-25 02:15:00,1.08935,1.08935,1.08878,1.08878,1895
2025-01-25 02:30:00,1.08881,1.0897,1.08881,1.08932,1038
2025-01-25 02:45:00,1.08927,1.0898,1.08849,1.08908,3919
2025-01-25 03:00:00,1.0892,1.08939,1.08826,1.08899,570
2025-01-25 03:15:00,1.08891,1.08993,1.08891,1.08947,755
2025-01-25 03:30:00,1.08952,1.08991,1.08904,1.08944,2694
2025-01-25 03:45:00,1.08945,1.08969,1.08923,1.08941,1401
2025-01-25 04:00:00,1.08935,1.09003,1.08935,1.08946,1169
2025-01-25 04:15:00,1.08948,1.09014,1.08919,1.08929,2383
2025-01-25 04:30:00,1.08938,1.09032,1.08907,1.08941,639
2025-01-25 04:45:00,1.08942,1.09001,1.08942,1.08989,3202
2025-01-25 05:00:00,1.0899,1.0899,1.08897,1.08926,3168
2025-01-25 05:15:00,1.08917,1.08984,1.08909,1.08954,1946
2025-01-25 05:30:00,1.08965,1.08965,1.08929,1.08934,3418
2025-01-25 05:45:00,1.08944,1.08944,1.08839,1.08903,4403
2025-01-25 06:00:00,1.08899,1.08946,1.08848,1.08884,4659
2025-01-25 06:15:00,1.08883,1.08936,1.08761,1.08921,1794
2025-01-25 06:30:00,1.08935,1.08971,1.08919,1.08944,1367
2025-01-25 06:45:00,1.08932,1.08981,1.08932,1.08944,3382
2025-01-25 07:00:00,1.08951,1.08965,1.0894,1.08947,1916
2025-01-25 07:15:00,1.08942,1.08942,1.08803,1.08902,3572
2025-01-25 07:30:00,1.0892,1.09,1.0892,1.08951,3832
2025-01-25 07:45:00,1.08951,1.08951,1.08878,1.08905,3082
2025-01-25 08:00:00,1.08917,1.08952,1.08847,1.08929,858
2025-01-25 08:15:00,1.08922,1.08939,1.08911,1.0893,2000
2025-01-25 08:30:00,1.08917,1.09029,1.08917,1.08942,2438
2025-01-25 08:45:00,1.0894,1.08969,1.08921,1.0896,1314
2025-01-25 09:00:00,1.08963,1.08967,1.08892,1.08932,1095
2025-01-25 09:15:00,1.08927,1.08937,1.0883,1.0892,726
2025-01-25 09:30:00,1.08928,1.09016,1.08877,1.0894,3495
2025-01-25 09:45:00,1.08938,1.08938,1.08878,1.08921,4335
2025-01-25 10:00:00,1.08901,1.0902,1.08901,1.08995,3818
2025-01-25 10:15:00,1.09001,1.09001,1.08924,1.08949,2564
2025-01-25 10:30:00,1.0894,1.09043,1.08926,1.08926,2851
2025-01-25 10:45:00,1.08922,1.08932,1.08867,1.08925,2037
2025-01-25 11:00:00,1.08941,1.08949,1.08897,1.08897,1864
2025-01-25 11:15:00,1.08915,1.08956,1.08887,1.08914,3328
2025-01-25 11:30:00,1.08908,1.0902,1.08884,1.08927,1584
2025-01-25 11:45:00,1.08933,1.08972,1.08925,1.08956,766
2025-01-25 12:00:00,1.0895,1.08999,1.08939,1.08957,1770
2025-01-25 12:15:00,1.08954,1.08997,1.08841,1.08936,534
2025-01-25 12:30:00,1.08929,1.08954,1.08832,1.08904,567
2025-01-25 12:45:00,1.08886,1.08923,1.08886,1.08917,688
2025-01-25 13:00:00,1.08918,1.08939,1.08897,1.08905,4636
2025-01-25 13:15:00,1.08907,1.08956,1.08882,1.08952,1182
2025-01-25 13:30:00,1.08946,1.08947,1.08884,1.08924,3454
2025-01-25 13:45:00,1.08935,1.08963,1.08803,1.08917,3638
2025-01-25 14:00:00,1.08913,1.08913,1.08827,1.0888,1831
2025-01-25 14:15:00,1.08874,1.08949,1.08874,1.0893,3690
2025-01-25 14:30:00,1.08935,1.08964,1.08847,1.08936,1352
2025-01-25 14:45:00,1.08921,1.08943,1.08855,1.089,3558
2025-01-25 15:00:00,1.08909,1.08921,1.08867,1.08902,1256
2025-01-25 15:15:00,1.08898,1.08974,1.08898,1.08932,4496
2025-01-25 15:30:00,1.08942,1.08942,1.08875,1.0889,2194
2025-01-25 15:45:00,1.08902,1.08983,1.08902,1.08936,1807
2025-01-25 16:00:00,1.08942,1.08968,1.08857,1.08899,3095
2025-01-25 16:15:00,1.0889,1.09006,1.08888,1.08901,1718
2025-01-25 16:30:00,1.08889,1.08953,1.08859,1.08878,983
2025-01-25 16:45:00,1.08863,1.08924,1.08831,1.08899,4488
2025-01-25 17:00:00,1.0891,1.08976,1.08894,1.08946,4049
2025-01-25 17:15:00,1.08944,1.08956,1.08869,1.08903,1621
2025-01-25 17:30:00,1.08897,1.08911,1.0882,1.08875,781
2025-01-25 17:45:00,1.08873,1.08932,1.08873,1.08918,1129
2025-01-25 18:00:00,1.08929,1.08954,1.08836,1.08875,2966
2025-01-25 18:15:00,1.08883,1.08974,1.08877,1.08903,4818
2025-01-25 18:30:00,1.08907,1.08909,1.08888,1.08901,4675
2025-01-25 18:45:00,1.08907,1.08907,1.08801,1.08817,3229
2025-01-25 19:00:00,1.08819,1.08871,1.08736,1.08852,3964
2025-01-25 19:15:00,1.08855,1.08995,1.08855,1.08894,2881
2025-01-25 19:30:00,1.08897,1.08914,1.08853,1.08884,3436
2025-01-25 19:45:00,1.08884,1.08884,1.08761,1.08858,1851
2025-01-25 20:00:00,1.08866,1.08871,1.08818,1.08861,2805
2025-01-25 20:15:00,1.08865,1.0891,1.08792,1.08846,3938
2025-01-25 20:30:00,1.08838,1.08965,1.08838,1.08896,1336
2025-01-25 20:45:00,1.08901,1.08979,1.08901,1.0895,3949
2025-01-25 21:00:00,1.08952,1.08964,1.0887,1.08922,2566
2025-01-25 21:15:00,1.08928,1.08956,1.08925,1.08942,3501
2025-01-25 21:30:00,1.08941,1.08941,1.08898,1.08909,932
2025-01-25 21:45:00,1.08917,1.08937,1.08884,1.08916,4847
2025-01-25 22:00:00,1.08915,1.08955,1.08882,1.08937,4414
2025-01-25 22:15:00,1.08945,1.0896,1.08813,1.08916,4133
2025-01-25 22:30:00,1.08912,1.08994,1.08903,1.08909,3457
2025-01-25 22:45:00,1.08906,1.09042,1.08874,1.08921,3285
2025-01-25 23:00:00,1.08927,1.08945,1.0892,1.08937,720
2025-01-25 23:15:00,1.08934,1.08934,1.08852,1.0889,2660
2025-01-25 23:30:00,1.08912,1.08955,1.08823,1.08882,2744
2025-01-25 23:45:00,1.08887,1.08973,1.08876,1.089,4308
2025-01-26 00:00:00,1.08901,1.08946,1.08901,1.0893,1279
2025-01-26 00:15:00,1.08938,1.08988,1.08892,1.08953,2762
2025-01-26 00:30:00,1.08948,1.08971,1.08872,1.08913,1539
2025-01-26 00:45:00,1.08922,1.08991,1.08876,1.08977,2780
2025-01-26 01:00:00,1.08986,1.08986,1.08905,1.0893,2303
2025-01-26 01:15:00,1.08943,1.08945,1.08893,1.08944,1888
2025-01-26 01:30:00,1.0894,1.0894,1.08849,1.08928,4008
2025-01-26 01:45:00,1.08916,1.09045,1.08916,1.09014,2618
2025-01-26 02:00:00,1.09007,1.09007,1.08958,1.08966,4283
2025-01-26 02:15:00,1.08963,1.08963,1.08941,1.08947,4555
2025-01-26 02:30:00,1.08964,1.09026,1.08956,1.08986,2082
2025-01-26 02:45:00,1.09008,1.09008,1.08925,1.08987,4517
2025-01-26 03:00:00,1.0899,1.09015,1.08957,1.08973,3945
2025-01-26 03:15:00,1.08974,1.09018,1.08929,1.08988,957
2025-01-26 03:30:00,1.08985,1.08985,1.0889,1.0895,4806
2025-01-26 03:45:00,1.08958,1.09016,1.08873,1.08947,3318
2025-01-26 04:00:00,1.08969,1.08975,1.08866,1.08919,3831
2025-01-26 04:15:00,1.08937,1.08962,1.08896,1.08938,1176
2025-01-26 04:30:00,1.0895,1.09092,1.0895,1.09004,2642
2025-01-26 04:45:00,1.09015,1.09026,1.08956,1.09013,1913
2025-01-26 05:00:00,1.09021,1.09121,1.08956,1.08981,1405
2025-01-26 05:15:00,1.0898,1.09027,1.0898,1.09017,3891
2025-01-26 05:30:00,1.0901,1.0901,1.08971,1.08971,4491
2025-01-26 05:45:00,1.08971,1.09096,1.08909,1.08965,2722
2025-01-26 06:00:00,1.0897,1.09043,1.08904,1.08976,611
2025-01-26 06:15:00,1.08961,1.09014,1.08919,1.08978,3879
2025-01-26 06:30:00,1.08977,1.0899,1.0891,1.08973,4373
2025-01-26 06:45:00,1.08965,1.0901,1.08934,1.08999,3651
2025-01-26 07:00:00,1.09009,1.0903,1.08921,1.08966,2444
2025-01-26 07:15:00,1.0896,1.09027,1.08918,1.08973,3000
2025-01-26 07:30:00,1.08977,1.09033,1.08958,1.08986,912
2025-01-26 07:45:00,1.08979,1.09031,1.08949,1.08977,4568
2025-01-26 08:00:00,1.08993,1.08993,1.08952,1.08953,3151
2025-01-26 08:15:00,1.08936,1.0897,1.08874,1.08944,685
2025-01-26 08:30:00,1.08949,1.0902,1.08878,1.08973,2076
2025-01-26 08:45:00,1.08961,1.09021,1.08948,1.08961,3658
2025-01-26 09:00:00,1.08956,1.09044,1.08838,1.08971,4577
2025-01-26 09:15:00,1.08973,1.0903,1.08956,1.08971,550
2025-01-26 09:30:00,1.08973,1.0905,1.08973,1.09026,1669
2025-01-26 09:45:00,1.09028,1.09028,1.08931,1.08942,4950
2025-01-26 10:00:00,1.08944,1.08972,1.08874,1.08911,535
2025-01-26 10:15:00,1.08904,1.08977,1.08904,1.08965,776
2025-01-26 10:30:00,1.08963,1.0898,1.08884,1.08946,2964
2025-01-26 10:45:00,1.08946,1.09043,1.08907,1.08952,1388
2025-01-26 11:00:00,1.08954,1.09014,1.08945,1.08962,903
2025-01-26 11:15:00,1.08961,1.09006,1.08918,1.08971,3113
2025-01-26 11:30:00,1.08979,1.08983,1.08885,1.08923,2988
2025-01-26 11:45:00,1.08924,1.0899,1.08923,1.08946,4485
2025-01-26 12:00:00,1.08948,1.08998,1.08948,1.0897,3539
2025-01-26 12:15:00,1.08966,1.08995,1.08885,1.08964,2622
2025-01-26 12:30:00,1.08954,1.09032,1.08954,1.09001,1672
2025-01-26 12:45:00,1.09003,1.09071,1.0889,1.08978,3087
2025-01-26 13:00:00,1.0899,1.0899,1.08921,1.08953,789
2025-01-26 13:15:00,1.08958,1.08958,1.0883,1.08937,2728
2025-01-26 13:30:00,1.08928,1.0896,1.08892,1.08928,2813
2025-01-26 13:45:00,1.08936,1.08976,1.0889,1.08929,4678
2025-01-26 14:00:00,1.08926,1.08969,1.08891,1.08945,2384
2025-01-26 14:15:00,1.08952,1.08952,1.08877,1.08925,4336
2025-01-26 14:30:00,1.08921,1.08921,1.0878,1.0888,2083
2025-01-26 14:45:00,1.08883,1.08977,1.08883,1.08905,2169
2025-01-26 15:00:00,1.089,1.08989,1.08892,1.08925,2746
2025-01-26 15:15:00,1.0892,1.08986,1.08918,1.08926,1147
2025-01-26 15:30:00,1.0891,1.08955,1.08909,1.08924,3654
2025-01-26 15:45:00,1.0893,1.0893,1.08827,1.08906,765
2025-01-26 16:00:00,1.0891,1.08993,1.0887,1.08921,3988
2025-01-26 16:15:00,1.08925,1.08957,1.08842,1.08901,3417
2025-01-26 16:30:00,1.08904,1.08923,1.0888,1.08886,3278
2025-01-26 16:45:00,1.08879,1.08909,1.0881,1.0887,518
2025-01-26 17:00:00,1.0888,1.08974,1.08814,1.08893,4101
2025-01-26 17:15:00,1.08903,1.08942,1.08838,1.08842,4966
2025-01-26 17:30:00,1.08834,1.08933,1.08834,1.08895,3594
2025-01-26 17:45:00,1.089,1.08944,1.089,1.08905,4327
2025-01-26 18:00:00,1.08914,1.08914,1.08873,1.08877,1142
2025-01-26 18:15:00,1.08873,1.08972,1.08791,1.08874,2045
2025-01-26 18:30:00,1.08871,1.08918,1.08827,1.08904,2926
2025-01-26 18:45:00,1.0891,1.08936,1.08881,1.08893,1316
2025-01-26 19:00:00,1.08878,1.08887,1.08824,1.08882,3371
2025-01-26 19:15:00,1.08871,1.0889,1.08773,1.08877,2637
2025-01-26 19:30:00,1.08867,1.08957,1.08758,1.08874,2691
2025-01-26 19:45:00,1.08856,1.08922,1.08856,1.08895,3168
2025-01-26 20:00:00,1.08906,1.08944,1.08841,1.08872,1363
2025-01-26 20:15:00,1.08852,1.08852,1.0881,1.08832,4799
2025-01-26 20:30:00,1.08836,1.08933,1.08836,1.08891,4127
2025-01-26 20:45:00,1.08899,1.08899,1.08831,1.08857,4091
2025-01-26 21:00:00,1.08854,1.08854,1.08816,1.08843,3872
2025-01-26 21:15:00,1.08837,1.08868,1.08832,1.08837,2430
2025-01-26 21:30:00,1.08839,1.08909,1.08839,1.08854,2700
2025-01-26 21:45:00,1.08854,1.08895,1.08756,1.08835,1028
2025-01-26 22:00:00,1.08845,1.08882,1.08814,1.08855,4562
2025-01-26 22:15:00,1.08829,1.08829,1.0878,1.0881,4934
2025-01-26 22:30:00,1.08801,1.08813,1.08764,1.08798,4083
2025-01-26 22:45:00,1.08804,1.08849,1.08759,1.0882,2032
2025-01-26 23:00:00,1.0882,1.08884,1.08694,1.08811,1055
2025-01-26 23:15:00,1.08819,1.08842,1.08754,1.08787,4392
2025-01-26 23:30:00,1.08789,1.0881,1.08722,1.08797,3300
2025-01-26 23:45:00,1.08796,1.08796,1.08746,1.08782,1430
2025-01-27 00:00:00,1.08779,1.08782,1.08753,1.0878,3098
2025-01-27 00:15:00,1.08803,1.08863,1.08788,1.08798,4693
2025-01-27 00:30:00,1.08814,1.08825,1.08681,1.08782,1292
2025-01-27 00:45:00,1.08787,1.08799,1.08736,1.08762,2969
2025-01-27 01:00:00,1.08763,1.08838,1.08752,1.08804,4535
2025-01-27 01:15:00,1.0881,1.0881,1.08682,1.08739,4675
2025-01-27 01:30:00,1.08747,1.08834,1.08747,1.08815,4883
2025-01-27 01:45:00,1.0882,1.0882,1.08695,1.08745,3394
2025-01-27 02:00:00,1.08738,1.08815,1.08688,1.08772,2269
2025-01-27 02:15:00,1.0879,1.0883,1.08762,1.08773,4417
2025-01-27 02:30:00,1.08775,1.08791,1.08727,1.08776,3650
2025-01-27 02:45:00,1.08796,1.08838,1.08794,1.08809,4666
2025-01-27 03:00:00,1.08811,1.08811,1.087,1.08758,4858
2025-01-27 03:15:00,1.08755,1.08801,1.08709,1.08775,1211
2025-01-27 03:30:00,1.08789,1.08789,1.08719,1.08765,3077
2025-01-27 03:45:00,1.08768,1.08825,1.08765,1.08783,4805
2025-01-27 04:00:00,1.08784,1.08865,1.08752,1.08778,4550
2025-01-27 04:15:00,1.08766,1.0884,1.08752,1.08783,2664
2025-01-27 04:30:00,1.08789,1.0882,1.08697,1.08771,3648
2025-01-27 04:45:00,1.08766,1.08823,1.0876,1.0876,4910
2025-01-27 05:00:00,1.08755,1.08789,1.08731,1.08782,2446
2025-01-27 05:15:00,1.08777,1.08848,1.08777,1.08803,2072
2025-01-27 05:30:00,1.08808,1.08808,1.08745,1.08769,4856
2025-01-27 05:45:00,1.08753,1.08779,1.08703,1.08761,4145
2025-01-27 06:00:00,1.08759,1.08799,1.08729,1.08777,699
2025-01-27 06:15:00,1.08787,1.08867,1.0865,1.08767,2877
2025-01-27 06:30:00,1.08754,1.08809,1.08745,1.08787,4568
2025-01-27 06:45:00,1.08789,1.0879,1.08742,1.0875,589
2025-01-27 07:00:00,1.08744,1.08778,1.08724,1.0874,1090
2025-01-27 07:15:00,1.08736,1.08812,1.08736,1.0876,591
2025-01-27 07:30:00,1.08777,1.08841,1.0872,1.08758,4157
2025-01-27 07:45:00,1.08742,1.088,1.08742,1.08762,2603
2025-01-27 08:00:00,1.0877,1.08822,1.08692,1.08749,4315
2025-01-27 08:15:00,1.08744,1.08786,1.08679,1.08774,2465
2025-01-27 08:30:00,1.08768,1.08768,1.08742,1.08753,4656
2025-01-27 08:45:00,1.08742,1.08864,1.08742,1.08757,2664
2025-01-27 09:00:00,1.08765,1.08767,1.08726,1.08755,1089
2025-01-27 09:15:00,1.08753,1.08796,1.08696,1.0876,4831
2025-01-27 09:30:00,1.08757,1.08765,1.08736,1.08751,2580
2025-01-27 09:45:00,1.08752,1.08803,1.08697,1.08747,4138
2025-01-27 10:00:00,1.08745,1.08796,1.08726,1.08733,3814
2025-01-27 10:15:00,1.08713,1.08815,1.08698,1.08786,1285
2025-01-27 10:30:00,1.08781,1.08797,1.08709,1.08741,4616
2025-01-27 10:45:00,1.0875,1.08784,1.08655,1.08723,2388
2025-01-27 11:00:00,1.08708,1.08768,1.08684,1.08748,4545
2025-01-27 11:15:00,1.08737,1.08774,1.0872,1.08727,4284
2025-01-27 11:30:00,1.08723,1.08761,1.08689,1.08758,1677
2025-01-27 11:45:00,1.08751,1.08829,1.08685,1.08785,1777
2025-01-27 12:00:00,1.08785,1.08785,1.08691,1.08717,3465
2025-01-27 12:15:00,1.08706,1.08789,1.08706,1.08732,801
2025-01-27 12:30:00,1.08729,1.08729,1.08659,1.08682,2844
2025-01-27 12:45:00,1.08681,1.08725,1.08681,1.08717,3715
2025-01-27 13:00:00,1.08724,1.08724,1.08685,1.08688,3815
2025-01-27 13:15:00,1.08701,1.08726,1.08653,1.08686,561
2025-01-27 13:30:00,1.08683,1.08713,1.08654,1.0868,1357
2025-01-27 13:45:00,1.08699,1.08837,1.0865,1.08727,1037
2025-01-27 14:00:00,1.08725,1.08749,1.08701,1.08726,1840
2025-01-27 14:15:00,1.08734,1.08756,1.08655,1.08706,1317
2025-01-27 14:30:00,1.08726,1.08726,1.08634,1.08691,3607
2025-01-27 14:45:00,1.08692,1.08774,1.08692,1.08742,1474
2025-01-27 15:00:00,1.08728,1.0875,1.08684,1.08694,4152
2025-01-27 15:15:00,1.08695,1.08695,1.08563,1.0867,3803
2025-01-27 15:30:00,1.08663,1.08731,1.08663,1.08724,2211
2025-01-27 15:45:00,1.08721,1.08721,1.08649,1.08681,1289
2025-01-27 16:00:00,1.08701,1.08819,1.08638,1.08728,2580
2025-01-27 16:15:00,1.08716,1.08753,1.08657,1.08706,1080
2025-01-27 16:30:00,1.08709,1.08806,1.08709,1.08718,2541
2025-01-27 16:45:00,1.08709,1.08734,1.08709,1.08732,851
2025-01-27 17:00:00,1.08729,1.08775,1.08657,1.08683,2802
2025-01-27 17:15:00,1.08691,1.08702,1.08686,1.08693,1573
2025-01-27 17:30:00,1.08696,1.08757,1.08646,1.08709,2531
2025-01-27 17:45:00,1.08707,1.08777,1.08707,1.08759,4868
2025-01-27 18:00:00,1.08752,1.0878,1.08657,1.08707,2382
2025-01-27 18:15:00,1.0871,1.0871,1.08642,1.08695,4845
2025-01-27 18:30:00,1.08712,1.0876,1.0868,1.08717,1760
2025-01-27 18:45:00,1.08708,1.08724,1.08698,1.087,731
2025-01-27 19:00:00,1.08719,1.08749,1.08679,1.08711,1456
2025-01-27 19:15:00,1.08723,1.08739,1.08656,1.08686,4837
2025-01-27 19:30:00,1.087,1.08784,1.08648,1.08749,2681
2025-01-27 19:45:00,1.08752,1.08752,1.08624,1.08681,1594
2025-01-27 20:00:00,1.08693,1.08738,1.08644,1.08695,4429
2025-01-27 20:15:00,1.08685,1.08767,1.08672,1.08713,4036
2025-01-27 20:30:00,1.08706,1.08825,1.08706,1.08766,3992
2025-01-27 20:45:00,1.08774,1.08774,1.08643,1.08693,3881
2025-01-27 21:00:00,1.08696,1.08768,1.08693,1.08753,1802
2025-01-27 21:15:00,1.08752,1.08768,1.08719,1.08733,4814
2025-01-27 21:30:00,1.08708,1.08722,1.08708,1.08722,1196
2025-01-27 21:45:00,1.08717,1.08768,1.08656,1.08691,806
2025-01-27 22:00:00,1.0868,1.0877,1.0868,1.08721,2523
2025-01-27 22:15:00,1.08726,1.08775,1.08668,1.08678,813
2025-01-27 22:30:00,1.08676,1.08738,1.08675,1.08716,3974
2025-01-27 22:45:00,1.08709,1.08709,1.08623,1.08663,1902
2025-01-27 23:00:00,1.0869,1.0871,1.0856,1.08675,4876
2025-01-27 23:15:00,1.08685,1.08708,1.08668,1.08676,3898
2025-01-27 23:30:00,1.08686,1.08697,1.08586,1.08655,534
2025-01-27 23:45:00,1.08677,1.08805,1.08672,1.08694,2617
2025-01-28 00:00:00,1.08702,1.08719,1.08629,1.08686,859
2025-01-28 00:15:00,1.08678,1.08811,1.08678,1.08695,907
2025-01-28 00:30:00,1.08686,1.08686,1.08631,1.0864,3609
2025-01-28 00:45:00,1.0865,1.08731,1.08641,1.08698,4433
2025-01-28 01:00:00,1.08677,1.08788,1.08674,1.08729,2592
2025-01-28 01:15:00,1.08728,1.08728,1.0864,1.08676,636
2025-01-28 01:30:00,1.08654,1.08758,1.08654,1.08718,3370
2025-01-28 01:45:00,1.08719,1.08719,1.08667,1.08668,1478
2025-01-28 02:00:00,1.08677,1.08677,1.08574,1.08636,1984
2025-01-28 02:15:00,1.08638,1.08665,1.08638,1.08648,2914
2025-01-28 02:30:00,1.08658,1.08706,1.08634,1.08697,3876
2025-01-28 02:45:00,1.08717,1.08717,1.0858,1.08668,966
2025-01-28 03:00:00,1.08666,1.08666,1.08644,1.0866,1474
2025-01-28 03:15:00,1.08688,1.08729,1.08588,1.08671,2422
2025-01-28 03:30:00,1.08673,1.08701,1.08619,1.08661,3097
2025-01-28 03:45:00,1.08671,1.08689,1.08662,1.08675,3151
2025-01-28 04:00:00,1.08669,1.08718,1.08624,1.08671,2299
2025-01-28 04:15:00,1.08687,1.08697,1.08658,1.08672,1515
2025-01-28 04:30:00,1.08682,1.08682,1.08607,1.08651,2248
2025-01-28 04:45:00,1.08665,1.08685,1.08662,1.08665,3817
2025-01-28 05:00:00,1.08665,1.08688,1.08575,1.0864,1184
2025-01-28 05:15:00,1.08628,1.08688,1.08628,1.08665,3650
2025-01-28 05:30:00,1.0867,1.0869,1.08571,1.08623,1956
2025-01-28 05:45:00,1.08606,1.08696,1.0857,1.08649,868
2025-01-28 06:00:00,1.08646,1.08647,1.08583,1.08622,4946
2025-01-28 06:15:00,1.08624,1.0866,1.08624,1.08652,1844
2025-01-28 06:30:00,1.08676,1.08676,1.08599,1.0864,4617
2025-01-28 06:45:00,1.08643,1.08684,1.08569,1.08625,678
2025-01-28 07:00:00,1.08626,1.08677,1.08538,1.08616,3255
2025-01-28 07:15:00,1.08615,1.08698,1.08565,1.08632,1632
2025-01-28 07:30:00,1.08618,1.0865,1.08531,1.08648,1979
2025-01-28 07:45:00,1.08649,1.08689,1.08575,1.08661,3566
2025-01-28 08:00:00,1.08662,1.08759,1.08662,1.08692,4528
2025-01-28 08:15:00,1.08682,1.08683,1.0857,1.08652,2911
2025-01-28 08:30:00,1.0864,1.08661,1.0864,1.08645,2420
2025-01-28 08:45:00,1.0864,1.0864,1.08605,1.08625,2972
2025-01-28 09:00:00,1.08625,1.08711,1.08602,1.08666,1458
2025-01-28 09:15:00,1.08661,1.0872,1.0866,1.08675,3787
2025-01-28 09:30:00,1.08664,1.08679,1.08626,1.08667,1571
2025-01-28 09:45:00,1.0867,1.08727,1.08616,1.08652,1988
2025-01-28 10:00:00,1.08657,1.08669,1.08646,1.08656,2433
2025-01-28 10:15:00,1.08657,1.08729,1.08654,1.08683,2516
2025-01-28 10:30:00,1.08677,1.08718,1.0854,1.08644,4437
2025-01-28 10:45:00,1.0865,1.08712,1.08622,1.08649,3535
2025-01-28 11:00:00,1.08647,1.08647,1.086,1.08622,3761
2025-01-28 11:15:00,1.0861,1.08657,1.08582,1.08589,2699
2025-01-28 11:30:00,1.086,1.08601,1.08582,1.08599,1899
2025-01-28 11:45:00,1.08603,1.08619,1.08587,1.08608,2802
2025-01-28 12:00:00,1.08607,1.08687,1.08583,1.08627,4782
2025-01-28 12:15:00,1.08612,1.08744,1.08612,1.08666,1378
2025-01-28 12:30:00,1.08659,1.08659,1.08605,1.08617,4713
2025-01-28 12:45:00,1.08637,1.08637,1.08629,1.08632,4194
2025-01-28 13:00:00,1.08617,1.08635,1.08599,1.08606,1370
2025-01-28 13:15:00,1.08604,1.08648,1.08578,1.08624,1205
2025-01-28 13:30:00,1.08624,1.0863,1.08586,1.08589,3189
2025-01-28 13:45:00,1.08592,1.08592,1.08572,1.08584,2759
2025-01-28 14:00:00,1.08569,1.08705,1.08569,1.08622,4367
2025-01-28 14:15:00,1.08624,1.08656,1.08604,1.08613,2077
2025-01-28 14:30:00,1.08596,1.08649,1.08596,1.08623,2467
2025-01-28 14:45:00,1.08624,1.08678,1.08608,1.08611,1752
2025-01-28 15:00:00,1.08604,1.08661,1.08549,1.08577,1752
2025-01-28 15:15:00,1.08568,1.08691,1.08568,1.08625,3549
2025-01-28 15:30:00,1.08634,1.08634,1.0857,1.08581,4938
2025-01-28 15:45:00,1.08579,1.08628,1.08579,1.08612,3628
2025-01-28 16:00:00,1.08617,1.08637,1.08521,1.08571,2166
2025-01-28 16:15:00,1.08576,1.08673,1.08557,1.08592,4889
2025-01-28 16:30:00,1.08605,1.08662,1.08558,1.08587,527
2025-01-28 16:45:00,1.08575,1.08586,1.08572,1.08573,4109
2025-01-28 17:00:00,1.08582,1.08582,1.08412,1.08513,2119
2025-01-28 17:15:00,1.08513,1.08568,1.08513,1.08556,3406
2025-01-28 17:30:00,1.08552,1.08606,1.08535,1.0857,1844
2025-01-28 17:45:00,1.08559,1.08582,1.08559,1.0856,4413
2025-01-28 18:00:00,1.08566,1.08595,1.08494,1.08563,4285
2025-01-28 18:15:00,1.08554,1.08612,1.0849,1.08516,4268
2025-01-28 18:30:00,1.08521,1.08546,1.08491,1.08535,4329
2025-01-28 18:45:00,1.08554,1.08612,1.08522,1.08544,1427
2025-01-28 19:00:00,1.08554,1.08554,1.08429,1.0854,2278
2025-01-28 19:15:00,1.08554,1.08613,1.08552,1.08554,3603
2025-01-28 19:30:00,1.08547,1.0857,1.08491,1.08546,2944
2025-01-28 19:45:00,1.08554,1.08556,1.0854,1.08547,3588
2025-01-28 20:00:00,1.08535,1.08559,1.08471,1.08549,4965
2025-01-28 20:15:00,1.08546,1.08548,1.08497,1.08535,663
2025-01-28 20:30:00,1.08552,1.08552,1.08433,1.0851,4499
2025-01-28 20:45:00,1.08504,1.08634,1.08504,1.08576,3257
2025-01-28 21:00:00,1.08587,1.08587,1.08565,1.08573,4073
2025-01-28 21:15:00,1.08583,1.08725,1.08506,1.08558,850
2025-01-28 21:30:00,1.08569,1.08569,1.08502,1.08536,700
2025-01-28 21:45:00,1.08523,1.08604,1.08523,1.08589,3052
2025-01-28 22:00:00,1.08594,1.08628,1.08513,1.08578,4428
2025-01-28 22:15:00,1.08577,1.08604,1.0852,1.08588,1551
2025-01-28 22:30:00,1.08599,1.08661,1.08498,1.08602,4932
2025-01-28 22:45:00,1.08586,1.08586,1.0845,1.08519,786
2025-01-28 23:00:00,1.08523,1.08587,1.08477,1.0854,3178
2025-01-28 23:15:00,1.08542,1.08556,1.08522,1.08547,2295
2025-01-28 23:30:00,1.08528,1.08656,1.08528,1.08589,4058
2025-01-28 23:45:00,1.0858,1.0858,1.08443,1.08522,606
2025-01-29 00:00:00,1.08504,1.08653,1.08504,1.08591,3053
2025-01-29 00:15:00,1.08584,1.08584,1.08523,1.08554,4013
2025-01-29 00:30:00,1.0856,1.08649,1.08555,1.08555,616
2025-01-29 00:45:00,1.08557,1.08623,1.08481,1.08533,1768
2025-01-29 01:00:00,1.08535,1.08535,1.08465,1.08522,1240
2025-01-29 01:15:00,1.08512,1.08595,1.08468,1.08552,522
2025-01-29 01:30:00,1.08563,1.08599,1.08506,1.08518,860
2025-01-29 01:45:00,1.08518,1.08563,1.08518,1.08541,4593
2025-01-29 02:00:00,1.08541,1.08576,1.08434,1.08509,1950
2025-01-29 02:15:00,1.08519,1.086,1.08485,1.08505,716
2025-01-29 02:30:00,1.08495,1.08582,1.08495,1.08566,3254
2025-01-29 02:45:00,1.08568,1.08568,1.08494,1.08511,1127
2025-01-29 03:00:00,1.08516,1.08615,1.08483,1.08509,3767
2025-01-29 03:15:00,1.08503,1.08621,1.08503,1.08516,1066
2025-01-29 03:30:00,1.08523,1.08523,1.08436,1.08459,4258
2025-01-29 03:45:00,1.08463,1.0855,1.08463,1.08503,2990
2025-01-29 04:00:00,1.08502,1.08502,1.08402,1.08424,2520
2025-01-29 04:15:00,1.08422,1.08543,1.08369,1.08467,4030
2025-01-29 04:30:00,1.08472,1.08587,1.08472,1.08477,3006
2025-01-29 04:45:00,1.08485,1.08494,1.0847,1.08487,4055
2025-01-29 05:00:00,1.08488,1.08527,1.08448,1.08477,2691
2025-01-29 05:15:00,1.08488,1.08488,1.08444,1.08468,4909
2025-01-29 05:30:00,1.08474,1.08526,1.08452,1.08474,3422
2025-01-29 05:45:00,1.08456,1.08533,1.08435,1.08459,1228
2025-01-29 06:00:00,1.08445,1.08472,1.08441,1.08441,3828
2025-01-29 06:15:00,1.08453,1.08562,1.08453,1.08485,973
2025-01-29 06:30:00,1.08482,1.08552,1.08382,1.08487,1105
2025-01-29 06:45:00,1.08488,1.08545,1.08482,1.08515,4070
2025-01-29 07:00:00,1.08526,1.08563,1.08457,1.08471,1742
2025-01-29 07:15:00,1.08471,1.08618,1.08409,1.08506,4102
2025-01-29 07:30:00,1.08506,1.08506,1.08426,1.08486,4254
2025-01-29 07:45:00,1.08477,1.08566,1.08477,1.08525,4870
2025-01-29 08:00:00,1.08529,1.08617,1.08514,1.08524,4378
2025-01-29 08:15:00,1.0853,1.08612,1.08479,1.08499,2399
2025-01-29 08:30:00,1.08494,1.0852,1.08401,1.08498,4243
2025-01-29 08:45:00,1.08489,1.08585,1.08487,1.08529,2764
2025-01-29 09:00:00,1.08555,1.08555,1.08488,1.08517,3645
2025-01-29 09:15:00,1.08516,1.08563,1.08438,1.08486,1175
2025-01-29 09:30:00,1.08479,1.08509,1.08405,1.08474,4553
2025-01-29 09:45:00,1.08481,1.08557,1.08474,1.08497,1209
2025-01-29 10:00:00,1.08497,1.08544,1.08488,1.08533,1422
2025-01-29 10:15:00,1.08523,1.08554,1.08497,1.08527,3899
2025-01-29 10:30:00,1.08532,1.08532,1.08414,1.08494,907
2025-01-29 10:45:00,1.08486,1.08503,1.0848,1.08501,4743
2025-01-29 11:00:00,1.08516,1.08581,1.08487,1.0855,1609
2025-01-29 11:15:00,1.08555,1.08555,1.08424,1.08508,4092
2025-01-29 11:30:00,1.08505,1.08565,1.08485,1.08531,2288
2025-01-29 11:45:00,1.08532,1.0854,1.08464,1.08511,4459
2025-01-29 12:00:00,1.0852,1.08671,1.08493,1.08569,1990
2025-01-29 12:15:00,1.08571,1.08571,1.08497,1.08518,4084
2025-01-29 12:30:00,1.08539,1.08648,1.08539,1.08548,4350
2025-01-29 12:45:00,1.0856,1.0856,1.08461,1.08523,4700
2025-01-29 13:00:00,1.08528,1.08528,1.08456,1.08514,1981
2025-01-29 13:15:00,1.08505,1.08555,1.08434,1.08462,1780
2025-01-29 13:30:00,1.08461,1.08505,1.08439,1.08454,4442
2025-01-29 13:45:00,1.08458,1.08527,1.08455,1.08481,1374
2025-01-29 14:00:00,1.08473,1.0861,1.08473,1.08489,611
2025-01-29 14:15:00,1.08502,1.08502,1.08465,1.08468,701
2025-01-29 14:30:00,1.08458,1.08523,1.08388,1.0846,3153
2025-01-29 14:45:00,1.08454,1.08562,1.08426,1.08504,1494
2025-01-29 15:00:00,1.08499,1.08627,1.08499,1.08507,4620
2025-01-29 15:15:00,1.08515,1.08571,1.08489,1.085,2031
2025-01-29 15:30:00,1.08492,1.08675,1.08492,1.08512,1889
2025-01-29 15:45:00,1.08494,1.08585,1.08399,1.08479,1030
2025-01-29 16:00:00,1.0849,1.08496,1.08469,1.08486,2117
2025-01-29 16:15:00,1.08481,1.08578,1.08452,1.08532,4641
2025-01-29 16:30:00,1.08521,1.08523,1.08463,1.08501,864
2025-01-29 16:45:00,1.08493,1.08515,1.08399,1.08505,3871
2025-01-29 17:00:00,1.08522,1.08569,1.0848,1.08538,3324
2025-01-29 17:15:00,1.08532,1.08532,1.08436,1.08456,1872
2025-01-29 17:30:00,1.08455,1.08518,1.08455,1.08504,3357
2025-01-29 17:45:00,1.08499,1.08557,1.08467,1.08513,2737
2025-01-29 18:00:00,1.085,1.08517,1.08462,1.08476,3974
2025-01-29 18:15:00,1.08468,1.08527,1.08415,1.08487,4944
2025-01-29 18:30:00,1.08474,1.08474,1.08426,1.08456,4968
2025-01-29 18:45:00,1.08466,1.0856,1.08398,1.08451,4076
2025-01-29 19:00:00,1.08452,1.08498,1.08408,1.08476,3862
2025-01-29 19:15:00,1.08501,1.08534,1.08429,1.08489,4543
2025-01-29 19:30:00,1.08482,1.0851,1.08394,1.08489,4475
2025-01-29 19:45:00,1.0848,1.08535,1.0848,1.08501,1484
2025-01-29 20:00:00,1.08517,1.08517,1.08443,1.0847,2658
2025-01-29 20:15:00,1.0848,1.08532,1.08422,1.0849,2026
2025-01-29 20:30:00,1.08494,1.08494,1.08388,1.0845,3872
2025-01-29 20:45:00,1.08439,1.08553,1.08413,1.08459,1536
2025-01-29 21:00:00,1.08476,1.08476,1.08418,1.08447,3673
2025-01-29 21:15:00,1.08446,1.08478,1.08424,1.08438,2489
2025-01-29 21:30:00,1.08434,1.08496,1.08422,1.08438,2744
2025-01-29 21:45:00,1.08449,1.08449,1.08359,1.08394,2602
2025-01-29 22:00:00,1.08394,1.08443,1.08383,1.08408,2730
2025-01-29 22:15:00,1.08397,1.08458,1.08397,1.0843,1542
2025-01-29 22:30:00,1.0843,1.08437,1.08377,1.0839,4958
2025-01-29 22:45:00,1.08383,1.08507,1.08382,1.08446,3020
2025-01-29 23:00:00,1.08416,1.08486,1.08411,1.08449,4604
2025-01-29 23:15:00,1.0844,1.08469,1.08364,1.0844,3207
2025-01-29 23:30:00,1.08434,1.08437,1.08403,1.08414,1829
2025-01-29 23:45:00,1.08402,1.08481,1.08402,1.08451,4155
2025-01-30 00:00:00,1.08456,1.08529,1.08441,1.08469,4405
2025-01-30 00:15:00,1.08461,1.08463,1.08389,1.08435,1580
2025-01-30 00:30:00,1.0844,1.08448,1.08429,1.08434,4105
2025-01-30 00:45:00,1.08422,1.08433,1.08412,1.08425,1323
2025-01-30 01:00:00,1.08434,1.08484,1.08427,1.08431,4119
2025-01-30 01:15:00,1.08418,1.08464,1.08405,1.08416,3750
2025-01-30 01:30:00,1.08393,1.08448,1.08388,1.0842,2615
2025-01-30 01:45:00,1.08432,1.08549,1.08388,1.08449,4067
2025-01-30 02:00:00,1.08441,1.085,1.08384,1.08486,547
2025-01-30 02:15:00,1.08504,1.08504,1.08337,1.084,1940
2025-01-30 02:30:00,1.08406,1.08485,1.08406,1.0843,4235
2025-01-30 02:45:00,1.08438,1.08491,1.08401,1.08419,1444
2025-01-30 03:00:00,1.08429,1.08495,1.08414,1.08477,3768
2025-01-30 03:15:00,1.08478,1.08478,1.08379,1.08441,4141
2025-01-30 03:30:00,1.08443,1.08443,1.08353,1.0844,3619
2025-01-30 03:45:00,1.08453,1.08527,1.08453,1.08489,2483
2025-01-30 04:00:00,1.0849,1.08589,1.0849,1.08513,854
2025-01-30 04:15:00,1.08505,1.08581,1.08412,1.08499,3805
2025-01-30 04:30:00,1.08505,1.08517,1.08472,1.0849,2417
2025-01-30 04:45:00,1.08469,1.08562,1.08469,1.08494,4685
2025-01-30 05:00:00,1.08507,1.08555,1.08471,1.08511,868
2025-01-30 05:15:00,1.08524,1.08524,1.08461,1.08477,3486
2025-01-30 05:30:00,1.08489,1.0855,1.08363,1.08485,1692
2025-01-30 05:45:00,1.08497,1.08519,1.08461,1.0849,1886
2025-01-30 06:00:00,1.0849,1.08559,1.08444,1.0848,4493
2025-01-30 06:15:00,1.08479,1.08554,1.08457,1.08485,3502
2025-01-30 06:30:00,1.08473,1.08547,1.08473,1.08516,2396
2025-01-30 06:45:00,1.08534,1.08629,1.08456,1.08488,3047
2025-01-30 07:00:00,1.08483,1.08505,1.08367,1.08494,2053
2025-01-30 07:15:00,1.08498,1.08505,1.08449,1.08491,3310
2025-01-30 07:30:00,1.08493,1.08506,1.08466,1.08493,3532
2025-01-30 07:45:00,1.0848,1.08494,1.08452,1.08467,611
2025-01-30 08:00:00,1.0845,1.08536,1.0845,1.08493,4572
2025-01-30 08:15:00,1.08493,1.08548,1.08408,1.08498,1563
2025-01-30 08:30:00,1.08494,1.08513,1.08455,1.08491,4697
2025-01-30 08:45:00,1.0849,1.08594,1.08472,1.08504,1892
2025-01-30 09:00:00,1.08514,1.08527,1.08473,1.0851,1697
2025-01-30 09:15:00,1.08512,1.0862,1.08455,1.08505,4397
2025-01-30 09:30:00,1.08512,1.08602,1.08512,1.08583,840
2025-01-30 09:45:00,1.08588,1.08588,1.08497,1.08549,3361
2025-01-30 10:00:00,1.08545,1.08551,1.08431,1.08533,4791
2025-01-30 10:15:00,1.08523,1.08536,1.08452,1.08516,1705
2025-01-30 10:30:00,1.08518,1.0864,1.08481,1.08521,2074
2025-01-30 10:45:00,1.08522,1.08552,1.08522,1.0854,3806
2025-01-30 11:00:00,1.0855,1.08555,1.08535,1.08553,2040
2025-01-30 11:15:00,1.08552,1.08567,1.08401,1.08502,4084
2025-01-30 11:30:00,1.085,1.08527,1.08469,1.08524,4553
2025-01-30 11:45:00,1.08522,1.08621,1.08522,1.08539,2426
2025-01-30 12:00:00,1.08529,1.08574,1.08509,1.08553,4019
2025-01-30 12:15:00,1.08567,1.08587,1.08485,1.08546,1905
2025-01-30 12:30:00,1.08558,1.08654,1.08558,1.08593,2513
2025-01-30 12:45:00,1.08581,1.08582,1.08494,1.0854,947
2025-01-30 13:00:00,1.08548,1.08585,1.08474,1.08558,2220
2025-01-30 13:15:00,1.0854,1.0867,1.0854,1.08607,4367
2025-01-30 13:30:00,1.08617,1.08617,1.08534,1.0858,4593
2025-01-30 13:45:00,1.08573,1.08631,1.08573,1.08599,533
2025-01-30 14:00:00,1.08603,1.08626,1.08593,1.08602,996
2025-01-30 14:15:00,1.08583,1.08583,1.08482,1.08545,3411
2025-01-30 14:30:00,1.08533,1.08594,1.08501,1.08559,1903
2025-01-30 14:45:00,1.08563,1.08667,1.08498,1.08546,3719
2025-01-30 15:00:00,1.08539,1.08539,1.08504,1.08515,3210
2025-01-30 15:15:00,1.08507,1.08599,1.08493,1.08547,2102
2025-01-30 15:30:00,1.08561,1.08643,1.08531,1.08585,4212
2025-01-30 15:45:00,1.08607,1.08607,1.08508,1.0859,4102
2025-01-30 16:00:00,1.086,1.086,1.08554,1.08588,4596
2025-01-30 16:15:00,1.08577,1.08642,1.08531,1.08567,2834
2025-01-30 16:30:00,1.08585,1.08612,1.08434,1.08561,1779
2025-01-30 16:45:00,1.08545,1.08627,1.08545,1.08596,3745
2025-01-30 17:00:00,1.08593,1.08593,1.0855,1.08562,549
2025-01-30 17:15:00,1.08563,1.08613,1.08563,1.08572,3164
2025-01-30 17:30:00,1.08591,1.08599,1.08493,1.0856,2274
2025-01-30 17:45:00,1.0857,1.08603,1.0857,1.08592,4088
2025-01-30 18:00:00,1.08587,1.08622,1.08565,1.08587,4546
2025-01-30 18:15:00,1.08577,1.08577,1.08507,1.08535,565
2025-01-30 18:30:00,1.08545,1.08653,1.08492,1.08545,4723
2025-01-30 18:45:00,1.08539,1.086,1.08539,1.08575,3244
2025-01-30 19:00:00,1.08577,1.08654,1.0853,1.08564,687
2025-01-30 19:15:00,1.08551,1.08585,1.08551,1.08563,4539
2025-01-30 19:30:00,1.08569,1.08601,1.08569,1.08593,3388
2025-01-30 19:45:00,1.08598,1.08679,1.08574,1.0858,1166
2025-01-30 20:00:00,1.08568,1.0869,1.08536,1.08573,1432
2025-01-30 20:15:00,1.08584,1.08627,1.08558,1.08587,2470
2025-01-30 20:30:00,1.08592,1.08592,1.08493,1.08562,4352
2025-01-30 20:45:00,1.08569,1.08638,1.08495,1.08595,4640
2025-01-30 21:00:00,1.08591,1.08591,1.08467,1.08547,2676
2025-01-30 21:15:00,1.08549,1.08607,1.08498,1.08564,1117
2025-01-30 21:30:00,1.08564,1.08625,1.08505,1.08576,1292
2025-01-30 21:45:00,1.08574,1.08574,1.08458,1.08517,1750
2025-01-30 22:00:00,1.08519,1.08597,1.08519,1.08536,4493
2025-01-30 22:15:00,1.08549,1.08616,1.08424,1.08564,2944
2025-01-30 22:30:00,1.08575,1.08575,1.08535,1.08565,2822
2025-01-30 22:45:00,1.08553,1.08567,1.08472,1.08542,4733
2025-01-30 23:00:00,1.08552,1.08591,1.08489,1.08538,1850
2025-01-30 23:15:00,1.0855,1.08593,1.08542,1.08567,3330
2025-01-30 23:30:00,1.08566,1.08566,1.08541,1.08563,2775
2025-01-30 23:45:00,1.08568,1.08568,1.08479,1.08508,2706
2025-01-31 00:00:00,1.08513,1.08531,1.08457,1.08503,2417
2025-01-31 00:15:00,1.08495,1.08574,1.08495,1.0853,4334
2025-01-31 00:30:00,1.08526,1.08542,1.0852,1.08532,2577
2025-01-31 00:45:00,1.08539,1.08539,1.08475,1.08503,1621
2025-01-31 01:00:00,1.08498,1.08537,1.08453,1.0852,1108
2025-01-31 01:15:00,1.08529,1.08529,1.08483,1.08494,1268
2025-01-31 01:30:00,1.08507,1.08507,1.08456,1.08471,1283
2025-01-31 01:45:00,1.08482,1.08508,1.08438,1.08501,3429
2025-01-31 02:00:00,1.08521,1.08521,1.08475,1.08508,2889
2025-01-31 02:15:00,1.08507,1.0857,1.0847,1.08494,667
2025-01-31 02:30:00,1.08496,1.0851,1.08442,1.08477,3756
2025-01-31 02:45:00,1.0848,1.0848,1.08419,1.08457,2979
2025-01-31 03:00:00,1.08457,1.08538,1.08389,1.08488,4634
2025-01-31 03:15:00,1.08494,1.08503,1.0848,1.08503,1479
2025-01-31 03:30:00,1.08486,1.08595,1.08475,1.08508,2934
2025-01-31 03:45:00,1.0851,1.08527,1.08465,1.08509,4522
2025-01-31 04:00:00,1.08496,1.08496,1.08408,1.08471,3316
2025-01-31 04:15:00,1.08462,1.08524,1.08462,1.08487,1290
2025-01-31 04:30:00,1.08494,1.08627,1.08444,1.08523,1974
2025-01-31 04:45:00,1.08521,1.08521,1.08493,1.08518,3686
2025-01-31 05:00:00,1.08525,1.08539,1.08459,1.08514,4501
2025-01-31 05:15:00,1.08511,1.08511,1.08419,1.08452,2948
2025-01-31 05:30:00,1.08463,1.08478,1.08463,1.08475,4174
2025-01-31 05:45:00,1.08472,1.08517,1.0838,1.08485,3880
2025-01-31 06:00:00,1.08466,1.0854,1.08466,1.08504,1626
2025-01-31 06:15:00,1.08506,1.08526,1.08399,1.08506,2250
2025-01-31 06:30:00,1.08484,1.08529,1.08363,1.08493,4697
2025-01-31 06:45:00,1.08478,1.08527,1.08431,1.08492,3661
2025-01-31 07:00:00,1.08484,1.08539,1.0836,1.08502,3689
2025-01-31 07:15:00,1.08492,1.08557,1.08492,1.08512,1251
2025-01-31 07:30:00,1.08507,1.08609,1.08471,1.0852,1732
2025-01-31 07:45:00,1.0851,1.08571,1.0851,1.08522,1358
2025-01-31 08:00:00,1.08508,1.08614,1.08451,1.0852,4914
2025-01-31 08:15:00,1.08536,1.08569,1.0849,1.08531,4360
2025-01-31 08:30:00,1.08524,1.08555,1.08458,1.08543,4441
2025-01-31 08:45:00,1.08521,1.0854,1.08466,1.08524,3199
2025-01-31 09:00:00,1.08521,1.086,1.08505,1.08525,2500
2025-01-31 09:15:00,1.08514,1.0861,1.08514,1.08552,739
2025-01-31 09:30:00,1.08543,1.08572,1.08487,1.08531,2690
2025-01-31 09:45:00,1.08538,1.08538,1.0849,1.08502,4714
2025-01-31 10:00:00,1.08498,1.08601,1.08498,1.08533,2515
2025-01-31 10:15:00,1.08522,1.08525,1.08498,1.08503,662
2025-01-31 10:30:00,1.08507,1.08542,1.08452,1.08519,849
2025-01-31 10:45:00,1.08531,1.08626,1.08531,1.08548,530
2025-01-31 11:00:00,1.08553,1.08615,1.08513,1.0856,2638
2025-01-31 11:15:00,1.08535,1.08565,1.08479,1.08523,2675
2025-01-31 11:30:00,1.08512,1.08559,1.08494,1.08527,3326
2025-01-31 11:45:00,1.08528,1.08549,1.08446,1.08516,4119
2025-01-31 12:00:00,1.08514,1.08557,1.08514,1.08532,1347
2025-01-31 12:15:00,1.08529,1.08583,1.08493,1.08559,1291
2025-01-31 12:30:00,1.0855,1.08623,1.08539,1.08554,1008
2025-01-31 12:45:00,1.0854,1.08544,1.08534,1.08538,4832
2025-01-31 13:00:00,1.08558,1.08558,1.08542,1.08543,1512
2025-01-31 13:15:00,1.08544,1.08563,1.0849,1.08541,3524
2025-01-31 13:30:00,1.08548,1.08631,1.08548,1.08615,3570
2025-01-31 13:45:00,1.08616,1.08639,1.08589,1.08599,1574
2025-01-31 14:00:00,1.08599,1.08599,1.08562,1.08576,968
2025-01-31 14:15:00,1.08575,1.08605,1.08546,1.08593,2415
2025-01-31 14:30:00,1.08582,1.0866,1.08582,1.0859,4983
2025-01-31 14:45:00,1.08575,1.08602,1.0851,1.08578,1235
2025-01-31 15:00:00,1.08582,1.08605,1.08515,1.08595,3356
2025-01-31 15:15:00,1.08597,1.08612,1.08524,1.08564,4977
2025-01-31 15:30:00,1.08573,1.08602,1.08507,1.08568,595
2025-01-31 15:45:00,1.08575,1.08588,1.08522,1.08572,1411
2025-01-31 16:00:00,1.08564,1.0862,1.08498,1.08556,4888
2025-01-31 16:15:00,1.08567,1.08578,1.0855,1.08576,3806
2025-01-31 16:30:00,1.08583,1.08687,1.08529,1.08597,4936
2025-01-31 16:45:00,1.08603,1.08637,1.08537,1.08552,1218
2025-01-31 17:00:00,1.08574,1.08574,1.08487,1.08526,3504
2025-01-31 17:15:00,1.08546,1.08551,1.08451,1.08522,1873
2025-01-31 17:30:00,1.08529,1.08592,1.08529,1.0857,2928
2025-01-31 17:45:00,1.08576,1.08576,1.08524,1.08557,4181
2025-01-31 18:00:00,1.08568,1.08578,1.08554,1.0857,3309
2025-01-31 18:15:00,1.08564,1.08572,1.08514,1.08567,3719
2025-01-31 18:30:00,1.08562,1.08587,1.08535,1.08543,3113
2025-01-31 18:45:00,1.0855,1.0855,1.08541,1.08542,1004
2025-01-31 19:00:00,1.08533,1.0861,1.08533,1.08581,2765
2025-01-31 19:15:00,1.08587,1.08602,1.08578,1.08583,4560
2025-01-31 19:30:00,1.08584,1.08584,1.08522,1.08564,3484
2025-01-31 19:45:00,1.08556,1.08557,1.0851,1.08546,3296
2025-01-31 20:00:00,1.08546,1.08639,1.08546,1.08593,4426
2025-01-31 20:15:00,1.08606,1.08614,1.08527,1.08608,4308
2025-01-31 20:30:00,1.08609,1.08634,1.08566,1.08583,988
2025-01-31 20:45:00,1.08584,1.08631,1.0851,1.08554,2758
2025-01-31 21:00:00,1.08558,1.0862,1.08538,1.08578,3213
2025-01-31 21:15:00,1.08582,1.08587,1.08547,1.08561,4854
2025-01-31 21:30:00,1.08557,1.08622,1.08557,1.08605,1750
2025-01-31 21:45:00,1.08609,1.08634,1.08554,1.08591,4460
2025-01-31 22:00:00,1.0858,1.0858,1.08506,1.08538,1914
2025-01-31 22:15:00,1.0853,1.08614,1.0853,1.08564,1491
2025-01-31 22:30:00,1.08558,1.08611,1.08493,1.08581,899
2025-01-31 22:45:00,1.08585,1.08585,1.08558,1.08559,4904
2025-01-31 23:00:00,1.0856,1.08599,1.08541,1.08554,4555
2025-01-31 23:15:00,1.08552,1.08552,1.08511,1.08531,4599
2025-01-31 23:30:00,1.08538,1.08576,1.08492,1.0857,2067
2025-01-31 23:45:00,1.08574,1.08574,1.08513,1.08546,4317
2025-02-01 00:00:00,1.08543,1.08543,1.08494,1.08499,2773
2025-02-01 00:15:00,1.08489,1.08569,1.08489,1.08519,1625
2025-02-01 00:30:00,1.08511,1.08587,1.08451,1.08543,3823
2025-02-01 00:45:00,1.08528,1.08538,1.08501,1.08521,3103
2025-02-01 01:00:00,1.08522,1.08573,1.08426,1.08543,3999
2025-02-01 01:15:00,1.08534,1.08577,1.0849,1.08514,2065
2025-02-01 01:30:00,1.08509,1.08517,1.08501,1.08509,1418
2025-02-01 01:45:00,1.08508,1.08568,1.08476,1.08512,1815
2025-02-01 02:00:00,1.08523,1.08577,1.08492,1.08512,4619
2025-02-01 02:15:00,1.08521,1.08539,1.08473,1.08513,2154
2025-02-01 02:30:00,1.08512,1.08549,1.08467,1.08514,3958
2025-02-01 02:45:00,1.08527,1.08605,1.085,1.08515,2113
2025-02-01 03:00:00,1.08495,1.08522,1.0842,1.08494,741
2025-02-01 03:15:00,1.08513,1.08575,1.08458,1.08494,4798
2025-02-01 03:30:00,1.08501,1.08536,1.08495,1.08499,4832
2025-02-01 03:45:00,1.085,1.08624,1.08464,1.08595,1450
2025-02-01 04:00:00,1.08586,1.08586,1.08475,1.0855,3569
2025-02-01 04:15:00,1.08545,1.08593,1.08545,1.0856,793
2025-02-01 04:30:00,1.08566,1.08566,1.08471,1.08532,4805
2025-02-01 04:45:00,1.08539,1.08613,1.08502,1.0857,1287
2025-02-01 05:00:00,1.08576,1.08583,1.08552,1.08556,2132
2025-02-01 05:15:00,1.08549,1.08574,1.08542,1.08561,3573
2025-02-01 05:30:00,1.08552,1.08559,1.08486,1.08534,4570
2025-02-01 05:45:00,1.08536,1.08573,1.085,1.08561,2776
2025-02-01 06:00:00,1.08569,1.08612,1.08517,1.08539,3814
2025-02-01 06:15:00,1.08539,1.08596,1.08507,1.08539,1991
2025-02-01 06:30:00,1.08554,1.08593,1.08554,1.08568,3101
2025-02-01 06:45:00,1.08568,1.08568,1.08511,1.08515,2760
2025-02-01 07:00:00,1.08515,1.08619,1.08515,1.08555,2331
2025-02-01 07:15:00,1.08561,1.0861,1.08545,1.08569,885
2025-02-01 07:30:00,1.08581,1.08581,1.08533,1.08535,1027
2025-02-01 07:45:00,1.08521,1.08635,1.08521,1.0854,1911
2025-02-01 08:00:00,1.08529,1.08705,1.08529,1.08548,3850
2025-02-01 08:15:00,1.08545,1.08573,1.08545,1.08566,4697
2025-02-01 08:30:00,1.08598,1.08616,1.08553,1.08564,889
2025-02-01 08:45:00,1.08562,1.08654,1.08543,1.08592,1725
2025-02-01 09:00:00,1.08591,1.08669,1.08591,1.08619,4138
2025-02-01 09:15:00,1.08625,1.08674,1.08528,1.08581,4292
2025-02-01 09:30:00,1.08591,1.08591,1.08557,1.08559,1340
2025-02-01 09:45:00,1.08561,1.08673,1.08561,1.08622,1877
2025-02-01 10:00:00,1.08634,1.08642,1.08596,1.08635,734
2025-02-01 10:15:00,1.08623,1.08728,1.08583,1.08617,613
2025-02-01 10:30:00,1.08609,1.08609,1.08541,1.08587,3638
2025-02-01 10:45:00,1.08599,1.08649,1.08599,1.08608,1308
2025-02-01 11:00:00,1.08608,1.08608,1.08558,1.0859,2650
2025-02-01 11:15:00,1.08578,1.08643,1.08578,1.08629,910
2025-02-01 11:30:00,1.08616,1.08616,1.08554,1.0859,1818
2025-02-01 11:45:00,1.08582,1.08645,1.0856,1.08614,4586
2025-02-01 12:00:00,1.08615,1.08698,1.08572,1.08615,2087
2025-02-01 12:15:00,1.08619,1.08651,1.08602,1.08647,1560
2025-02-01 12:30:00,1.08644,1.08768,1.08635,1.08646,566
2025-02-01 12:45:00,1.0865,1.08721,1.08616,1.08655,2753
2025-02-01 13:00:00,1.0865,1.0865,1.08498,1.08646,840
2025-02-01 13:15:00,1.08658,1.08732,1.08569,1.08635,4477
2025-02-01 13:30:00,1.08661,1.08732,1.08661,1.08676,2973
2025-02-01 13:45:00,1.08672,1.08702,1.08669,1.08676,1455
2025-02-01 14:00:00,1.08681,1.08681,1.08638,1.08654,4804
2025-02-01 14:15:00,1.08658,1.08719,1.08649,1.08719,2510
2025-02-01 14:30:00,1.0872,1.0872,1.08619,1.08672,2388
2025-02-01 14:45:00,1.08679,1.08679,1.08585,1.08658,868
2025-02-01 15:00:00,1.08663,1.08713,1.08663,1.08699,2262
2025-02-01 15:15:00,1.08695,1.08712,1.08675,1.08706,1493
2025-02-01 15:30:00,1.08719,1.08719,1.08657,1.08673,581
2025-02-01 15:45:00,1.08675,1.08747,1.08618,1.08683,1687
2025-02-01 16:00:00,1.08679,1.08679,1.08614,1.08661,876
2025-02-01 16:15:00,1.08685,1.08756,1.08655,1.0867,502
2025-02-01 16:30:00,1.08669,1.08676,1.08604,1.08672,1183
2025-02-01 16:45:00,1.08674,1.08674,1.08648,1.08657,3689
2025-02-01 17:00:00,1.08659,1.08698,1.0864,1.0866,4227
2025-02-01 17:15:00,1.08659,1.08662,1.08584,1.08654,1263
2025-02-01 17:30:00,1.08658,1.08752,1.08563,1.08659,765
2025-02-01 17:45:00,1.0865,1.0865,1.08637,1.08638,2982
2025-02-01 18:00:00,1.08644,1.08684,1.08611,1.08649,3229
2025-02-01 18:15:00,1.08631,1.08708,1.0863,1.08671,1224
2025-02-01 18:30:00,1.08658,1.08695,1.08657,1.0867,3340
2025-02-01 18:45:00,1.08688,1.08726,1.08683,1.08713,2923
2025-02-01 19:00:00,1.087,1.087,1.08665,1.08678,2913
2025-02-01 19:15:00,1.08658,1.08719,1.08615,1.08694,2975
2025-02-01 19:30:00,1.08681,1.08763,1.08681,1.08731,1564
2025-02-01 19:45:00,1.08748,1.08748,1.08675,1.08699,2791
2025-02-01 20:00:00,1.08681,1.0874,1.08681,1.08709,3392
2025-02-01 20:15:00,1.08699,1.087,1.0868,1.08694,4898
2025-02-01 20:30:00,1.08679,1.08714,1.08679,1.087,4965
2025-02-01 20:45:00,1.08697,1.08697,1.08646,1.08683,2822
2025-02-01 21:00:00,1.08679,1.08718,1.08667,1.08713,546
2025-02-01 21:15:00,1.08708,1.08708,1.0864,1.08668,2664
2025-02-01 21:30:00,1.08687,1.08697,1.08687,1.08697,4161
2025-02-01 21:45:00,1.08685,1.08842,1.08685,1.08707,3064
2025-02-01 22:00:00,1.08706,1.08715,1.08654,1.08699,3825
2025-02-01 22:15:00,1.08702,1.08755,1.08676,1.08722,3166
2025-02-01 22:30:00,1.08712,1.08712,1.08537,1.08671,1255
2025-02-01 22:45:00,1.08676,1.08723,1.08676,1.0871,3744
2025-02-01 23:00:00,1.08706,1.08723,1.08647,1.08658,1952
2025-02-01 23:15:00,1.08662,1.0873,1.08662,1.08715,1404
2025-02-01 23:30:00,1.08714,1.08767,1.08711,1.08714,2954
2025-02-01 23:45:00,1.08694,1.08699,1.08647,1.08683,3987
2025-02-02 00:00:00,1.08696,1.08767,1.08665,1.08719,4560
2025-02-02 00:15:00,1.0874,1.0874,1.08694,1.08707,4263
2025-02-02 00:30:00,1.08705,1.08782,1.08682,1.08727,1278
2025-02-02 00:45:00,1.08718,1.0874,1.08639,1.08713,2290
2025-02-02 01:00:00,1.08728,1.08775,1.0859,1.08715,2101
2025-02-02 01:15:00,1.08734,1.08777,1.08701,1.08761,4343
2025-02-02 01:30:00,1.08759,1.08811,1.08739,1.08739,4175
2025-02-02 01:45:00,1.08737,1.08903,1.08721,1.08762,4357
2025-02-02 02:00:00,1.08761,1.08812,1.08721,1.0873,1505
2025-02-02 02:15:00,1.08713,1.08762,1.08713,1.08762,3200
2025-02-02 02:30:00,1.08759,1.08773,1.08694,1.08716,731
2025-02-02 02:45:00,1.08733,1.08771,1.08645,1.0872,4153
2025-02-02 03:00:00,1.08718,1.08798,1.08718,1.08755,2633
2025-02-02 03:15:00,1.08745,1.08753,1.08709,1.08737,4336
2025-02-02 03:30:00,1.08742,1.08859,1.08727,1.08792,2190
2025-02-02 03:45:00,1.08785,1.0883,1.08764,1.08784,1723
2025-02-02 04:00:00,1.08784,1.08784,1.08747,1.08766,2703
2025-02-02 04:15:00,1.08753,1.08753,1.08698,1.08733,1397
2025-02-02 04:30:00,1.08723,1.08778,1.08723,1.08763,2369
2025-02-02 04:45:00,1.0877,1.08813,1.08746,1.08768,651
2025-02-02 05:00:00,1.08769,1.08855,1.0872,1.08793,1851
2025-02-02 05:15:00,1.08786,1.08859,1.08736,1.08794,671
2025-02-02 05:30:00,1.08795,1.08797,1.08742,1.08753,1929
2025-02-02 05:45:00,1.08747,1.08791,1.08671,1.08783,3933
2025-02-02 06:00:00,1.08775,1.08776,1.08643,1.08769,3699
2025-02-02 06:15:00,1.08781,1.08781,1.08769,1.0877,2398
2025-02-02 06:30:00,1.08778,1.08778,1.08742,1.08757,1859
2025-02-02 06:45:00,1.08757,1.08773,1.08699,1.08725,1192
2025-02-02 07:00:00,1.08727,1.08805,1.08727,1.08767,599
2025-02-02 07:15:00,1.08767,1.08781,1.08719,1.08739,3942
2025-02-02 07:30:00,1.08744,1.08825,1.08716,1.08764,3549
2025-02-02 07:45:00,1.08756,1.088,1.0873,1.08777,2420
2025-02-02 08:00:00,1.08785,1.08837,1.08758,1.08774,927
2025-02-02 08:15:00,1.08777,1.08813,1.08687,1.08789,1086
2025-02-02 08:30:00,1.08786,1.0879,1.08762,1.08774,3467
2025-02-02 08:45:00,1.08769,1.08831,1.08745,1.08753,3704
2025-02-02 09:00:00,1.08762,1.08767,1.08673,1.08721,755
2025-02-02 09:15:00,1.08719,1.08822,1.08719,1.08765,1973
2025-02-02 09:30:00,1.08758,1.08796,1.08703,1.08755,1220
2025-02-02 09:45:00,1.08751,1.08797,1.08706,1.08749,2500
2025-02-02 10:00:00,1.08757,1.08759,1.08712,1.08725,3507
2025-02-02 10:15:00,1.08709,1.08733,1.08705,1.08723,3127
2025-02-02 10:30:00,1.0872,1.08782,1.08649,1.08732,2789
2025-02-02 10:45:00,1.08743,1.08766,1.08702,1.08756,4710
2025-02-02 11:00:00,1.08754,1.08792,1.08719,1.08758,2231
2025-02-02 11:15:00,1.0876,1.08791,1.08657,1.08784,2677
2025-02-02 11:30:00,1.08795,1.08796,1.08715,1.0873,2080
2025-02-02 11:45:00,1.08739,1.08837,1.08739,1.08779,3726
2025-02-02 12:00:00,1.08775,1.08775,1.08695,1.0875,1493
2025-02-02 12:15:00,1.08748,1.08824,1.08748,1.08761,2496
2025-02-02 12:30:00,1.0877,1.0877,1.08729,1.08742,2352
2025-02-02 12:45:00,1.08752,1.08815,1.08752,1.08778,581
2025-02-02 13:00:00,1.08777,1.08777,1.08733,1.0876,4350
2025-02-02 13:15:00,1.08759,1.0877,1.08678,1.08743,3512
2025-02-02 13:30:00,1.08745,1.08786,1.08731,1.08738,3216
2025-02-02 13:45:00,1.08752,1.08813,1.08686,1.0873,1955
2025-02-02 14:00:00,1.08741,1.08778,1.08704,1.0875,1697
2025-02-02 14:15:00,1.08757,1.08798,1.08647,1.08711,3612
2025-02-02 14:30:00,1.087,1.08786,1.08672,1.08736,3416
2025-02-02 14:45:00,1.08733,1.08811,1.087,1.0875,1811
2025-02-02 15:00:00,1.08748,1.08748,1.08672,1.08742,1060
2025-02-02 15:15:00,1.08756,1.08838,1.08756,1.08771,2604
2025-02-02 15:30:00,1.08769,1.0881,1.08729,1.08754,2553
2025-02-02 15:45:00,1.08766,1.08766,1.08734,1.08738,2098
2025-02-02 16:00:00,1.08733,1.0877,1.08733,1.0875,1444
2025-02-02 16:15:00,1.08745,1.0882,1.08722,1.08754,1078
2025-02-02 16:30:00,1.08759,1.08838,1.08726,1.08754,1414
2025-02-02 16:45:00,1.08769,1.08769,1.08694,1.08713,661
2025-02-02 17:00:00,1.0871,1.0876,1.08692,1.08751,1274
2025-02-02 17:15:00,1.08725,1.08725,1.08678,1.08712,556
2025-02-02 17:30:00,1.08697,1.08804,1.08697,1.08779,1689
2025-02-02 17:45:00,1.08782,1.08782,1.08736,1.08751,4544
2025-02-02 18:00:00,1.08736,1.08806,1.08698,1.08754,1045
2025-02-02 18:15:00,1.08745,1.08806,1.08729,1.08787,3480
2025-02-02 18:30:00,1.08787,1.08787,1.08671,1.08768,4642
2025-02-02 18:45:00,1.08744,1.0878,1.08702,1.08733,1913
2025-02-02 19:00:00,1.08729,1.08802,1.08723,1.08754,2915
2025-02-02 19:15:00,1.08742,1.08755,1.08736,1.08744,4583
2025-02-02 19:30:00,1.08729,1.08742,1.08593,1.08731,3888
2025-02-02 19:45:00,1.08723,1.08809,1.08658,1.08747,3703
2025-02-02 20:00:00,1.08737,1.08776,1.08721,1.08755,1912
2025-02-02 20:15:00,1.0876,1.08863,1.08721,1.0876,3129
2025-02-02 20:30:00,1.08772,1.0882,1.08723,1.08725,1071
2025-02-02 20:45:00,1.08721,1.08823,1.08718,1.08776,2240
2025-02-02 21:00:00,1.0877,1.08834,1.08664,1.08755,4427
2025-02-02 21:15:00,1.08751,1.08759,1.08712,1.08757,847
2025-02-02 21:30:00,1.08746,1.08793,1.08739,1.08765,1344
2025-02-02 21:45:00,1.08752,1.08763,1.08702,1.08739,3165
2025-02-02 22:00:00,1.08722,1.08764,1.08722,1.08753,4090
2025-02-02 22:15:00,1.0874,1.08774,1.08673,1.08741,2999
2025-02-02 22:30:00,1.08758,1.0878,1.08657,1.08746,1042
2025-02-02 22:45:00,1.08739,1.08816,1.08739,1.08778,715
2025-02-02 23:00:00,1.08748,1.08818,1.08748,1.088,3400
2025-02-02 23:15:00,1.08794,1.08815,1.08787,1.08791,4893
2025-02-02 23:30:00,1.08776,1.08867,1.08738,1.08787,1869
2025-02-02 23:45:00,1.08788,1.088,1.08652,1.08773,785
2025-02-03 00:00:00,1.08773,1.08809,1.08687,1.08755,3559
2025-02-03 00:15:00,1.08756,1.08912,1.08756,1.08832,4721
2025-02-03 00:30:00,1.08831,1.08854,1.0876,1.08839,550
2025-02-03 00:45:00,1.08835,1.08883,1.08784,1.08845,2225
2025-02-03 01:00:00,1.0883,1.089,1.08811,1.08815,1899
2025-02-03 01:15:00,1.08814,1.08857,1.08789,1.08805,3936
2025-02-03 01:30:00,1.08815,1.089,1.08735,1.0881,3803
2025-02-03 01:45:00,1.08828,1.08828,1.0875,1.08797,3217
2025-02-03 02:00:00,1.08795,1.08851,1.08757,1.0884,1829
2025-02-03 02:15:00,1.08839,1.08881,1.08839,1.08877,3822
2025-02-03 02:30:00,1.08882,1.08882,1.08752,1.08828,3398
2025-02-03 02:45:00,1.08843,1.08843,1.0883,1.0883,2889
2025-02-03 03:00:00,1.08825,1.08972,1.08825,1.08851,1248
2025-02-03 03:15:00,1.08858,1.08858,1.08818,1.0882,1023
2025-02-03 03:30:00,1.08812,1.08981,1.08812,1.0887,1154
2025-02-03 03:45:00,1.08873,1.08917,1.08867,1.0888,4994
2025-02-03 04:00:00,1.0889,1.0889,1.08755,1.08824,3453
2025-02-03 04:15:00,1.08811,1.08926,1.08702,1.08818,3689
2025-02-03 04:30:00,1.08812,1.08871,1.08768,1.0883,2608
2025-02-03 04:45:00,1.0884,1.08846,1.08781,1.08817,2438
2025-02-03 05:00:00,1.08823,1.08861,1.08748,1.08802,1704
2025-02-03 05:15:00,1.08812,1.08865,1.0878,1.08855,4539
2025-02-03 05:30:00,1.08864,1.08866,1.08786,1.08849,4582
2025-02-03 05:45:00,1.08845,1.08898,1.0881,1.08839,4562
2025-02-03 06:00:00,1.08861,1.08861,1.08789,1.08821,764
2025-02-03 06:15:00,1.08822,1.08865,1.08761,1.08828,3834
2025-02-03 06:30:00,1.08797,1.08889,1.08776,1.08855,1211
2025-02-03 06:45:00,1.08852,1.08913,1.08742,1.08849,1412
2025-02-03 07:00:00,1.08844,1.08922,1.08814,1.08848,2234
2025-02-03 07:15:00,1.08856,1.08955,1.08856,1.08884,1945
2025-02-03 07:30:00,1.08879,1.08938,1.08871,1.08893,2636
2025-02-03 07:45:00,1.08904,1.08991,1.08862,1.08916,831
2025-02-03 08:00:00,1.08921,1.08921,1.08768,1.08864,4349
2025-02-03 08:15:00,1.08854,1.08974,1.08842,1.08881,4334
2025-02-03 08:30:00,1.0888,1.08905,1.08834,1.08894,651
2025-02-03 08:45:00,1.08887,1.08907,1.08833,1.08894,1207
2025-02-03 09:00:00,1.08896,1.08951,1.08896,1.08921,920
2025-02-03 09:15:00,1.08913,1.08913,1.08859,1.08885,752
2025-02-03 09:30:00,1.08886,1.08997,1.08886,1.08906,1498
2025-02-03 09:45:00,1.08903,1.08903,1.08821,1.08879,4055
2025-02-03 10:00:00,1.08877,1.08904,1.08835,1.08888,792
2025-02-03 10:15:00,1.08909,1.08909,1.08846,1.08852,1740
2025-02-03 10:30:00,1.08849,1.0891,1.08816,1.08864,668
2025-02-03 10:45:00,1.08844,1.08916,1.08792,1.08885,3281
2025-02-03 11:00:00,1.08895,1.08916,1.08869,1.08899,536
2025-02-03 11:15:00,1.08909,1.08909,1.08754,1.08877,1944
2025-02-03 11:30:00,1.08857,1.08903,1.08819,1.0887,4891
2025-02-03 11:45:00,1.08863,1.09019,1.08863,1.08914,2867
2025-02-03 12:00:00,1.08918,1.08918,1.08785,1.0884,1422
2025-02-03 12:15:00,1.08845,1.08859,1.08788,1.08852,2320
2025-02-03 12:30:00,1.08852,1.08929,1.08852,1.08899,2942
2025-02-03 12:45:00,1.089,1.08916,1.08841,1.08884,4878
2025-02-03 13:00:00,1.08875,1.08899,1.08847,1.08897,2162
2025-02-03 13:15:00,1.08873,1.08905,1.08827,1.08893,1498
2025-02-03 13:30:00,1.08913,1.08913,1.08881,1.08889,4681
2025-02-03 13:45:00,1.08879,1.08887,1.08831,1.08873,4802
2025-02-03 14:00:00,1.08875,1.08916,1.08875,1.08903,4446
2025-02-03 14:15:00,1.08901,1.08987,1.08878,1.08909,3024
2025-02-03 14:30:00,1.08918,1.08938,1.08866,1.08914,630
2025-02-03 14:45:00,1.08916,1.08989,1.08916,1.08931,4731
2025-02-03 15:00:00,1.08933,1.08933,1.08855,1.08883,3917
2025-02-03 15:15:00,1.08857,1.08899,1.08857,1.08897,2717
2025-02-03 15:30:00,1.08889,1.08889,1.08862,1.08863,3516
2025-02-03 15:45:00,1.0887,1.08976,1.0887,1.08887,1686
2025-02-03 16:00:00,1.08894,1.0893,1.08894,1.08903,4794
2025-02-03 16:15:00,1.08894,1.0896,1.08856,1.08921,3312
2025-02-03 16:30:00,1.08905,1.08908,1.08885,1.08893,2017
2025-02-03 16:45:00,1.08894,1.08985,1.08891,1.0892,4698
2025-02-03 17:00:00,1.08891,1.08941,1.08845,1.08912,505
2025-02-03 17:15:00,1.089,1.08943,1.08874,1.08893,1210
2025-02-03 17:30:00,1.0891,1.08988,1.08871,1.08902,511
2025-02-03 17:45:00,1.08916,1.08916,1.08874,1.08885,2650
2025-02-03 18:00:00,1.0889,1.08915,1.08847,1.08889,2213
2025-02-03 18:15:00,1.08892,1.08917,1.08821,1.08868,4766
2025-02-03 18:30:00,1.08849,1.08956,1.08849,1.08893,4684
2025-02-03 18:45:00,1.08886,1.08892,1.08793,1.08884,3918
2025-02-03 19:00:00,1.08881,1.08959,1.08807,1.08883,3782
2025-02-03 19:15:00,1.08876,1.08916,1.08828,1.08896,4104
2025-02-03 19:30:00,1.08892,1.08938,1.08883,1.08909,3147
2025-02-03 19:45:00,1.08922,1.08922,1.08831,1.08898,4096
2025-02-03 20:00:00,1.08893,1.08956,1.0888,1.08891,4482
2025-02-03 20:15:00,1.08888,1.08918,1.08821,1.08881,677
2025-02-03 20:30:00,1.08888,1.08911,1.08821,1.08856,3110
2025-02-03 20:45:00,1.08842,1.08842,1.08806,1.08841,1053
2025-02-03 21:00:00,1.08833,1.08865,1.08816,1.08848,3889
2025-02-03 21:15:00,1.0884,1.08899,1.08829,1.08855,741
2025-02-03 21:30:00,1.08855,1.08936,1.08855,1.08883,4499
2025-02-03 21:45:00,1.08879,1.08902,1.08872,1.08882,1879
2025-02-03 22:00:00,1.08879,1.08886,1.08749,1.08844,2096
2025-02-03 22:15:00,1.08837,1.08883,1.08837,1.08857,4029
2025-02-03 22:30:00,1.08847,1.09052,1.08781,1.0887,2504
2025-02-03 22:45:00,1.08876,1.08978,1.08829,1.08873,2446
2025-02-03 23:00:00,1.0887,1.0889,1.08833,1.08863,1800
2025-02-03 23:15:00,1.08869,1.08869,1.0877,1.08829,3589
2025-02-03 23:30:00,1.08818,1.0886,1.08773,1.08803,3895
2025-02-03 23:45:00,1.08797,1.08836,1.08751,1.08811,1570
2025-02-04 00:00:00,1.08809,1.08872,1.08777,1.08836,4284
2025-02-04 00:15:00,1.08835,1.0893,1.08773,1.08835,2288
2025-02-04 00:30:00,1.08843,1.08843,1.08775,1.088,4787
2025-02-04 00:45:00,1.08796,1.08917,1.08757,1.08829,2272
2025-02-04 01:00:00,1.08836,1.08887,1.08805,1.08831,4305
2025-02-04 01:15:00,1.08834,1.08834,1.08778,1.08802,2714
2025-02-04 01:30:00,1.08801,1.0895,1.08801,1.0884,556
2025-02-04 01:45:00,1.0883,1.08837,1.08794,1.08805,737
2025-02-04 02:00:00,1.08813,1.08833,1.08765,1.08827,1232
2025-02-04 02:15:00,1.08818,1.08818,1.08772,1.08788,4389
2025-02-04 02:30:00,1.08788,1.08807,1.08724,1.08787,3324
2025-02-04 02:45:00,1.08786,1.08868,1.0878,1.08803,1727
2025-02-04 03:00:00,1.08801,1.08839,1.08758,1.08819,4737
2025-02-04 03:15:00,1.08815,1.08916,1.08802,1.08818,2954
2025-02-04 03:30:00,1.0881,1.08833,1.08808,1.08813,4805
2025-02-04 03:45:00,1.08797,1.08871,1.08795,1.08823,1267
2025-02-04 04:00:00,1.08837,1.08837,1.08748,1.08807,3883
2025-02-04 04:15:00,1.08802,1.08833,1.08737,1.0882,2924
2025-02-04 04:30:00,1.08819,1.08839,1.08716,1.08779,3924
2025-02-04 04:45:00,1.08777,1.08863,1.08757,1.08829,1213
2025-02-04 05:00:00,1.0884,1.0884,1.08809,1.08827,585
2025-02-04 05:15:00,1.08846,1.08876,1.08846,1.08876,2078
2025-02-04 05:30:00,1.08878,1.08878,1.08815,1.08823,2516
2025-02-04 05:45:00,1.08821,1.08921,1.0881,1.08812,3986
2025-02-04 06:00:00,1.088,1.08885,1.088,1.08879,3927
2025-02-04 06:15:00,1.08865,1.08909,1.08811,1.08869,4214
2025-02-04 06:30:00,1.08852,1.08852,1.08804,1.08831,1771
2025-02-04 06:45:00,1.08823,1.08833,1.08734,1.08806,4313
2025-02-04 07:00:00,1.08785,1.08897,1.08785,1.08874,2124
2025-02-04 07:15:00,1.08884,1.08884,1.08845,1.08857,2908
2025-02-04 07:30:00,1.08861,1.08861,1.08732,1.08776,3351
2025-02-04 07:45:00,1.08774,1.08883,1.08774,1.08821,1897
2025-02-04 08:00:00,1.08832,1.08913,1.0877,1.08865,2465
2025-02-04 08:15:00,1.08855,1.08864,1.08772,1.08827,4656
2025-02-04 08:30:00,1.08818,1.08893,1.08768,1.08829,3741
2025-02-04 08:45:00,1.08809,1.08877,1.08809,1.08844,2030
2025-02-04 09:00:00,1.08851,1.08851,1.08785,1.0882,1274
2025-02-04 09:15:00,1.08812,1.08833,1.08777,1.08803,2961
2025-02-04 09:30:00,1.08803,1.08877,1.08803,1.08853,615
2025-02-04 09:45:00,1.08863,1.08863,1.08724,1.08802,1849
2025-02-04 10:00:00,1.08816,1.08986,1.08807,1.08851,3245
2025-02-04 10:15:00,1.08851,1.08872,1.0878,1.08868,3743
2025-02-04 10:30:00,1.08872,1.08878,1.08778,1.08831,3347
2025-02-04 10:45:00,1.08822,1.08857,1.08752,1.08833,1126
2025-02-04 11:00:00,1.0885,1.08929,1.0885,1.0889,2139
2025-02-04 11:15:00,1.08888,1.08935,1.08879,1.08889,2722
2025-02-04 11:30:00,1.08889,1.0889,1.08776,1.08872,3445
2025-02-04 11:45:00,1.08868,1.09006,1.08868,1.08923,2921
2025-02-04 12:00:00,1.08935,1.08954,1.08838,1.0891,736
2025-02-04 12:15:00,1.08912,1.08912,1.08873,1.08888,3557
2025-02-04 12:30:00,1.08895,1.08895,1.0881,1.08859,1467
2025-02-04 12:45:00,1.08862,1.08919,1.08862,1.08875,3331
2025-02-04 13:00:00,1.08872,1.08889,1.08851,1.0888,4427
2025-02-04 13:15:00,1.0889,1.08942,1.08842,1.08877,1519
2025-02-04 13:30:00,1.08881,1.08944,1.08881,1.08911,2506
2025-02-04 13:45:00,1.08902,1.08925,1.08843,1.08868,3393
2025-02-04 14:00:00,1.08858,1.08886,1.08824,1.08871,2062
2025-02-04 14:15:00,1.08873,1.08901,1.08845,1.08897,1341
2025-02-04 14:30:00,1.08906,1.08906,1.08821,1.08877,2703
2025-02-04 14:45:00,1.08893,1.08893,1.08883,1.08885,1312
2025-02-04 15:00:00,1.08867,1.08885,1.08809,1.08868,4399
2025-02-04 15:15:00,1.08868,1.08908,1.08868,1.08904,4261
2025-02-04 15:30:00,1.08909,1.08909,1.08854,1.08899,3697
2025-02-04 15:45:00,1.08902,1.08913,1.08846,1.08897,2209
2025-02-04 16:00:00,1.08908,1.08908,1.08852,1.08877,1564
2025-02-04 16:15:00,1.08884,1.08909,1.08884,1.08889,4781
2025-02-04 16:30:00,1.08879,1.08948,1.08879,1.08905,3008
2025-02-04 16:45:00,1.08895,1.08895,1.08832,1.08857,2218
2025-02-04 17:00:00,1.0886,1.09015,1.0886,1.08902,3832
2025-02-04 17:15:00,1.08912,1.08912,1.08819,1.08848,3093
2025-02-04 17:30:00,1.0885,1.08894,1.08809,1.08866,1972
2025-02-04 17:45:00,1.08851,1.09,1.08851,1.08867,1198
2025-02-04 18:00:00,1.08856,1.08927,1.08856,1.08907,1444
2025-02-04 18:15:00,1.08914,1.08962,1.08879,1.08913,636
2025-02-04 18:30:00,1.08909,1.0893,1.08885,1.08901,1725
2025-02-04 18:45:00,1.08902,1.08918,1.08868,1.08887,3202
2025-02-04 19:00:00,1.08898,1.08929,1.08874,1.08902,2704
2025-02-04 19:15:00,1.0889,1.08954,1.08877,1.08899,3826
2025-02-04 19:30:00,1.08895,1.08944,1.08891,1.08926,2728
2025-02-04 19:45:00,1.0892,1.08958,1.08882,1.08892,2956
2025-02-04 20:00:00,1.08896,1.08949,1.0887,1.0894,4302
2025-02-04 20:15:00,1.08948,1.08948,1.0885,1.08866,3599
2025-02-04 20:30:00,1.08851,1.08906,1.08851,1.08888,4234
2025-02-04 20:45:00,1.08888,1.08956,1.08888,1.0894,2038
2025-02-04 21:00:00,1.08948,1.08948,1.08807,1.08903,2068
2025-02-04 21:15:00,1.08884,1.08908,1.08884,1.08893,3770
2025-02-04 21:30:00,1.08893,1.08957,1.08849,1.08927,4664
2025-02-04 21:45:00,1.08915,1.08927,1.089,1.08914,1101
2025-02-04 22:00:00,1.08908,1.08946,1.08897,1.089,2564
2025-02-04 22:15:00,1.08875,1.08942,1.08866,1.08889,4406
2025-02-04 22:30:00,1.08903,1.09033,1.08903,1.08976,1045
2025-02-04 22:45:00,1.08972,1.09003,1.08876,1.08927,683
2025-02-04 23:00:00,1.08919,1.08927,1.08836,1.08891,1337
2025-02-04 23:15:00,1.08894,1.09012,1.08894,1.0896,2392
2025-02-04 23:30:00,1.08949,1.08995,1.08907,1.08935,1888
2025-02-04 23:45:00,1.08923,1.08963,1.0886,1.08916,2441
2025-02-05 00:00:00,1.08931,1.08934,1.08882,1.08918,1957
2025-02-05 00:15:00,1.08936,1.09057,1.08933,1.08966,3770
2025-02-05 00:30:00,1.0896,1.08961,1.08858,1.0894,3300
2025-02-05 00:45:00,1.08951,1.08974,1.08865,1.08903,3803
2025-02-05 01:00:00,1.08907,1.09029,1.08907,1.08979,3270
2025-02-05 01:15:00,1.08965,1.08985,1.08891,1.0894,1953
2025-02-05 01:30:00,1.0893,1.08986,1.0893,1.08976,4135
2025-02-05 01:45:00,1.08992,1.08992,1.08948,1.08965,3786
2025-02-05 02:00:00,1.0895,1.0895,1.08919,1.08926,1672
2025-02-05 02:15:00,1.08949,1.09018,1.08949,1.08972,2211
2025-02-05 02:30:00,1.08966,1.08966,1.0892,1.08931,1280
2025-02-05 02:45:00,1.08947,1.09064,1.08914,1.08917,1528
2025-02-05 03:00:00,1.08914,1.09021,1.08914,1.08955,2750
2025-02-05 03:15:00,1.08963,1.09082,1.08951,1.08972,4649
2025-02-05 03:30:00,1.08986,1.08986,1.08947,1.08955,4883
2025-02-05 03:45:00,1.08969,1.08974,1.0896,1.08962,4169
2025-02-05 04:00:00,1.08957,1.08998,1.08957,1.08984,1568
2025-02-05 04:15:00,1.08976,1.09011,1.0893,1.08963,783
2025-02-05 04:30:00,1.08963,1.08963,1.08851,1.08927,1332
2025-02-05 04:45:00,1.08914,1.09,1.0891,1.08964,3988
2025-02-05 05:00:00,1.08967,1.09004,1.08886,1.08941,4867
2025-02-05 05:15:00,1.08933,1.08972,1.08895,1.08899,3712
2025-02-05 05:30:00,1.08909,1.08954,1.08909,1.08954,1416
2025-02-05 05:45:00,1.08949,1.09041,1.08938,1.08952,1070
2025-02-05 06:00:00,1.08934,1.09024,1.08926,1.08939,3299
2025-02-05 06:15:00,1.08953,1.08982,1.08925,1.08953,2594
2025-02-05 06:30:00,1.08955,1.08969,1.08878,1.08933,3738
2025-02-05 06:45:00,1.08933,1.08977,1.08932,1.08933,1120
2025-02-05 07:00:00,1.08944,1.08944,1.08892,1.08904,1270
2025-02-05 07:15:00,1.08913,1.08984,1.08913,1.08946,3847
2025-02-05 07:30:00,1.08938,1.09074,1.08938,1.08967,2114
2025-02-05 07:45:00,1.08962,1.08962,1.08873,1.08899,564
2025-02-05 08:00:00,1.08888,1.08948,1.08888,1.08916,4198
2025-02-05 08:15:00,1.08902,1.08914,1.08862,1.08909,701
2025-02-05 08:30:00,1.08915,1.09031,1.08793,1.08916,4737
2025-02-05 08:45:00,1.0892,1.0892,1.08886,1.08901,3669
2025-02-05 09:00:00,1.08909,1.09054,1.08909,1.08933,3364
2025-02-05 09:15:00,1.08946,1.08988,1.08899,1.08933,1657
2025-02-05 09:30:00,1.08941,1.08954,1.08848,1.08928,2809
2025-02-05 09:45:00,1.08937,1.08937,1.08846,1.08873,601
2025-02-05 10:00:00,1.08852,1.08965,1.08852,1.08937,876
2025-02-05 10:15:00,1.08934,1.08992,1.08881,1.08943,705
2025-02-05 10:30:00,1.08953,1.08953,1.08865,1.08945,4224
2025-02-05 10:45:00,1.08933,1.08978,1.08886,1.08938,2557
2025-02-05 11:00:00,1.08939,1.09103,1.08939,1.08948,4163
2025-02-05 11:15:00,1.08953,1.08986,1.08915,1.08964,2134
2025-02-05 11:30:00,1.08968,1.08973,1.08899,1.08971,1560
2025-02-05 11:45:00,1.08975,1.08975,1.08902,1.08917,3323
2025-02-05 12:00:00,1.08923,1.09046,1.08923,1.08973,1389
2025-02-05 12:15:00,1.08975,1.08997,1.08907,1.08941,2062
2025-02-05 12:30:00,1.08927,1.08968,1.08836,1.08937,3695
2025-02-05 12:45:00,1.08942,1.09007,1.0889,1.08911,4998
2025-02-05 13:00:00,1.08914,1.09011,1.08888,1.08935,1310
2025-02-05 13:15:00,1.08921,1.08924,1.08871,1.08912,1558
2025-02-05 13:30:00,1.08926,1.08953,1.08926,1.08931,1760
2025-02-05 13:45:00,1.08936,1.08939,1.08914,1.08936,3046
2025-02-05 14:00:00,1.08922,1.08982,1.08922,1.0895,1011
2025-02-05 14:15:00,1.08942,1.0896,1.08934,1.08943,2346
2025-02-05 14:30:00,1.08937,1.09072,1.08911,1.08939,4912
2025-02-05 14:45:00,1.08934,1.08934,1.089,1.08906,4898
2025-02-05 15:00:00,1.08909,1.08941,1.08883,1.08918,1625
2025-02-05 15:15:00,1.08908,1.08985,1.08908,1.08957,4160
2025-02-05 15:30:00,1.08968,1.08968,1.08916,1.08933,4677
2025-02-05 15:45:00,1.08943,1.0904,1.08901,1.08965,1157
2025-02-05 16:00:00,1.08971,1.08971,1.08821,1.08938,552
2025-02-05 16:15:00,1.08939,1.08991,1.08905,1.08952,4940
2025-02-05 16:30:00,1.08961,1.09005,1.08884,1.08974,1608
2025-02-05 16:45:00,1.08971,1.08971,1.08911,1.08926,1486
2025-02-05 17:00:00,1.08919,1.09009,1.08894,1.08933,710
2025-02-05 17:15:00,1.08945,1.09037,1.08859,1.08965,1275
2025-02-05 17:30:00,1.08969,1.09072,1.08918,1.08968,1414
2025-02-05 17:45:00,1.08962,1.09,1.08875,1.08943,4778
2025-02-05 18:00:00,1.08939,1.09039,1.08939,1.08962,1005
2025-02-05 18:15:00,1.08955,1.08955,1.08807,1.08928,3798
2025-02-05 18:30:00,1.08948,1.08954,1.08913,1.08936,2357
2025-02-05 18:45:00,1.08936,1.0896,1.08864,1.08949,4688
2025-02-05 19:00:00,1.08951,1.08992,1.08922,1.08935,4925
2025-02-05 19:15:00,1.08942,1.08987,1.08884,1.08952,2737
2025-02-05 19:30:00,1.0894,1.09008,1.08866,1.08969,3413
2025-02-05 19:45:00,1.0898,1.09035,1.08953,1.08959,3501
2025-02-05 20:00:00,1.08953,1.08965,1.08915,1.08942,760
2025-02-05 20:15:00,1.0896,1.08987,1.08884,1.0895,1209
2025-02-05 20:30:00,1.08947,1.08969,1.08941,1.08957,2451
2025-02-05 20:45:00,1.08967,1.09023,1.08967,1.08977,2870
2025-02-05 21:00:00,1.08952,1.09057,1.08877,1.08978,587
2025-02-05 21:15:00,1.08966,1.09039,1.08892,1.08957,3889
2025-02-05 21:30:00,1.08954,1.08985,1.08954,1.08965,3794
2025-02-05 21:45:00,1.08945,1.09009,1.08873,1.08964,3234
2025-02-05 22:00:00,1.0897,1.0897,1.08915,1.08937,2756
2025-02-05 22:15:00,1.0894,1.08971,1.0894,1.0896,1572
2025-02-05 22:30:00,1.0895,1.0895,1.08882,1.08907,4107
2025-02-05 22:45:00,1.08907,1.08978,1.08907,1.08958,4421
2025-02-05 23:00:00,1.08966,1.09002,1.08941,1.08961,3469
2025-02-05 23:15:00,1.0894,1.08962,1.08915,1.08944,2810
2025-02-05 23:30:00,1.08931,1.08962,1.08922,1.08924,3777
2025-02-05 23:45:00,1.0892,1.08976,1.08877,1.08929,4252
2025-02-06 00:00:00,1.08929,1.09021,1.08848,1.08941,4068
2025-02-06 00:15:00,1.0894,1.0894,1.08899,1.08926,4469
2025-02-06 00:30:00,1.08935,1.08935,1.08875,1.08881,3217
2025-02-06 00:45:00,1.08886,1.08921,1.0881,1.08873,1988
2025-02-06 01:00:00,1.0888,1.08958,1.0888,1.08885,2158
2025-02-06 01:15:00,1.08871,1.08874,1.08838,1.08847,2567
2025-02-06 01:30:00,1.08849,1.08956,1.08846,1.08865,3115
2025-02-06 01:45:00,1.08862,1.08946,1.08862,1.08899,3517
2025-02-06 02:00:00,1.08913,1.08913,1.08853,1.08894,1631
2025-02-06 02:15:00,1.08895,1.08942,1.08782,1.08881,2687
2025-02-06 02:30:00,1.08874,1.08909,1.08732,1.08842,770
2025-02-06 02:45:00,1.0885,1.08937,1.0885,1.0886,2096
2025-02-06 03:00:00,1.08866,1.08868,1.08843,1.0886,4026
2025-02-06 03:15:00,1.08851,1.08898,1.08812,1.08891,4879
2025-02-06 03:30:00,1.08888,1.08938,1.08846,1.08853,865
2025-02-06 03:45:00,1.0885,1.08858,1.08806,1.0884,3031
2025-02-06 04:00:00,1.08852,1.08873,1.08759,1.08815,502
2025-02-06 04:15:00,1.08817,1.08929,1.08817,1.08872,3551
2025-02-06 04:30:00,1.08879,1.08879,1.08784,1.08842,1283
2025-02-06 04:45:00,1.08837,1.08903,1.0881,1.08846,2711
2025-02-06 05:00:00,1.08849,1.08875,1.08849,1.08859,4983
2025-02-06 05:15:00,1.08872,1.08879,1.08767,1.08846,1532
2025-02-06 05:30:00,1.08842,1.08932,1.08742,1.08842,2559
2025-02-06 05:45:00,1.08843,1.0891,1.08791,1.08854,4669
2025-02-06 06:00:00,1.0884,1.08912,1.0884,1.08867,737
2025-02-06 06:15:00,1.0886,1.08927,1.08858,1.08883,4383
2025-02-06 06:30:00,1.0888,1.08929,1.08832,1.08852,3679
2025-02-06 06:45:00,1.08841,1.08942,1.08833,1.08902,2485
2025-02-06 07:00:00,1.08915,1.08915,1.08867,1.08893,1962
2025-02-06 07:15:00,1.08885,1.08927,1.08852,1.08888,1371
2025-02-06 07:30:00,1.08896,1.08896,1.08802,1.08856,1721
2025-02-06 07:45:00,1.08857,1.08913,1.0882,1.0888,2166
2025-02-06 08:00:00,1.08881,1.08886,1.08731,1.08844,3936
2025-02-06 08:15:00,1.08859,1.08863,1.08815,1.08845,2156
2025-02-06 08:30:00,1.08823,1.08865,1.08813,1.08864,1631
2025-02-06 08:45:00,1.08862,1.08894,1.08854,1.08862,2471
2025-02-06 09:00:00,1.08851,1.08946,1.08762,1.08863,1310
2025-02-06 09:15:00,1.08843,1.08857,1.08749,1.08851,555
2025-02-06 09:30:00,1.08839,1.08913,1.08758,1.08867,4023
2025-02-06 09:45:00,1.08867,1.08921,1.08854,1.08885,3162
2025-02-06 10:00:00,1.08878,1.08896,1.08878,1.08889,3779
2025-02-06 10:15:00,1.08898,1.08908,1.08852,1.0887,2033
2025-02-06 10:30:00,1.08868,1.08913,1.08839,1.08846,4511
2025-02-06 10:45:00,1.08843,1.08964,1.08822,1.08872,1433
2025-02-06 11:00:00,1.08868,1.08906,1.08858,1.0889,1162
2025-02-06 11:15:00,1.08889,1.08915,1.08883,1.08892,4345
2025-02-06 11:30:00,1.08888,1.08888,1.08824,1.08836,3523
2025-02-06 11:45:00,1.08827,1.08852,1.08798,1.08851,3177
2025-02-06 12:00:00,1.0886,1.0886,1.08784,1.08848,643
2025-02-06 12:15:00,1.08842,1.08949,1.08842,1.08898,3775
2025-02-06 12:30:00,1.08894,1.08894,1.08812,1.08863,4824
2025-02-06 12:45:00,1.08867,1.08879,1.08835,1.08841,739
2025-02-06 13:00:00,1.08844,1.08906,1.08803,1.08884,2504
2025-02-06 13:15:00,1.08875,1.08875,1.08805,1.08857,4269
2025-02-06 13:30:00,1.08864,1.08875,1.0878,1.08834,4746
2025-02-06 13:45:00,1.0884,1.08899,1.08793,1.08838,3896
2025-02-06 14:00:00,1.0884,1.08937,1.0884,1.08896,1302
2025-02-06 14:15:00,1.08891,1.08891,1.08792,1.08869,852
2025-02-06 14:30:00,1.08865,1.08867,1.08772,1.08851,2474
2025-02-06 14:45:00,1.08849,1.08856,1.08723,1.08838,1633
2025-02-06 15:00:00,1.08826,1.08879,1.08826,1.08843,1563
2025-02-06 15:15:00,1.08842,1.08856,1.08679,1.0884,1895
2025-02-06 15:30:00,1.08849,1.08912,1.08802,1.08842,2048
2025-02-06 15:45:00,1.08851,1.08881,1.08784,1.0884,2030
2025-02-06 16:00:00,1.08836,1.08848,1.08836,1.08839,552
2025-02-06 16:15:00,1.0885,1.08868,1.08825,1.08829,3651
2025-02-06 16:30:00,1.08848,1.08848,1.08806,1.0881,3286
2025-02-06 16:45:00,1.08806,1.08827,1.08787,1.08826,1644
2025-02-06 17:00:00,1.08833,1.08833,1.08779,1.08801,2612
2025-02-06 17:15:00,1.08778,1.08947,1.08778,1.08888,795
2025-02-06 17:30:00,1.08875,1.08899,1.0882,1.08867,3489
2025-02-06 17:45:00,1.08868,1.08871,1.08836,1.08842,2080
2025-02-06 18:00:00,1.08832,1.08894,1.08812,1.08855,2925
2025-02-06 18:15:00,1.08876,1.08876,1.08769,1.08846,3127
2025-02-06 18:30:00,1.08852,1.08966,1.08813,1.08906,4662
2025-02-06 18:45:00,1.08916,1.08916,1.08786,1.08852,2093
2025-02-06 19:00:00,1.08852,1.0889,1.08852,1.08886,1009
2025-02-06 19:15:00,1.08875,1.0896,1.08852,1.08869,2391
2025-02-06 19:30:00,1.08864,1.08881,1.08787,1.08876,1961
2025-02-06 19:45:00,1.08878,1.0894,1.0883,1.08858,2499
2025-02-06 20:00:00,1.08851,1.08851,1.08793,1.08824,2470
2025-02-06 20:15:00,1.08831,1.08867,1.08831,1.08848,2051
2025-02-06 20:30:00,1.08855,1.08909,1.08831,1.08832,4351
2025-02-06 20:45:00,1.08833,1.08886,1.0877,1.08864,601
2025-02-06 21:00:00,1.08846,1.08927,1.08817,1.08895,1960
2025-02-06 21:15:00,1.08912,1.08912,1.0879,1.08821,3346
2025-02-06 21:30:00,1.08819,1.08852,1.08765,1.08837,1233
2025-02-06 21:45:00,1.08864,1.08933,1.08825,1.08834,3592
2025-02-06 22:00:00,1.0884,1.08879,1.08817,1.08832,2934
2025-02-06 22:15:00,1.0883,1.08904,1.0883,1.0885,1032
2025-02-06 22:30:00,1.08854,1.08918,1.08761,1.08826,591
2025-02-06 22:45:00,1.08806,1.08847,1.08766,1.08826,2319
2025-02-06 23:00:00,1.08836,1.08836,1.08776,1.08802,1656
2025-02-06 23:15:00,1.08828,1.08855,1.08812,1.08813,1004
2025-02-06 23:30:00,1.08792,1.08841,1.08792,1.08799,2695
2025-02-06 23:45:00,1.08796,1.08865,1.08708,1.08783,1433
2025-02-07 00:00:00,1.08782,1.08822,1.08771,1.0882,1755
2025-02-07 00:15:00,1.08829,1.08829,1.08784,1.08801,1383
2025-02-07 00:30:00,1.08822,1.08855,1.08793,1.08819,3736
2025-02-07 00:45:00,1.08823,1.08823,1.08772,1.08783,4909
2025-02-07 01:00:00,1.08804,1.08884,1.08801,1.08806,3204
2025-02-07 01:15:00,1.08808,1.0885,1.08777,1.08811,4559
2025-02-07 01:30:00,1.08816,1.08839,1.08761,1.08809,4818
2025-02-07 01:45:00,1.08813,1.08852,1.08742,1.08823,2609
2025-02-07 02:00:00,1.08835,1.08835,1.08821,1.08828,2923
2025-02-07 02:15:00,1.08824,1.08856,1.08749,1.0878,3146
2025-02-07 02:30:00,1.08788,1.08872,1.08746,1.08828,1778
2025-02-07 02:45:00,1.08816,1.08816,1.0876,1.08762,889
2025-02-07 03:00:00,1.08759,1.08809,1.08759,1.0878,2148
2025-02-07 03:15:00,1.08773,1.08832,1.08738,1.08788,1265
2025-02-07 03:30:00,1.08789,1.08823,1.08724,1.08795,847
2025-02-07 03:45:00,1.08792,1.08866,1.08792,1.08816,4073
2025-02-07 04:00:00,1.08828,1.08828,1.08741,1.08746,1845
2025-02-07 04:15:00,1.08737,1.08829,1.08737,1.08763,3505
2025-02-07 04:30:00,1.08745,1.08767,1.08634,1.08723,3064
2025-02-07 04:45:00,1.08709,1.08763,1.08703,1.08754,829
2025-02-07 05:00:00,1.08764,1.08765,1.08717,1.08765,4034
2025-02-07 05:15:00,1.08755,1.08816,1.08755,1.08772,4293
2025-02-07 05:30:00,1.08776,1.08831,1.0872,1.0875,1473
2025-02-07 05:45:00,1.08747,1.08862,1.08705,1.08778,1745
2025-02-07 06:00:00,1.08786,1.08786,1.0871,1.08764,2737
2025-02-07 06:15:00,1.08762,1.08762,1.08699,1.08721,3119
2025-02-07 06:30:00,1.08749,1.08767,1.08628,1.08697,704
2025-02-07 06:45:00,1.08716,1.08753,1.08705,1.08728,2759
2025-02-07 07:00:00,1.08725,1.08725,1.0865,1.08683,4684
2025-02-07 07:15:00,1.08679,1.08747,1.08679,1.08733,3502
2025-02-07 07:30:00,1.08764,1.08791,1.08695,1.08714,862
2025-02-07 07:45:00,1.08703,1.08888,1.08703,1.08745,3942
2025-02-07 08:00:00,1.08744,1.08744,1.08659,1.08702,831
2025-02-07 08:15:00,1.08702,1.08708,1.08618,1.08702,3468
2025-02-07 08:30:00,1.08702,1.08751,1.08671,1.08696,921
2025-02-07 08:45:00,1.08679,1.08701,1.0862,1.08688,1262
2025-02-07 09:00:00,1.08693,1.08693,1.08679,1.08682,3283
2025-02-07 09:15:00,1.08672,1.08787,1.08624,1.08692,3257
2025-02-07 09:30:00,1.08707,1.08722,1.08659,1.08668,748
2025-02-07 09:45:00,1.08654,1.08716,1.08638,1.08676,4046
2025-02-07 10:00:00,1.08677,1.08827,1.08666,1.0873,982
2025-02-07 10:15:00,1.08708,1.08736,1.08707,1.08717,3975
2025-02-07 10:30:00,1.08696,1.08756,1.08653,1.08701,4358
2025-02-07 10:45:00,1.08692,1.08736,1.08675,1.08728,3732
2025-02-07 11:00:00,1.08721,1.08721,1.08645,1.08697,2795
2025-02-07 11:15:00,1.08712,1.08776,1.08668,1.08722,4914
2025-02-07 11:30:00,1.08721,1.0878,1.08683,1.08697,3511
2025-02-07 11:45:00,1.0871,1.08737,1.08632,1.08672,1199
2025-02-07 12:00:00,1.08668,1.08777,1.08668,1.08723,4591
2025-02-07 12:15:00,1.08729,1.08729,1.08663,1.08693,4327
2025-02-07 12:30:00,1.08686,1.08686,1.0866,1.08672,2447
2025-02-07 12:45:00,1.08664,1.08699,1.08656,1.08686,4361
2025-02-07 13:00:00,1.08668,1.08685,1.08615,1.08666,1867
2025-02-07 13:15:00,1.08669,1.08726,1.08652,1.08684,622
2025-02-07 13:30:00,1.08687,1.08687,1.0857,1.08628,1249
2025-02-07 13:45:00,1.08636,1.08731,1.08636,1.08646,4914
2025-02-07 14:00:00,1.08649,1.08715,1.08649,1.08698,2097
2025-02-07 14:15:00,1.08719,1.08726,1.08619,1.08658,1085
2025-02-07 14:30:00,1.0866,1.08687,1.08615,1.08669,1043
2025-02-07 14:45:00,1.08679,1.08734,1.08588,1.08639,2700
2025-02-07 15:00:00,1.08636,1.08719,1.08627,1.08695,3203
2025-02-07 15:15:00,1.08686,1.08718,1.08683,1.08683,514
2025-02-07 15:30:00,1.08691,1.08699,1.08661,1.08664,1966
2025-02-07 15:45:00,1.08663,1.08663,1.08602,1.0864,3875
2025-02-07 16:00:00,1.08649,1.08671,1.08644,1.08671,744
2025-02-07 16:15:00,1.08675,1.08715,1.08648,1.08668,3114
2025-02-07 16:30:00,1.0866,1.08752,1.08566,1.08638,1398
2025-02-07 16:45:00,1.08649,1.08729,1.08649,1.08674,1978
2025-02-07 17:00:00,1.08665,1.08665,1.08539,1.08605,1882
2025-02-07 17:15:00,1.08612,1.08651,1.08583,1.08596,551
2025-02-07 17:30:00,1.08609,1.08609,1.08544,1.08585,2558
2025-02-07 17:45:00,1.08581,1.08659,1.08581,1.08633,2774
2025-02-07 18:00:00,1.08644,1.08655,1.08537,1.08611,2661
2025-02-07 18:15:00,1.08615,1.08627,1.08555,1.08594,4108
2025-02-07 18:30:00,1.08602,1.08691,1.08571,1.08623,1103
2025-02-07 18:45:00,1.08615,1.08698,1.08615,1.08645,4543
2025-02-07 19:00:00,1.08647,1.08647,1.08576,1.08587,3992
2025-02-07 19:15:00,1.08573,1.08668,1.0851,1.08594,3498
2025-02-07 19:30:00,1.08611,1.08655,1.08611,1.08637,4092
2025-02-07 19:45:00,1.08617,1.0872,1.08534,1.08622,1504
2025-02-07 20:00:00,1.08619,1.08675,1.08568,1.08619,3628
2025-02-07 20:15:00,1.0861,1.08724,1.08602,1.08647,3634
2025-02-07 20:30:00,1.08654,1.08654,1.08574,1.08599,2311
2025-02-07 20:45:00,1.08618,1.08634,1.08582,1.08615,1314
2025-02-07 21:00:00,1.08622,1.08667,1.0862,1.08629,1031
2025-02-07 21:15:00,1.08658,1.08736,1.08595,1.08621,1258
2025-02-07 21:30:00,1.08607,1.08658,1.08601,1.08653,505
2025-02-07 21:45:00,1.0864,1.08655,1.08599,1.08615,1084
2025-02-07 22:00:00,1.08607,1.08703,1.08607,1.08664,4176
2025-02-07 22:15:00,1.08665,1.08665,1.08632,1.08634,2034
2025-02-07 22:30:00,1.08624,1.08661,1.08581,1.08654,1984
2025-02-07 22:45:00,1.08646,1.08666,1.08627,1.08665,4951
2025-02-07 23:00:00,1.08672,1.08672,1.08594,1.08627,2766
2025-02-07 23:15:00,1.08615,1.08615,1.08516,1.08597,2914
2025-02-07 23:30:00,1.08585,1.08727,1.08585,1.08639,1060
2025-02-07 23:45:00,1.08635,1.08635,1.08565,1.08619,4959
2025-02-08 00:00:00,1.08616,1.08772,1.08616,1.08629,1913
2025-02-08 00:15:00,1.08639,1.08646,1.08597,1.08632,1818
2025-02-08 00:30:00,1.08623,1.08657,1.08593,1.08611,3052
2025-02-08 00:45:00,1.08604,1.08711,1.08604,1.08658,3360
2025-02-08 01:00:00,1.08664,1.08664,1.08568,1.08592,1577
2025-02-08 01:15:00,1.086,1.08693,1.08585,1.08635,3366
2025-02-08 01:30:00,1.0865,1.08772,1.08526,1.08606,2334
2025-02-08 01:45:00,1.08611,1.08611,1.08596,1.08599,3026
2025-02-08 02:00:00,1.086,1.08743,1.08551,1.086,1221
2025-02-08 02:15:00,1.08605,1.08605,1.08507,1.08582,1744
2025-02-08 02:30:00,1.08579,1.08591,1.08513,1.0859,1845
2025-02-08 02:45:00,1.08587,1.08739,1.08587,1.08614,1245
2025-02-08 03:00:00,1.08597,1.08698,1.0855,1.08602,1377
2025-02-08 03:15:00,1.08611,1.08611,1.08584,1.08593,633
2025-02-08 03:30:00,1.08595,1.08614,1.08526,1.08572,1547
2025-02-08 03:45:00,1.08579,1.08682,1.08531,1.08609,2924
2025-02-08 04:00:00,1.0858,1.08731,1.0858,1.08641,3199
2025-02-08 04:15:00,1.08641,1.08658,1.08512,1.08596,1962
2025-02-08 04:30:00,1.08588,1.08707,1.08588,1.08592,1847
2025-02-08 04:45:00,1.08607,1.08687,1.08552,1.08597,1864
2025-02-08 05:00:00,1.08603,1.08616,1.08537,1.086,1731
2025-02-08 05:15:00,1.08602,1.08602,1.08541,1.08554,4761
2025-02-08 05:30:00,1.0855,1.08621,1.0855,1.08606,4205
2025-02-08 05:45:00,1.08609,1.0861,1.08581,1.08581,4582
2025-02-08 06:00:00,1.08572,1.08572,1.08477,1.08558,2079
2025-02-08 06:15:00,1.08557,1.08612,1.08557,1.08598,3919
2025-02-08 06:30:00,1.08592,1.08592,1.0855,1.08553,2517
2025-02-08 06:45:00,1.08576,1.08588,1.0855,1.08558,4517
2025-02-08 07:00:00,1.08572,1.08612,1.08572,1.08609,3537
2025-02-08 07:15:00,1.0862,1.0862,1.08556,1.08561,1261
2025-02-08 07:30:00,1.08546,1.08578,1.08546,1.08572,4472
2025-02-08 07:45:00,1.08581,1.0867,1.08477,1.08597,1098
2025-02-08 08:00:00,1.08598,1.0868,1.08598,1.08613,2702
2025-02-08 08:15:00,1.08625,1.08625,1.08471,1.08547,4243
2025-02-08 08:30:00,1.0855,1.08595,1.0855,1.08579,916
2025-02-08 08:45:00,1.08579,1.08603,1.08569,1.08574,3933
2025-02-08 09:00:00,1.08576,1.08584,1.08522,1.08529,3917
2025-02-08 09:15:00,1.08511,1.08655,1.08511,1.08582,3064
2025-02-08 09:30:00,1.08574,1.08632,1.08574,1.0859,1582
2025-02-08 09:45:00,1.08594,1.08594,1.0847,1.0857,1087
2025-02-08 10:00:00,1.08581,1.08651,1.08575,1.08618,3307
2025-02-08 10:15:00,1.08612,1.08667,1.08596,1.08602,4158
2025-02-08 10:30:00,1.08602,1.08602,1.0853,1.0859,2723
2025-02-08 10:45:00,1.08574,1.08679,1.08515,1.08586,4917
2025-02-08 11:00:00,1.08601,1.08601,1.08555,1.08567,2683
2025-02-08 11:15:00,1.08578,1.08712,1.08578,1.08592,2521
2025-02-08 11:30:00,1.08598,1.08658,1.08556,1.08605,4113
2025-02-08 11:45:00,1.08609,1.08659,1.08517,1.08584,2869
2025-02-08 12:00:00,1.08599,1.08599,1.08518,1.08538,1859
2025-02-08 12:15:00,1.0853,1.08639,1.0853,1.086,1280
2025-02-08 12:30:00,1.08591,1.08701,1.08585,1.08594,2036
2025-02-08 12:45:00,1.08604,1.08653,1.08558,1.08581,670
2025-02-08 13:00:00,1.08591,1.08647,1.08588,1.0861,4724
2025-02-08 13:15:00,1.08598,1.08622,1.08588,1.08616,3227
2025-02-08 13:30:00,1.0861,1.0861,1.08477,1.08522,4992
2025-02-08 13:45:00,1.08538,1.08637,1.08538,1.08593,2608
2025-02-08 14:00:00,1.08598,1.08598,1.08535,1.08544,2158
2025-02-08 14:15:00,1.08552,1.08629,1.08485,1.08578,2295
2025-02-08 14:30:00,1.08566,1.08605,1.08493,1.08569,3285
2025-02-08 14:45:00,1.08576,1.08579,1.08494,1.08579,896
2025-02-08 15:00:00,1.08564,1.08615,1.08539,1.08553,1303
2025-02-08 15:15:00,1.08533,1.08549,1.08499,1.08527,3504
2025-02-08 15:30:00,1.08535,1.08599,1.08535,1.0856,4269
2025-02-08 15:45:00,1.08574,1.08614,1.08546,1.08582,3789
2025-02-08 16:00:00,1.08579,1.08604,1.0856,1.08584,1154
2025-02-08 16:15:00,1.08579,1.08582,1.08485,1.08537,2376
2025-02-08 16:30:00,1.08554,1.08716,1.08554,1.08589,767
2025-02-08 16:45:00,1.08587,1.08587,1.08534,1.08561,1592
2025-02-08 17:00:00,1.08561,1.08609,1.08389,1.08569,1968
2025-02-08 17:15:00,1.08586,1.08591,1.08493,1.08553,1821
2025-02-08 17:30:00,1.0855,1.08556,1.08503,1.0855,1997
2025-02-08 17:45:00,1.08543,1.08565,1.08543,1.08563,3579
2025-02-08 18:00:00,1.08571,1.08571,1.08503,1.08535,2254
2025-02-08 18:15:00,1.08528,1.0866,1.08523,1.08537,2008
2025-02-08 18:30:00,1.08535,1.08561,1.08492,1.08546,1321
2025-02-08 18:45:00,1.08533,1.08624,1.08533,1.08595,4475
2025-02-08 19:00:00,1.08597,1.08613,1.08463,1.08516,2635
2025-02-08 19:15:00,1.08517,1.08589,1.08517,1.08568,1664
2025-02-08 19:30:00,1.08578,1.08628,1.08555,1.08571,3072
2025-02-08 19:45:00,1.08579,1.08579,1.08484,1.08522,1186
2025-02-08 20:00:00,1.08528,1.08641,1.0846,1.08515,1474
2025-02-08 20:15:00,1.08519,1.08519,1.0844,1.08512,3787
2025-02-08 20:30:00,1.08511,1.08527,1.08509,1.08526,1005
2025-02-08 20:45:00,1.08533,1.08537,1.08432,1.08501,2270
2025-02-08 21:00:00,1.08489,1.08624,1.08459,1.08523,573
2025-02-08 21:15:00,1.085,1.08575,1.085,1.08556,1080
2025-02-08 21:30:00,1.08568,1.08568,1.08475,1.08512,3640
2025-02-08 21:45:00,1.08519,1.0858,1.08492,1.08522,722
2025-02-08 22:00:00,1.08521,1.08521,1.08431,1.08488,4507
2025-02-08 22:15:00,1.08498,1.0855,1.08452,1.08526,1396
2025-02-08 22:30:00,1.08519,1.08542,1.08504,1.08515,2933
2025-02-08 22:45:00,1.08508,1.08549,1.08438,1.0851,4452
2025-02-08 23:00:00,1.08501,1.0852,1.0843,1.08496,2669
2025-02-08 23:15:00,1.08502,1.08502,1.08467,1.08485,1232
2025-02-08 23:30:00,1.08469,1.08547,1.08384,1.08502,1964
2025-02-08 23:45:00,1.08494,1.08516,1.08461,1.08492,1322
2025-02-09 00:00:00,1.08494,1.08625,1.08451,1.08504,956
2025-02-09 00:15:00,1.08492,1.08509,1.08492,1.08497,2711
2025-02-09 00:30:00,1.0849,1.08519,1.08478,1.08517,3834
2025-02-09 00:45:00,1.08495,1.08521,1.08468,1.08512,2639
2025-02-09 01:00:00,1.08518,1.0853,1.08495,1.08504,4349
2025-02-09 01:15:00,1.08498,1.08543,1.08498,1.08523,2883
2025-02-09 01:30:00,1.08512,1.08512,1.08413,1.08501,813
2025-02-09 01:45:00,1.08489,1.08523,1.0847,1.08521,3149
2025-02-09 02:00:00,1.08517,1.08576,1.0849,1.08506,2389
2025-02-09 02:15:00,1.0849,1.0849,1.08403,1.08439,4379
2025-02-09 02:30:00,1.08459,1.08505,1.08459,1.08503,1989
2025-02-09 02:45:00,1.08479,1.08533,1.08479,1.08496,2164
2025-02-09 03:00:00,1.08491,1.08531,1.08439,1.08488,3108
2025-02-09 03:15:00,1.08489,1.08521,1.08487,1.08488,3032
2025-02-09 03:30:00,1.0848,1.08488,1.08412,1.08478,1155
2025-02-09 03:45:00,1.0848,1.08496,1.0848,1.0849,4218
2025-02-09 04:00:00,1.08483,1.0852,1.08407,1.08483,4482
2025-02-09 04:15:00,1.08498,1.08554,1.08446,1.08509,3174
2025-02-09 04:30:00,1.08498,1.08521,1.08457,1.08486,4515
2025-02-09 04:45:00,1.08463,1.0859,1.08463,1.08485,700
2025-02-09 05:00:00,1.08472,1.08531,1.08468,1.08472,637
2025-02-09 05:15:00,1.08475,1.08574,1.08467,1.08497,3563
2025-02-09 05:30:00,1.08496,1.08527,1.08478,1.08503,1575
2025-02-09 05:45:00,1.08511,1.08525,1.08498,1.08513,2248
2025-02-09 06:00:00,1.08518,1.08519,1.08465,1.08475,1975
2025-02-09 06:15:00,1.08468,1.08566,1.08426,1.08469,3913
2025-02-09 06:30:00,1.08464,1.08549,1.08464,1.08512,4404
2025-02-09 06:45:00,1.08508,1.08556,1.08508,1.08529,4731
2025-02-09 07:00:00,1.08548,1.08548,1.08448,1.08479,3646
2025-02-09 07:15:00,1.08485,1.08577,1.08469,1.08529,948
2025-02-09 07:30:00,1.08548,1.08548,1.08425,1.08511,568
2025-02-09 07:45:00,1.0852,1.0852,1.0844,1.08504,4132
2025-02-09 08:00:00,1.08503,1.08525,1.08391,1.08487,1690
2025-02-09 08:15:00,1.08476,1.0849,1.08423,1.08463,2240
2025-02-09 08:30:00,1.08465,1.08545,1.08465,1.08511,4232
2025-02-09 08:45:00,1.0851,1.08604,1.08419,1.08485,2519
2025-02-09 09:00:00,1.08484,1.08545,1.08482,1.08489,3692
2025-02-09 09:15:00,1.08487,1.08529,1.08487,1.08517,4392
2025-02-09 09:30:00,1.08496,1.08509,1.08469,1.08478,596
2025-02-09 09:45:00,1.08491,1.08502,1.0846,1.08487,4972
2025-02-09 10:00:00,1.08486,1.08543,1.08486,1.08526,2014
2025-02-09 10:15:00,1.08512,1.08556,1.08419,1.08531,1576
2025-02-09 10:30:00,1.08536,1.08577,1.08489,1.08538,508
2025-02-09 10:45:00,1.0853,1.08598,1.0848,1.08528,3552
2025-02-09 11:00:00,1.08534,1.08606,1.08469,1.08594,750
2025-02-09 11:15:00,1.08603,1.08603,1.08436,1.08547,859
2025-02-09 11:30:00,1.08557,1.08567,1.08516,1.08553,2896
2025-02-09 11:45:00,1.08551,1.08551,1.0844,1.08539,623
2025-02-09 12:00:00,1.08534,1.08559,1.08464,1.08552,4794
2025-02-09 12:15:00,1.08546,1.08605,1.08539,1.08564,1328
2025-02-09 12:30:00,1.08556,1.08641,1.08535,1.08582,1934
2025-02-09 12:45:00,1.08582,1.08582,1.08487,1.08526,2577
2025-02-09 13:00:00,1.08524,1.08575,1.08524,1.08559,1615
2025-02-09 13:15:00,1.08551,1.08605,1.08551,1.08584,1095
2025-02-09 13:30:00,1.08572,1.08626,1.08568,1.08579,3586
2025-02-09 13:45:00,1.08578,1.08578,1.08473,1.0856,3202
2025-02-09 14:00:00,1.08556,1.08614,1.08478,1.08569,3007
2025-02-09 14:15:00,1.08558,1.08613,1.08514,1.08544,2244
2025-02-09 14:30:00,1.08552,1.08643,1.08534,1.08586,522
2025-02-09 14:45:00,1.08604,1.08618,1.08568,1.08585,825
2025-02-09 15:00:00,1.08595,1.08603,1.08471,1.08542,762
2025-02-09 15:15:00,1.08534,1.08615,1.08512,1.08547,4000
2025-02-09 15:30:00,1.08546,1.08615,1.08419,1.08535,2085
2025-02-09 15:45:00,1.08551,1.08586,1.08541,1.08559,932
2025-02-09 16:00:00,1.08547,1.08547,1.08472,1.08522,1059
2025-02-09 16:15:00,1.08529,1.08556,1.08513,1.08523,3055
2025-02-09 16:30:00,1.08509,1.08592,1.08509,1.08547,4644
2025-02-09 16:45:00,1.08563,1.08576,1.08533,1.08534,2202
2025-02-09 17:00:00,1.0853,1.08606,1.0853,1.08566,2988
2025-02-09 17:15:00,1.08589,1.08602,1.08483,1.08558,4823
2025-02-09 17:30:00,1.08575,1.08622,1.08539,1.08589,713
2025-02-09 17:45:00,1.08588,1.08602,1.08529,1.08564,2165
2025-02-09 18:00:00,1.08557,1.08621,1.08557,1.08577,3155
2025-02-09 18:15:00,1.08579,1.08632,1.08579,1.08602,3978
2025-02-09 18:30:00,1.086,1.08638,1.08574,1.08586,4315
2025-02-09 18:45:00,1.08582,1.08592,1.08554,1.0857,3297
2025-02-09 19:00:00,1.08553,1.08557,1.08492,1.08549,1541
2025-02-09 19:15:00,1.08544,1.08605,1.08507,1.08562,2891
2025-02-09 19:30:00,1.08551,1.08641,1.08544,1.08572,2871
2025-02-09 19:45:00,1.08578,1.08673,1.08515,1.08553,1583
2025-02-09 20:00:00,1.08563,1.086,1.08512,1.08561,3225
2025-02-09 20:15:00,1.08569,1.08585,1.08489,1.08559,2450
2025-02-09 20:30:00,1.08563,1.08675,1.0852,1.08533,1347
2025-02-09 20:45:00,1.08524,1.08644,1.08489,1.08575,1044
2025-02-09 21:00:00,1.08577,1.08592,1.08555,1.0856,4653
2025-02-09 21:15:00,1.08568,1.08568,1.08487,1.08511,4389
2025-02-09 21:30:00,1.08505,1.08648,1.08505,1.08569,2611
2025-02-09 21:45:00,1.08571,1.08615,1.08487,1.08538,2672
2025-02-09 22:00:00,1.08537,1.08567,1.08454,1.08546,2608
2025-02-09 22:15:00,1.08562,1.08562,1.08501,1.08526,879
2025-02-09 22:30:00,1.08534,1.08554,1.08525,1.08551,1661
2025-02-09 22:45:00,1.08557,1.08663,1.08447,1.0853,565
2025-02-09 23:00:00,1.08513,1.08569,1.0846,1.085,1297
2025-02-09 23:15:00,1.08501,1.08502,1.08471,1.08497,2316
2025-02-09 23:30:00,1.08495,1.08524,1.08412,1.08493,1131
2025-02-09 23:45:00,1.08492,1.08542,1.08492,1.08527,1867
2025-02-10 00:00:00,1.08512,1.08572,1.08478,1.08527,4275
2025-02-10 00:15:00,1.08516,1.08574,1.08493,1.08527,3758
2025-02-10 00:30:00,1.08527,1.08568,1.08469,1.08494,726
2025-02-10 00:45:00,1.08506,1.08522,1.08419,1.08475,691
2025-02-10 01:00:00,1.08469,1.08545,1.08431,1.08496,3299
2025-02-10 01:15:00,1.08492,1.08549,1.08454,1.08521,1649
2025-02-10 01:30:00,1.08539,1.08539,1.08474,1.08483,3503
2025-02-10 01:45:00,1.0848,1.08506,1.08479,1.08499,4045
2025-02-10 02:00:00,1.08497,1.0851,1.08393,1.08484,4694
2025-02-10 02:15:00,1.08483,1.08527,1.08474,1.08509,4939
2025-02-10 02:30:00,1.08495,1.08495,1.08405,1.08488,519
2025-02-10 02:45:00,1.08493,1.08545,1.0847,1.08502,4200
2025-02-10 03:00:00,1.08495,1.08501,1.08492,1.08497,2906
2025-02-10 03:15:00,1.08497,1.08538,1.08467,1.08488,932
2025-02-10 03:30:00,1.08493,1.0852,1.08412,1.08498,1499
2025-02-10 03:45:00,1.08518,1.08534,1.0848,1.0849,3158
2025-02-10 04:00:00,1.08476,1.08512,1.08465,1.08475,3034
2025-02-10 04:15:00,1.08484,1.08501,1.08477,1.08486,4462
2025-02-10 04:30:00,1.08495,1.0857,1.0843,1.08501,4925
2025-02-10 04:45:00,1.08495,1.08528,1.08438,1.0851,2190
2025-02-10 05:00:00,1.08516,1.08584,1.08468,1.08509,834
2025-02-10 05:15:00,1.08525,1.08525,1.08449,1.085,3053
2025-02-10 05:30:00,1.08492,1.08518,1.08492,1.08517,3010
2025-02-10 05:45:00,1.08519,1.08555,1.08484,1.0851,2550
2025-02-10 06:00:00,1.08514,1.08533,1.08501,1.08529,3216
2025-02-10 06:15:00,1.08534,1.08534,1.08468,1.08475,2722
2025-02-10 06:30:00,1.08483,1.08503,1.08355,1.0844,2371
2025-02-10 06:45:00,1.08442,1.08531,1.08442,1.08521,2104
2025-02-10 07:00:00,1.08526,1.08526,1.08441,1.0848,2056
2025-02-10 07:15:00,1.08471,1.08528,1.08471,1.08499,2845
2025-02-10 07:30:00,1.085,1.08548,1.08395,1.08483,2665
2025-02-10 07:45:00,1.08478,1.08586,1.08478,1.08525,1288
2025-02-10 08:00:00,1.08513,1.08573,1.08428,1.08487,1141
2025-02-10 08:15:00,1.08482,1.08482,1.08448,1.08473,4801
2025-02-10 08:30:00,1.08475,1.08519,1.08463,1.0847,3606
2025-02-10 08:45:00,1.08474,1.08498,1.08426,1.0846,1951
2025-02-10 09:00:00,1.08447,1.08465,1.08392,1.08443,3489
2025-02-10 09:15:00,1.08433,1.08475,1.08419,1.08471,2804
2025-02-10 09:30:00,1.08478,1.08478,1.08372,1.0842,2729
2025-02-10 09:45:00,1.08425,1.0848,1.08423,1.08439,4803
2025-02-10 10:00:00,1.08448,1.08448,1.08372,1.08406,1378
2025-02-10 10:15:00,1.0842,1.08451,1.08374,1.08437,4212
2025-02-10 10:30:00,1.08442,1.08511,1.08409,1.0844,2889
2025-02-10 10:45:00,1.08436,1.0849,1.08433,1.08463,2112
2025-02-10 11:00:00,1.08464,1.08464,1.08353,1.084,4973
2025-02-10 11:15:00,1.08416,1.08488,1.08404,1.0843,4978
2025-02-10 11:30:00,1.08458,1.08523,1.08418,1.08464,3964
2025-02-10 11:45:00,1.08468,1.08511,1.08384,1.08451,1070
2025-02-10 12:00:00,1.08456,1.08566,1.08435,1.0845,1674
2025-02-10 12:15:00,1.08458,1.08458,1.08367,1.08426,779
2025-02-10 12:30:00,1.08427,1.08449,1.08375,1.08434,3170
2025-02-10 12:45:00,1.08446,1.0848,1.08377,1.08469,3052
2025-02-10 13:00:00,1.08479,1.08479,1.08419,1.08442,2653
2025-02-10 13:15:00,1.08446,1.08464,1.08434,1.08453,4609
2025-02-10 13:30:00,1.0845,1.08473,1.08396,1.08436,2552
2025-02-10 13:45:00,1.0842,1.08481,1.08406,1.08407,3566
2025-02-10 14:00:00,1.08414,1.08512,1.08414,1.08439,4210
2025-02-10 14:15:00,1.08441,1.08441,1.08412,1.08418,1357
2025-02-10 14:30:00,1.0841,1.08477,1.08393,1.08445,4300
2025-02-10 14:45:00,1.08433,1.08433,1.08329,1.0838,2356
2025-02-10 15:00:00,1.08387,1.08462,1.08371,1.0841,4727
2025-02-10 15:15:00,1.08394,1.08423,1.08315,1.08372,1276
2025-02-10 15:30:00,1.08375,1.08452,1.08362,1.08403,4262
2025-02-10 15:45:00,1.08411,1.08434,1.08375,1.08404,2963
2025-02-10 16:00:00,1.0841,1.0841,1.08263,1.08349,4939
2025-02-10 16:15:00,1.08345,1.08395,1.08345,1.08394,3948
2025-02-10 16:30:00,1.08381,1.08469,1.08342,1.08379,2055
2025-02-10 16:45:00,1.08385,1.08468,1.08362,1.0838,3867
2025-02-10 17:00:00,1.08392,1.08423,1.08387,1.08396,1077
2025-02-10 17:15:00,1.0839,1.08432,1.08383,1.08412,4940
2025-02-10 17:30:00,1.08417,1.08417,1.08356,1.08378,3022
2025-02-10 17:45:00,1.08394,1.08402,1.08368,1.08371,545
2025-02-10 18:00:00,1.08374,1.08465,1.08346,1.08367,2434
2025-02-10 18:15:00,1.08363,1.08447,1.08344,1.08364,1480
2025-02-10 18:30:00,1.08375,1.08381,1.08334,1.0834,3794
2025-02-10 18:45:00,1.08333,1.08413,1.08285,1.08375,2570
2025-02-10 19:00:00,1.08362,1.08364,1.08327,1.08357,2614
2025-02-10 19:15:00,1.08365,1.08401,1.08316,1.08362,1125
2025-02-10 19:30:00,1.08358,1.08385,1.08314,1.08338,4054
2025-02-10 19:45:00,1.08335,1.08417,1.08335,1.08347,4149
2025-02-10 20:00:00,1.08341,1.08436,1.08284,1.08349,4224
2025-02-10 20:15:00,1.08344,1.0841,1.08261,1.08332,757
2025-02-10 20:30:00,1.08346,1.08377,1.083,1.0832,4543
2025-02-10 20:45:00,1.08337,1.0836,1.083,1.08347,2510
2025-02-10 21:00:00,1.08364,1.08476,1.08326,1.08379,3093
2025-02-10 21:15:00,1.0839,1.0839,1.08348,1.08361,752
2025-02-10 21:30:00,1.08365,1.08365,1.08237,1.08353,1712
2025-02-10 21:45:00,1.08338,1.08425,1.08326,1.08353,2624
2025-02-10 22:00:00,1.08351,1.08385,1.0829,1.0837,1224
2025-02-10 22:15:00,1.08391,1.0842,1.08325,1.08361,2916
2025-02-10 22:30:00,1.08357,1.08426,1.08357,1.08405,3171
2025-02-10 22:45:00,1.0842,1.08449,1.08339,1.0838,1677
2025-02-10 23:00:00,1.08381,1.08394,1.08371,1.08391,2702
2025-02-10 23:15:00,1.08364,1.08494,1.08364,1.08398,3341
2025-02-10 23:30:00,1.08404,1.08404,1.08313,1.08348,770
2025-02-10 23:45:00,1.0836,1.08374,1.08287,1.08342,1061
2025-02-11 00:00:00,1.08341,1.08343,1.08314,1.0834,3639
2025-02-11 00:15:00,1.08352,1.08427,1.08286,1.08384,2679
2025-02-11 00:30:00,1.08367,1.08389,1.08303,1.08355,2193
2025-02-11 00:45:00,1.08342,1.08555,1.08323,1.08331,1344
2025-02-11 01:00:00,1.08333,1.08413,1.08333,1.08362,4253
2025-02-11 01:15:00,1.08366,1.08416,1.0833,1.08373,4353
2025-02-11 01:30:00,1.08387,1.08424,1.08387,1.08393,4815
2025-02-11 01:45:00,1.084,1.08469,1.08388,1.0839,4123
2025-02-11 02:00:00,1.08378,1.08423,1.08357,1.08369,1602
2025-02-11 02:15:00,1.08371,1.08482,1.08371,1.08388,1250
2025-02-11 02:30:00,1.08394,1.0845,1.08354,1.08359,2867
2025-02-11 02:45:00,1.0834,1.08448,1.08317,1.08374,4913
2025-02-11 03:00:00,1.08373,1.08457,1.08373,1.08402,2272
2025-02-11 03:15:00,1.08399,1.08418,1.08366,1.08368,2586
2025-02-11 03:30:00,1.08361,1.08414,1.08361,1.08367,3770
2025-02-11 03:45:00,1.08372,1.08407,1.08326,1.0839,4700
2025-02-11 04:00:00,1.08379,1.0838,1.08296,1.08351,4365
2025-02-11 04:15:00,1.08356,1.0847,1.08278,1.08367,1006
2025-02-11 04:30:00,1.08372,1.08476,1.08322,1.08381,828
2025-02-11 04:45:00,1.08392,1.08411,1.08378,1.08411,2214
2025-02-11 05:00:00,1.08399,1.08477,1.08342,1.08379,721
2025-02-11 05:15:00,1.08364,1.08446,1.0832,1.08371,3203
2025-02-11 05:30:00,1.08374,1.08396,1.08304,1.08374,4387
2025-02-11 05:45:00,1.08371,1.08442,1.08287,1.08341,4746
2025-02-11 06:00:00,1.0837,1.08374,1.08349,1.08363,3270
2025-02-11 06:15:00,1.08368,1.08388,1.08239,1.08356,4439
2025-02-11 06:30:00,1.08356,1.08377,1.08304,1.08367,1478
2025-02-11 06:45:00,1.08365,1.08382,1.08365,1.08377,3593
2025-02-11 07:00:00,1.08365,1.08388,1.08264,1.08385,3424
2025-02-11 07:15:00,1.0839,1.08406,1.08376,1.0838,1120
2025-02-11 07:30:00,1.08379,1.08438,1.0836,1.08378,3965
2025-02-11 07:45:00,1.08377,1.08377,1.08335,1.08355,2131
2025-02-11 08:00:00,1.08355,1.08387,1.08323,1.08365,3906
2025-02-11 08:15:00,1.08367,1.08399,1.08367,1.08389,2337
2025-02-11 08:30:00,1.08372,1.08411,1.08316,1.08363,2060
2025-02-11 08:45:00,1.08371,1.08428,1.08273,1.08367,543
2025-02-11 09:00:00,1.08359,1.08428,1.08338,1.08414,4617
2025-02-11 09:15:00,1.08413,1.08413,1.0832,1.08352,4821
2025-02-11 09:30:00,1.08365,1.08372,1.08342,1.08347,4969
2025-02-11 09:45:00,1.08364,1.08448,1.08364,1.08403,1527
2025-02-11 10:00:00,1.08386,1.08409,1.08372,1.08373,2485
2025-02-11 10:15:00,1.08374,1.08398,1.08288,1.0837,2226
2025-02-11 10:30:00,1.08373,1.08373,1.08294,1.08338,1332
2025-02-11 10:45:00,1.08323,1.0842,1.08323,1.08365,3893
2025-02-11 11:00:00,1.08373,1.08392,1.08322,1.08368,3086
2025-02-11 11:15:00,1.08369,1.08369,1.08313,1.08341,4967
2025-02-11 11:30:00,1.08343,1.08442,1.08324,1.08344,1888
2025-02-11 11:45:00,1.08335,1.08344,1.08291,1.0834,1412
2025-02-11 12:00:00,1.08344,1.0841,1.08328,1.08354,1592
2025-02-11 12:15:00,1.08363,1.08419,1.08292,1.08335,1769
2025-02-11 12:30:00,1.08336,1.08441,1.08336,1.08389,1257
2025-02-11 12:45:00,1.08384,1.0839,1.08376,1.08389,2288
2025-02-11 13:00:00,1.08385,1.0839,1.08331,1.08358,3333
2025-02-11 13:15:00,1.08361,1.08412,1.08314,1.08348,4262
2025-02-11 13:30:00,1.08348,1.08386,1.08267,1.08347,3561
2025-02-11 13:45:00,1.08357,1.08374,1.08299,1.08344,2587
2025-02-11 14:00:00,1.08339,1.08475,1.08316,1.08363,3610
2025-02-11 14:15:00,1.08351,1.08415,1.08349,1.08374,3292
2025-02-11 14:30:00,1.08378,1.08458,1.08339,1.08417,3743
2025-02-11 14:45:00,1.08412,1.0846,1.084,1.08408,4897
2025-02-11 15:00:00,1.08416,1.08433,1.08393,1.08405,2224
2025-02-11 15:15:00,1.08405,1.08405,1.0838,1.08394,1433
2025-02-11 15:30:00,1.08401,1.08433,1.083,1.08379,1054
2025-02-11 15:45:00,1.08369,1.08428,1.08366,1.08395,503
2025-02-11 16:00:00,1.08396,1.08498,1.08396,1.08429,1784
2025-02-11 16:15:00,1.08422,1.08424,1.08378,1.08384,4568
2025-02-11 16:30:00,1.08372,1.08502,1.08372,1.08434,4120
2025-02-11 16:45:00,1.08425,1.08468,1.08391,1.08458,587
2025-02-11 17:00:00,1.08452,1.08498,1.08415,1.08439,4694
2025-02-11 17:15:00,1.08451,1.08451,1.0838,1.08442,2140
2025-02-11 17:30:00,1.08436,1.08456,1.08399,1.08408,716
2025-02-11 17:45:00,1.08395,1.08442,1.08395,1.08426,690
2025-02-11 18:00:00,1.08428,1.08451,1.08343,1.08402,2233
2025-02-11 18:15:00,1.08403,1.08456,1.08403,1.08427,1705
2025-02-11 18:30:00,1.08423,1.08424,1.08377,1.08414,3142
2025-02-11 18:45:00,1.08413,1.08433,1.08358,1.08408,3730
2025-02-11 19:00:00,1.08418,1.08509,1.08418,1.08429,3806
2025-02-11 19:15:00,1.08436,1.08436,1.08382,1.08398,3347
2025-02-11 19:30:00,1.08404,1.08444,1.0837,1.08415,3957
2025-02-11 19:45:00,1.08403,1.08454,1.08403,1.08421,3855
2025-02-11 20:00:00,1.0845,1.0845,1.08396,1.08415,4666
2025-02-11 20:15:00,1.08426,1.08471,1.08411,1.08444,2664
2025-02-11 20:30:00,1.08449,1.08473,1.08365,1.08404,599
2025-02-11 20:45:00,1.08392,1.08507,1.08392,1.08448,1099
2025-02-11 21:00:00,1.08457,1.08487,1.0836,1.08428,1359
2025-02-11 21:15:00,1.08423,1.0844,1.08367,1.08415,4391
2025-02-11 21:30:00,1.08413,1.08466,1.08396,1.08418,3181
2025-02-11 21:45:00,1.08401,1.0844,1.08394,1.08436,2604
2025-02-11 22:00:00,1.08423,1.08454,1.08395,1.08446,2740
2025-02-11 22:15:00,1.08451,1.08477,1.08396,1.08447,1493
2025-02-11 22:30:00,1.08457,1.08487,1.08411,1.08429,4410
2025-02-11 22:45:00,1.08436,1.08442,1.08329,1.0844,4081
2025-02-11 23:00:00,1.08446,1.08499,1.08423,1.08479,1676
2025-02-11 23:15:00,1.08478,1.08493,1.08424,1.08459,4625
2025-02-11 23:30:00,1.08455,1.0851,1.08444,1.08477,3940
2025-02-11 23:45:00,1.0848,1.08538,1.08434,1.08483,3962
2025-02-12 00:00:00,1.08491,1.08561,1.08449,1.08498,1876
2025-02-12 00:15:00,1.08498,1.0852,1.08491,1.085,1071
2025-02-12 00:30:00,1.08512,1.08512,1.08438,1.08457,4661
2025-02-12 00:45:00,1.08455,1.08501,1.08419,1.08439,2713
2025-02-12 01:00:00,1.0843,1.08493,1.0843,1.08471,2015
2025-02-12 01:15:00,1.08471,1.08584,1.08469,1.0853,4224
2025-02-12 01:30:00,1.08531,1.0855,1.0851,1.08532,679
2025-02-12 01:45:00,1.08531,1.08589,1.08508,1.0851,1225
2025-02-12 02:00:00,1.08523,1.08523,1.08427,1.08468,1540
2025-02-12 02:15:00,1.08476,1.08476,1.08356,1.08446,581
2025-02-12 02:30:00,1.08431,1.08499,1.08402,1.08441,3611
2025-02-12 02:45:00,1.08456,1.08503,1.08456,1.0848,3518
2025-02-12 03:00:00,1.08453,1.08535,1.08453,1.08488,1705
2025-02-12 03:15:00,1.0851,1.08603,1.0846,1.0851,4467
2025-02-12 03:30:00,1.08507,1.0852,1.08498,1.08507,4297
2025-02-12 03:45:00,1.08505,1.08505,1.08434,1.08489,3481
2025-02-12 04:00:00,1.08489,1.08529,1.08486,1.08486,3281
2025-02-12 04:15:00,1.0849,1.0855,1.0849,1.08491,4345
2025-02-12 04:30:00,1.08491,1.08538,1.08491,1.08513,3946
2025-02-12 04:45:00,1.08511,1.0855,1.08457,1.08518,1990
2025-02-12 05:00:00,1.08531,1.08539,1.08482,1.08513,2788
2025-02-12 05:15:00,1.08519,1.08526,1.08422,1.08485,2881
2025-02-12 05:30:00,1.08475,1.08575,1.08475,1.08529,547
2025-02-12 05:45:00,1.08537,1.08561,1.08476,1.08528,4508
2025-02-12 06:00:00,1.08533,1.08565,1.08485,1.08494,962
2025-02-12 06:15:00,1.08489,1.08546,1.08489,1.08517,2864
2025-02-12 06:30:00,1.08525,1.08627,1.08525,1.08548,2919
2025-02-12 06:45:00,1.08547,1.08547,1.08493,1.08538,2293
2025-02-12 07:00:00,1.08536,1.08594,1.08521,1.08571,4040
2025-02-12 07:15:00,1.08569,1.08615,1.08513,1.08554,1533
2025-02-12 07:30:00,1.0853,1.08559,1.0853,1.08539,1087
2025-02-12 07:45:00,1.08534,1.08591,1.08511,1.08535,3509
2025-02-12 08:00:00,1.08542,1.0858,1.08526,1.08555,3274
2025-02-12 08:15:00,1.08554,1.08601,1.08535,1.08551,975
2025-02-12 08:30:00,1.08538,1.08649,1.08476,1.08546,4840
2025-02-12 08:45:00,1.08556,1.08625,1.08523,1.08571,3239
2025-02-12 09:00:00,1.08568,1.08593,1.08536,1.08579,3400
2025-02-12 09:15:00,1.08567,1.08714,1.08561,1.08577,2325
2025-02-12 09:30:00,1.08599,1.08603,1.08518,1.08599,2397
2025-02-12 09:45:00,1.08589,1.08589,1.08547,1.08562,4256
2025-02-12 10:00:00,1.08571,1.08651,1.08571,1.08612,4066
2025-02-12 10:15:00,1.08604,1.08604,1.08553,1.08574,1848
2025-02-12 10:30:00,1.08575,1.08663,1.08562,1.08578,2857
2025-02-12 10:45:00,1.08569,1.08613,1.08524,1.08557,2585
2025-02-12 11:00:00,1.08544,1.08696,1.08544,1.08596,4042
2025-02-12 11:15:00,1.08601,1.0863,1.08601,1.08609,2946
2025-02-12 11:30:00,1.08614,1.08718,1.08614,1.08657,2100
2025-02-12 11:45:00,1.08669,1.08669,1.08582,1.08644,3577
2025-02-12 12:00:00,1.08644,1.08654,1.08525,1.08619,2736
2025-02-12 12:15:00,1.08642,1.08665,1.08562,1.08621,2186
2025-02-12 12:30:00,1.08623,1.0867,1.086,1.08627,4623
2025-02-12 12:45:00,1.08633,1.08658,1.08559,1.08597,2501
2025-02-12 13:00:00,1.08583,1.08644,1.08537,1.0863,634
2025-02-12 13:15:00,1.08624,1.08639,1.08592,1.0863,2289
2025-02-12 13:30:00,1.08635,1.08725,1.08633,1.08662,4900
2025-02-12 13:45:00,1.08662,1.08667,1.08616,1.08636,3042
2025-02-12 14:00:00,1.08638,1.08654,1.086,1.08631,3851
2025-02-12 14:15:00,1.08623,1.08623,1.08546,1.08596,3407
2025-02-12 14:30:00,1.08597,1.0865,1.08597,1.08635,2770
2025-02-12 14:45:00,1.08636,1.08663,1.08584,1.08639,4174
2025-02-12 15:00:00,1.08627,1.08627,1.08467,1.08559,2527
2025-02-12 15:15:00,1.08565,1.08598,1.08521,1.08584,1327
2025-02-12 15:30:00,1.08567,1.08656,1.08567,1.08623,1843
2025-02-12 15:45:00,1.08625,1.08659,1.08613,1.08631,4794
2025-02-12 16:00:00,1.08648,1.08648,1.08531,1.08599,3627
2025-02-12 16:15:00,1.08606,1.0861,1.08602,1.08608,906
2025-02-12 16:30:00,1.08615,1.0865,1.08547,1.08604,1961
2025-02-12 16:45:00,1.08595,1.08647,1.08595,1.08624,2274
2025-02-12 17:00:00,1.08642,1.08654,1.0859,1.08637,1870
2025-02-12 17:15:00,1.08651,1.08695,1.08574,1.08604,985
2025-02-12 17:30:00,1.08596,1.08644,1.08579,1.0862,862
2025-02-12 17:45:00,1.08615,1.08621,1.08539,1.08581,4301
2025-02-12 18:00:00,1.08594,1.08594,1.08559,1.08578,711
2025-02-12 18:15:00,1.08596,1.08623,1.08559,1.08618,3161
2025-02-12 18:30:00,1.08605,1.08698,1.08582,1.08622,1415
2025-02-12 18:45:00,1.08612,1.08649,1.08533,1.08611,1960
2025-02-12 19:00:00,1.0861,1.08624,1.08516,1.08562,4738
2025-02-12 19:15:00,1.0854,1.08611,1.08536,1.08582,3856
2025-02-12 19:30:00,1.08583,1.08672,1.08583,1.08609,1593
2025-02-12 19:45:00,1.08621,1.08621,1.08591,1.08591,2233
2025-02-12 20:00:00,1.08577,1.08624,1.08552,1.08567,2051
2025-02-12 20:15:00,1.08568,1.08646,1.085,1.08605,1833
2025-02-12 20:30:00,1.08599,1.08614,1.08506,1.08579,1364
2025-02-12 20:45:00,1.08596,1.0868,1.08596,1.0863,1786
2025-02-12 21:00:00,1.08625,1.08646,1.08608,1.08645,4655
2025-02-12 21:15:00,1.0866,1.0874,1.08567,1.08616,808
2025-02-12 21:30:00,1.0861,1.0866,1.08538,1.08619,2043
2025-02-12 21:45:00,1.08626,1.08626,1.08572,1.08601,1905
2025-02-12 22:00:00,1.08603,1.08652,1.08542,1.08611,2072
2025-02-12 22:15:00,1.0861,1.08674,1.08607,1.08625,2501
2025-02-12 22:30:00,1.08617,1.08617,1.08543,1.08596,1399
2025-02-12 22:45:00,1.08599,1.0861,1.0849,1.08585,1607
2025-02-12 23:00:00,1.08581,1.08655,1.08504,1.08571,3805
2025-02-12 23:15:00,1.08564,1.08685,1.08564,1.08612,4835
2025-02-12 23:30:00,1.08627,1.0867,1.08552,1.08639,4294
2025-02-12 23:45:00,1.08644,1.08691,1.08552,1.08632,4820
2025-02-13 00:00:00,1.08638,1.08649,1.08595,1.08616,4874
2025-02-13 00:15:00,1.08612,1.08637,1.08567,1.08574,4384
2025-02-13 00:30:00,1.08572,1.08572,1.08467,1.0854,2976
2025-02-13 00:45:00,1.08538,1.08636,1.08538,1.0858,901
2025-02-13 01:00:00,1.08583,1.08613,1.08578,1.08589,2593
2025-02-13 01:15:00,1.08596,1.08596,1.08583,1.08589,3747
2025-02-13 01:30:00,1.08589,1.08645,1.08581,1.08609,3571
2025-02-13 01:45:00,1.08602,1.08638,1.08602,1.08633,4356
2025-02-13 02:00:00,1.08641,1.08641,1.08589,1.08599,4201
2025-02-13 02:15:00,1.086,1.08652,1.0856,1.086,2307
2025-02-13 02:30:00,1.08586,1.08633,1.08575,1.08589,1889
2025-02-13 02:45:00,1.08567,1.08614,1.08567,1.086,4899
2025-02-13 03:00:00,1.08603,1.08603,1.08521,1.08591,2898
2025-02-13 03:15:00,1.08582,1.08641,1.08533,1.08608,591
2025-02-13 03:30:00,1.08612,1.08668,1.08589,1.08622,3732
2025-02-13 03:45:00,1.08614,1.08707,1.08592,1.08642,2679
2025-02-13 04:00:00,1.08643,1.08681,1.08639,1.08648,3316
2025-02-13 04:15:00,1.08644,1.08728,1.08587,1.08652,1812
2025-02-13 04:30:00,1.0867,1.0867,1.08541,1.08604,4529
2025-02-13 04:45:00,1.08613,1.08663,1.08613,1.08655,1398
2025-02-13 05:00:00,1.08669,1.08712,1.08568,1.08635,3672
2025-02-13 05:15:00,1.08635,1.08653,1.0862,1.08629,3592
2025-02-13 05:30:00,1.08638,1.08642,1.08588,1.08623,748
2025-02-13 05:45:00,1.08624,1.08684,1.08569,1.08657,2739
2025-02-13 06:00:00,1.08672,1.08672,1.08632,1.08657,3132
2025-02-13 06:15:00,1.08657,1.08671,1.0857,1.08633,3884
2025-02-13 06:30:00,1.0862,1.08696,1.0862,1.08686,4763
2025-02-13 06:45:00,1.08666,1.08695,1.08624,1.08648,4204
2025-02-13 07:00:00,1.08664,1.08702,1.08657,1.08687,1697
2025-02-13 07:15:00,1.08692,1.08764,1.0865,1.08693,2491
2025-02-13 07:30:00,1.08698,1.08784,1.08657,1.087,1000
2025-02-13 07:45:00,1.08715,1.08823,1.08678,1.08722,1661
2025-02-13 08:00:00,1.08706,1.08708,1.08588,1.08653,598
2025-02-13 08:15:00,1.0865,1.08689,1.08625,1.08676,3628
2025-02-13 08:30:00,1.08674,1.08721,1.08658,1.08675,2794
2025-02-13 08:45:00,1.08682,1.08721,1.08587,1.08693,1212
2025-02-13 09:00:00,1.08686,1.08769,1.08652,1.08681,4414
2025-02-13 09:15:00,1.08669,1.08709,1.08669,1.0868,606
2025-02-13 09:30:00,1.08668,1.08731,1.08635,1.08684,545
2025-02-13 09:45:00,1.08696,1.08736,1.08639,1.08667,2943
2025-02-13 10:00:00,1.08659,1.08764,1.08627,1.08698,3631
2025-02-13 10:15:00,1.08693,1.08718,1.08631,1.08688,3163
2025-02-13 10:30:00,1.08695,1.08702,1.08672,1.08695,1449
2025-02-13 10:45:00,1.08689,1.08713,1.08663,1.08674,4068
2025-02-13 11:00:00,1.08656,1.08699,1.08647,1.08665,3221
2025-02-13 11:15:00,1.0865,1.08664,1.0861,1.08643,4298
2025-02-13 11:30:00,1.08642,1.08673,1.08588,1.0867,3789
2025-02-13 11:45:00,1.08675,1.08675,1.08626,1.08641,3834
2025-02-13 12:00:00,1.08639,1.08716,1.08639,1.08706,3721
2025-02-13 12:15:00,1.0871,1.0871,1.08607,1.08638,3817
2025-02-13 12:30:00,1.08622,1.08705,1.08622,1.08685,2317
2025-02-13 12:45:00,1.0867,1.08751,1.0867,1.08697,4544
2025-02-13 13:00:00,1.0872,1.08731,1.08675,1.0869,2721
2025-02-13 13:15:00,1.08702,1.08746,1.08571,1.08682,4767
2025-02-13 13:30:00,1.08689,1.08689,1.08628,1.08667,1457
2025-02-13 13:45:00,1.08661,1.08673,1.08604,1.08661,2885
2025-02-13 14:00:00,1.08659,1.088,1.08659,1.08715,1934
2025-02-13 14:15:00,1.08715,1.08818,1.08715,1.08728,3669
2025-02-13 14:30:00,1.08741,1.08741,1.08668,1.08682,3484
2025-02-13 14:45:00,1.08686,1.0872,1.0868,1.08681,3756
2025-02-13 15:00:00,1.08686,1.08689,1.08612,1.08655,1936
2025-02-13 15:15:00,1.08654,1.08772,1.0861,1.08688,4973
2025-02-13 15:30:00,1.08696,1.08754,1.08652,1.08717,1932
2025-02-13 15:45:00,1.0872,1.0879,1.08664,1.08744,2274
2025-02-13 16:00:00,1.08745,1.08745,1.08698,1.08732,917
2025-02-13 16:15:00,1.08725,1.08846,1.0872,1.08722,1482
2025-02-13 16:30:00,1.08721,1.0877,1.08627,1.08708,1638
2025-02-13 16:45:00,1.08697,1.08733,1.08672,1.08707,3428
2025-02-13 17:00:00,1.08706,1.08752,1.08692,1.08736,1733
2025-02-13 17:15:00,1.08737,1.08742,1.08677,1.08707,1330
2025-02-13 17:30:00,1.08683,1.08737,1.08647,1.08673,4593
2025-02-13 17:45:00,1.08671,1.0873,1.08671,1.0871,4788
2025-02-13 18:00:00,1.08699,1.08764,1.08699,1.08708,3360
2025-02-13 18:15:00,1.08713,1.08828,1.08637,1.08717,2468
2025-02-13 18:30:00,1.08724,1.08742,1.08715,1.08739,2971
2025-02-13 18:45:00,1.08734,1.08777,1.08662,1.08738,4837
2025-02-13 19:00:00,1.08743,1.08768,1.08692,1.08738,2009
2025-02-13 19:15:00,1.08744,1.0877,1.08708,1.08769,1272
2025-02-13 19:30:00,1.08767,1.08767,1.08681,1.0874,4172
2025-02-13 19:45:00,1.08755,1.08826,1.08755,1.08786,4486
2025-02-13 20:00:00,1.08779,1.0881,1.08736,1.08749,4696
2025-02-13 20:15:00,1.08764,1.08764,1.08727,1.08754,3357
2025-02-13 20:30:00,1.08751,1.08837,1.08722,1.08761,3180
2025-02-13 20:45:00,1.08752,1.08844,1.08749,1.08767,2278
2025-02-13 21:00:00,1.08764,1.08815,1.08697,1.08773,2519
2025-02-13 21:15:00,1.08762,1.08785,1.08747,1.08759,3424
2025-02-13 21:30:00,1.08767,1.08767,1.08731,1.08733,1088
2025-02-13 21:45:00,1.08717,1.0876,1.08672,1.08719,772
2025-02-13 22:00:00,1.08733,1.08835,1.08709,1.08788,3429
2025-02-13 22:15:00,1.08779,1.08789,1.08698,1.08728,2534
2025-02-13 22:30:00,1.08737,1.08795,1.08727,1.08761,2001
2025-02-13 22:45:00,1.08761,1.08772,1.08694,1.08718,2605
2025-02-13 23:00:00,1.08721,1.0879,1.08721,1.08748,4076
2025-02-13 23:15:00,1.08742,1.08745,1.08713,1.08744,4982
2025-02-13 23:30:00,1.08748,1.08817,1.08743,1.0875,4640
2025-02-13 23:45:00,1.08752,1.08759,1.08622,1.08702,1781
2025-02-14 00:00:00,1.08687,1.08827,1.08687,1.08755,1314
2025-02-14 00:15:00,1.08746,1.08817,1.08718,1.08743,1769
2025-02-14 00:30:00,1.08738,1.08779,1.08738,1.08772,4835
2025-02-14 00:45:00,1.08765,1.08804,1.08683,1.08746,3984
2025-02-14 01:00:00,1.08759,1.08812,1.08714,1.0876,1651
2025-02-14 01:15:00,1.0876,1.08887,1.08718,1.08783,2237
2025-02-14 01:30:00,1.08775,1.08822,1.08736,1.08768,4871
2025-02-14 01:45:00,1.08763,1.08781,1.08745,1.08777,2965
2025-02-14 02:00:00,1.08772,1.08792,1.0874,1.08764,2754
2025-02-14 02:15:00,1.08761,1.08764,1.0871,1.08755,2075
2025-02-14 02:30:00,1.08744,1.08845,1.08744,1.0882,1332
2025-02-14 02:45:00,1.08812,1.08812,1.08715,1.08775,1869
2025-02-14 03:00:00,1.08783,1.0886,1.08759,1.08804,4402
2025-02-14 03:15:00,1.08806,1.08839,1.088,1.08837,1067
2025-02-14 03:30:00,1.08835,1.08859,1.08719,1.08814,4755
2025-02-14 03:45:00,1.08814,1.08827,1.08757,1.08813,4691
2025-02-14 04:00:00,1.08813,1.0889,1.08813,1.08823,4496
2025-02-14 04:15:00,1.08821,1.08835,1.08764,1.08821,3687
2025-02-14 04:30:00,1.08826,1.08868,1.08707,1.0878,3783
2025-02-14 04:45:00,1.08784,1.08872,1.08765,1.088,1098
2025-02-14 05:00:00,1.08785,1.08795,1.08753,1.08766,543
2025-02-14 05:15:00,1.08764,1.08851,1.08754,1.08796,4029
2025-02-14 05:30:00,1.0878,1.08807,1.08704,1.08805,2381
2025-02-14 05:45:00,1.08811,1.08855,1.08729,1.08797,4043
2025-02-14 06:00:00,1.08805,1.08831,1.08784,1.08807,2383
2025-02-14 06:15:00,1.08801,1.08828,1.08738,1.08783,880
2025-02-14 06:30:00,1.08782,1.08882,1.08782,1.08822,2662
2025-02-14 06:45:00,1.088,1.08879,1.088,1.0884,2158
2025-02-14 07:00:00,1.0885,1.0885,1.08702,1.08803,4983
2025-02-14 07:15:00,1.0881,1.08845,1.08746,1.08809,3392
2025-02-14 07:30:00,1.08821,1.08835,1.08816,1.08828,3482
2025-02-14 07:45:00,1.08843,1.08878,1.08838,1.08844,1375
2025-02-14 08:00:00,1.08831,1.08831,1.08734,1.08791,4015
2025-02-14 08:15:00,1.08799,1.08825,1.0876,1.08822,527
2025-02-14 08:30:00,1.08837,1.08908,1.08772,1.0883,1135
2025-02-14 08:45:00,1.08815,1.08847,1.08796,1.08808,2515
2025-02-14 09:00:00,1.08807,1.08807,1.08708,1.08758,2624
2025-02-14 09:15:00,1.08755,1.08964,1.08755,1.08825,1086
2025-02-14 09:30:00,1.08834,1.08845,1.08776,1.08844,4122
2025-02-14 09:45:00,1.0882,1.08852,1.08718,1.08815,4829
2025-02-14 10:00:00,1.08833,1.08885,1.088,1.08801,3970
2025-02-14 10:15:00,1.088,1.08836,1.08753,1.08807,4924
2025-02-14 10:30:00,1.08816,1.08896,1.08779,1.08841,4214
2025-02-14 10:45:00,1.0884,1.08849,1.08759,1.08823,3576
2025-02-14 11:00:00,1.08828,1.08848,1.08808,1.08815,2895
2025-02-14 11:15:00,1.08792,1.08841,1.08792,1.08802,4509
2025-02-14 11:30:00,1.08798,1.08807,1.0872,1.08781,3970
2025-02-14 11:45:00,1.0879,1.08847,1.08778,1.08795,1782
2025-02-14 12:00:00,1.08798,1.08871,1.0873,1.08799,890
2025-02-14 12:15:00,1.08782,1.08901,1.08782,1.08814,2443
2025-02-14 12:30:00,1.08815,1.08878,1.08815,1.08849,2450
2025-02-14 12:45:00,1.08841,1.08852,1.0882,1.08839,3137
2025-02-14 13:00:00,1.0883,1.0883,1.08727,1.08791,503
2025-02-14 13:15:00,1.08776,1.08846,1.08776,1.08821,3190
2025-02-14 13:30:00,1.08827,1.08874,1.08805,1.08825,4604
2025-02-14 13:45:00,1.08836,1.08857,1.08803,1.08819,4038
2025-02-14 14:00:00,1.0884,1.0884,1.08783,1.08791,3247
2025-02-14 14:15:00,1.08776,1.08891,1.08776,1.08865,2174
2025-02-14 14:30:00,1.08873,1.08873,1.08777,1.08801,4034
2025-02-14 14:45:00,1.0881,1.0881,1.08707,1.088,1431
2025-02-14 15:00:00,1.08794,1.08824,1.08774,1.08824,624
2025-02-14 15:15:00,1.08815,1.08898,1.08815,1.08862,3365
2025-02-14 15:30:00,1.08851,1.08851,1.08751,1.08806,758
2025-02-14 15:45:00,1.08801,1.08896,1.08801,1.08821,4168
2025-02-14 16:00:00,1.08823,1.08926,1.08823,1.08858,3633
2025-02-14 16:15:00,1.08872,1.08872,1.08791,1.08818,1471
2025-02-14 16:30:00,1.08829,1.08884,1.08766,1.08793,4874
2025-02-14 16:45:00,1.08777,1.0885,1.08777,1.08808,1646
2025-02-14 17:00:00,1.088,1.08822,1.0874,1.08811,2819
2025-02-14 17:15:00,1.08824,1.08841,1.08814,1.08814,4548
2025-02-14 17:30:00,1.08807,1.08824,1.08748,1.08796,3840
2025-02-14 17:45:00,1.08796,1.08796,1.08734,1.08782,1392
2025-02-14 18:00:00,1.08765,1.08854,1.08765,1.08784,3115
2025-02-14 18:15:00,1.08795,1.08797,1.08762,1.08774,4813
2025-02-14 18:30:00,1.08755,1.08813,1.08748,1.08772,4123
2025-02-14 18:45:00,1.08756,1.08894,1.0875,1.08756,2706
2025-02-14 19:00:00,1.08767,1.08767,1.08715,1.08757,859
2025-02-14 19:15:00,1.08776,1.08805,1.08755,1.08776,1988
2025-02-14 19:30:00,1.08773,1.08858,1.0875,1.08787,790
2025-02-14 19:45:00,1.08787,1.08787,1.08647,1.08704,3526
2025-02-14 20:00:00,1.08713,1.08811,1.08705,1.08728,2613
2025-02-14 20:15:00,1.08731,1.08749,1.08676,1.08706,2704
2025-02-14 20:30:00,1.08702,1.08783,1.08668,1.08712,4358
2025-02-14 20:45:00,1.08707,1.08732,1.08707,1.08722,4047
2025-02-14 21:00:00,1.08707,1.08799,1.08707,1.08734,2066
2025-02-14 21:15:00,1.08737,1.08799,1.08638,1.08704,2904
2025-02-14 21:30:00,1.08703,1.08726,1.08643,1.08669,979
2025-02-14 21:45:00,1.08665,1.08757,1.08627,1.08693,1599
2025-02-14 22:00:00,1.08683,1.08816,1.08617,1.08745,2735
2025-02-14 22:15:00,1.08736,1.08736,1.0865,1.08669,4262
2025-02-14 22:30:00,1.08675,1.08791,1.08675,1.08751,975
2025-02-14 22:45:00,1.08759,1.08759,1.08677,1.08723,3877
2025-02-14 23:00:00,1.0872,1.08722,1.08626,1.0872,1416
2025-02-14 23:15:00,1.08716,1.08716,1.08688,1.08697,2709
2025-02-14 23:30:00,1.08689,1.08689,1.08543,1.0866,2571
2025-02-14 23:45:00,1.0867,1.08749,1.08656,1.0872,1859
2025-02-15 00:00:00,1.0872,1.08759,1.0867,1.08726,1807
2025-02-15 00:15:00,1.0873,1.08778,1.08711,1.08723,2721
2025-02-15 00:30:00,1.08727,1.08798,1.08689,1.08707,3321
2025-02-15 00:45:00,1.08704,1.08727,1.08604,1.08726,4825
2025-02-15 01:00:00,1.08714,1.08742,1.08678,1.08716,1202
2025-02-15 01:15:00,1.08706,1.08741,1.08681,1.0871,617
2025-02-15 01:30:00,1.08721,1.08791,1.08698,1.08733,2600
2025-02-15 01:45:00,1.08726,1.08735,1.08685,1.08701,3763
2025-02-15 02:00:00,1.08697,1.08753,1.08685,1.08703,2460
2025-02-15 02:15:00,1.08691,1.08709,1.08667,1.08703,1271
2025-02-15 02:30:00,1.08691,1.08743,1.08682,1.08683,3329
2025-02-15 02:45:00,1.08675,1.08781,1.08675,1.08706,4708
2025-02-15 03:00:00,1.08723,1.08741,1.08723,1.08738,1787
2025-02-15 03:15:00,1.08745,1.08766,1.08634,1.08709,1867
2025-02-15 03:30:00,1.08703,1.0875,1.08683,1.08694,4094
2025-02-15 03:45:00,1.08705,1.08746,1.08686,1.0874,598
2025-02-15 04:00:00,1.08739,1.08843,1.08711,1.08743,1546
2025-02-15 04:15:00,1.08756,1.08756,1.08696,1.08703,4834
2025-02-15 04:30:00,1.08725,1.08725,1.08622,1.08702,4303
2025-02-15 04:45:00,1.08712,1.08856,1.08686,1.08728,4255
2025-02-15 05:00:00,1.08729,1.08772,1.08722,1.0875,4982
2025-02-15 05:15:00,1.08757,1.08757,1.08624,1.08695,1105
2025-02-15 05:30:00,1.08695,1.08758,1.08591,1.0868,2669
2025-02-15 05:45:00,1.08662,1.08778,1.08662,1.08737,1062
2025-02-15 06:00:00,1.0873,1.08767,1.08719,1.08744,4500
2025-02-15 06:15:00,1.08735,1.0878,1.08688,1.08728,519
2025-02-15 06:30:00,1.08721,1.08726,1.08715,1.08725,4460
2025-02-15 06:45:00,1.08743,1.08872,1.08686,1.08758,1823
2025-02-15 07:00:00,1.08769,1.08769,1.0865,1.0875,4041
2025-02-15 07:15:00,1.08755,1.08755,1.08693,1.08716,3657
2025-02-15 07:30:00,1.08724,1.08781,1.08724,1.08734,4240
2025-02-15 07:45:00,1.08715,1.08727,1.08709,1.08714,2659
2025-02-15 08:00:00,1.08721,1.08806,1.08717,1.08748,1814
2025-02-15 08:15:00,1.08757,1.08869,1.08677,1.0874,2926
2025-02-15 08:30:00,1.08718,1.08787,1.08661,1.08736,4453
2025-02-15 08:45:00,1.08744,1.08744,1.0868,1.08737,1439
2025-02-15 09:00:00,1.08723,1.08826,1.08722,1.08746,737
2025-02-15 09:15:00,1.08726,1.08804,1.08703,1.08761,1143
2025-02-15 09:30:00,1.08774,1.08778,1.08701,1.08761,684
2025-02-15 09:45:00,1.08751,1.08751,1.08737,1.08743,2330
2025-02-15 10:00:00,1.08736,1.08789,1.08708,1.08761,2285
2025-02-15 10:15:00,1.08771,1.08806,1.08751,1.08757,1948
2025-02-15 10:30:00,1.08754,1.08759,1.08708,1.08743,1881
2025-02-15 10:45:00,1.08741,1.08788,1.0869,1.08733,861
2025-02-15 11:00:00,1.08731,1.08738,1.08618,1.08723,1559
2025-02-15 11:15:00,1.08727,1.08793,1.08727,1.08744,1015
2025-02-15 11:30:00,1.08741,1.08741,1.08662,1.08725,829
2025-02-15 11:45:00,1.08726,1.0873,1.08711,1.0872,3641
2025-02-15 12:00:00,1.08715,1.08816,1.08715,1.08756,4239
2025-02-15 12:15:00,1.08759,1.08793,1.08716,1.08726,792
2025-02-15 12:30:00,1.0873,1.0873,1.08668,1.08676,859
2025-02-15 12:45:00,1.08695,1.08722,1.08692,1.08701,2109
2025-02-15 13:00:00,1.08698,1.08698,1.08651,1.08687,3071
2025-02-15 13:15:00,1.08685,1.08703,1.08623,1.08685,1860
2025-02-15 13:30:00,1.08687,1.08755,1.08586,1.08679,1123
2025-02-15 13:45:00,1.08688,1.08765,1.08688,1.08702,2065
2025-02-15 14:00:00,1.08691,1.08764,1.0866,1.08702,2420
2025-02-15 14:15:00,1.08703,1.08708,1.08657,1.08681,2011
2025-02-15 14:30:00,1.08656,1.08755,1.08656,1.08712,1074
2025-02-15 14:45:00,1.0871,1.08734,1.08663,1.08703,2501
2025-02-15 15:00:00,1.08714,1.08714,1.08644,1.08695,896
2025-02-15 15:15:00,1.08687,1.08757,1.0867,1.087,3208
2025-02-15 15:30:00,1.08701,1.08722,1.0865,1.08687,4997
2025-02-15 15:45:00,1.08682,1.08716,1.08678,1.08691,2011
2025-02-15 16:00:00,1.08682,1.08704,1.08677,1.0869,2593
2025-02-15 16:15:00,1.087,1.08777,1.08573,1.08691,4749
2025-02-15 16:30:00,1.08681,1.08724,1.08674,1.0869,4856
2025-02-15 16:45:00,1.08693,1.0873,1.08638,1.08678,3192
2025-02-15 17:00:00,1.08681,1.08682,1.08603,1.08676,2532
2025-02-15 17:15:00,1.08668,1.0874,1.08668,1.08688,1854
2025-02-15 17:30:00,1.0869,1.08775,1.0869,1.08703,3252
2025-02-15 17:45:00,1.08693,1.08755,1.08572,1.08682,1792
2025-02-15 18:00:00,1.08688,1.08688,1.08596,1.08632,4235
2025-02-15 18:15:00,1.08619,1.08748,1.08619,1.08711,4752
2025-02-15 18:30:00,1.08707,1.08773,1.08666,1.08693,4239
2025-02-15 18:45:00,1.0869,1.08708,1.08624,1.08673,2976
2025-02-15 19:00:00,1.08684,1.08707,1.0862,1.08698,2408
2025-02-15 19:15:00,1.087,1.087,1.08595,1.08629,3399
2025-02-15 19:30:00,1.08639,1.08723,1.08632,1.08678,1775
2025-02-15 19:45:00,1.08683,1.08683,1.08578,1.08626,4862
2025-02-15 20:00:00,1.08631,1.08663,1.08561,1.08639,558
2025-02-15 20:15:00,1.08635,1.08635,1.08579,1.08595,4423
2025-02-15 20:30:00,1.08605,1.08649,1.08582,1.08615,1116
2025-02-15 20:45:00,1.08612,1.08705,1.08558,1.08628,4171
2025-02-15 21:00:00,1.08611,1.08751,1.08594,1.08615,2718
2025-02-15 21:15:00,1.08613,1.08696,1.08582,1.08628,2211
2025-02-15 21:30:00,1.08632,1.08632,1.08569,1.08615,1842
2025-02-15 21:45:00,1.08599,1.08677,1.08562,1.08588,1523
2025-02-15 22:00:00,1.08579,1.0869,1.08533,1.0859,1233
2025-02-15 22:15:00,1.08578,1.08625,1.08578,1.0862,897
2025-02-15 22:30:00,1.08628,1.08628,1.08568,1.08587,3586
2025-02-15 22:45:00,1.08604,1.08689,1.08604,1.08626,1468
2025-02-15 23:00:00,1.08624,1.08642,1.08572,1.08622,961
2025-02-15 23:15:00,1.08627,1.08627,1.08538,1.08572,637
2025-02-15 23:30:00,1.08577,1.08676,1.08577,1.08629,1261
2025-02-15 23:45:00,1.08644,1.08719,1.08631,1.08644,2697
2025-02-16 00:00:00,1.08637,1.08653,1.08518,1.08607,1362
2025-02-16 00:15:00,1.08605,1.08674,1.08547,1.08612,1092
2025-02-16 00:30:00,1.08609,1.08632,1.08607,1.0863,2847
2025-02-16 00:45:00,1.08631,1.08631,1.08516,1.08594,1946
2025-02-16 01:00:00,1.08619,1.08619,1.08586,1.08596,1942
2025-02-16 01:15:00,1.08597,1.08612,1.08473,1.08574,3306
2025-02-16 01:30:00,1.08565,1.08639,1.08565,1.08597,3825
2025-02-16 01:45:00,1.08586,1.0862,1.08539,1.08611,4256
2025-02-16 02:00:00,1.08623,1.08638,1.08593,1.08624,1836
2025-02-16 02:15:00,1.08615,1.08706,1.08615,1.08631,1301
2025-02-16 02:30:00,1.08637,1.08645,1.08555,1.08598,2857
2025-02-16 02:45:00,1.08592,1.08597,1.08574,1.08593,3757
2025-02-16 03:00:00,1.0858,1.08728,1.08578,1.08647,4439
2025-02-16 03:15:00,1.08653,1.08653,1.08606,1.08606,4579
2025-02-16 03:30:00,1.086,1.08651,1.086,1.08616,3795
2025-02-16 03:45:00,1.08621,1.08743,1.08555,1.08605,1095
2025-02-16 04:00:00,1.0861,1.0861,1.08479,1.08576,2547
2025-02-16 04:15:00,1.08581,1.08648,1.08581,1.08627,526
2025-02-16 04:30:00,1.08625,1.08625,1.08526,1.08567,2928
2025-02-16 04:45:00,1.08574,1.08597,1.0847,1.08551,630
2025-02-16 05:00:00,1.08542,1.08579,1.08542,1.08571,3567
2025-02-16 05:15:00,1.08547,1.08611,1.08528,1.08541,3851
2025-02-16 05:30:00,1.08548,1.08605,1.08543,1.08583,2832
2025-02-16 05:45:00,1.08584,1.08632,1.08576,1.08583,1236
2025-02-16 06:00:00,1.08577,1.08649,1.08549,1.08609,4347
2025-02-16 06:15:00,1.08594,1.0862,1.08499,1.08582,1798
2025-02-16 06:30:00,1.08562,1.08612,1.08562,1.08612,1591
2025-02-16 06:45:00,1.08612,1.08626,1.08596,1.08608,732
2025-02-16 07:00:00,1.08625,1.08625,1.08579,1.08587,721
2025-02-16 07:15:00,1.08586,1.08594,1.08538,1.08562,952
2025-02-16 07:30:00,1.08558,1.0868,1.0848,1.08552,4899
2025-02-16 07:45:00,1.08551,1.08589,1.0851,1.08518,1435
2025-02-16 08:00:00,1.08539,1.08563,1.0852,1.08542,1843
2025-02-16 08:15:00,1.0855,1.08615,1.08488,1.08513,2811
2025-02-16 08:30:00,1.08504,1.08573,1.08504,1.08546,864
2025-02-16 08:45:00,1.08547,1.08591,1.08547,1.08589,3289
2025-02-16 09:00:00,1.08592,1.08592,1.08465,1.08548,1750
2025-02-16 09:15:00,1.08537,1.08537,1.08433,1.08494,955
2025-02-16 09:30:00,1.08502,1.08544,1.08365,1.0853,2263
2025-02-16 09:45:00,1.08522,1.08595,1.08486,1.08544,4392
2025-02-16 10:00:00,1.08529,1.08593,1.08529,1.08545,4923
2025-02-16 10:15:00,1.08545,1.08549,1.08485,1.08521,4232
2025-02-16 10:30:00,1.0852,1.08578,1.08491,1.08541,1318
2025-02-16 10:45:00,1.08541,1.08641,1.08472,1.0852,4592
2025-02-16 11:00:00,1.08512,1.08527,1.08486,1.0852,2465
2025-02-16 11:15:00,1.08513,1.08614,1.08511,1.08567,3891
2025-02-16 11:30:00,1.08578,1.08579,1.08461,1.08528,1235
2025-02-16 11:45:00,1.08533,1.08602,1.08506,1.08558,4106
2025-02-16 12:00:00,1.08549,1.08576,1.08497,1.08514,1967
2025-02-16 12:15:00,1.08494,1.08578,1.08494,1.08577,4014
2025-02-16 12:30:00,1.08568,1.08568,1.08483,1.08511,4275
2025-02-16 12:45:00,1.08512,1.08524,1.08512,1.08516,1319
2025-02-16 13:00:00,1.0851,1.08532,1.08452,1.08517,2214
2025-02-16 13:15:00,1.0851,1.08556,1.08474,1.08499,1015
2025-02-16 13:30:00,1.08493,1.08557,1.08469,1.0852,1928
2025-02-16 13:45:00,1.08519,1.08543,1.085,1.08532,4090
2025-02-16 14:00:00,1.0854,1.08601,1.08461,1.0852,1343
2025-02-16 14:15:00,1.0852,1.08541,1.08497,1.08531,4630
2025-02-16 14:30:00,1.08532,1.08576,1.08495,1.08513,3973
2025-02-16 14:45:00,1.08511,1.08539,1.08472,1.08506,3635
2025-02-16 15:00:00,1.08501,1.08603,1.08501,1.08556,3115
2025-02-16 15:15:00,1.08565,1.08565,1.08527,1.08528,4824
2025-02-16 15:30:00,1.08535,1.08535,1.08389,1.08484,4479
2025-02-16 15:45:00,1.08504,1.08518,1.08412,1.08504,1776
2025-02-16 16:00:00,1.0851,1.08526,1.08437,1.08489,2011
2025-02-16 16:15:00,1.08484,1.08595,1.08434,1.08489,3462
2025-02-16 16:30:00,1.08479,1.08479,1.08371,1.0846,1394
2025-02-16 16:45:00,1.08469,1.08471,1.08427,1.08463,1353
2025-02-16 17:00:00,1.08455,1.08533,1.08455,1.08507,4935
2025-02-16 17:15:00,1.08515,1.0852,1.08456,1.08486,2910
2025-02-16 17:30:00,1.08478,1.08478,1.08411,1.08427,679
2025-02-16 17:45:00,1.08431,1.08527,1.0842,1.08506,1088
2025-02-16 18:00:00,1.08496,1.08581,1.08465,1.08505,2545
2025-02-16 18:15:00,1.08513,1.08513,1.08447,1.0847,3725
2025-02-16 18:30:00,1.08458,1.08518,1.08458,1.08497,2899
2025-02-16 18:45:00,1.085,1.085,1.08369,1.08453,3536
2025-02-16 19:00:00,1.08451,1.08529,1.0843,1.08452,1064
2025-02-16 19:15:00,1.08453,1.08531,1.08428,1.08482,4553
2025-02-16 19:30:00,1.08478,1.085,1.08432,1.08454,4964
2025-02-16 19:45:00,1.0845,1.08464,1.08322,1.08428,3206
2025-02-16 20:00:00,1.0843,1.08476,1.08403,1.08467,4466
2025-02-16 20:15:00,1.08457,1.08503,1.08437,1.08473,4954
2025-02-16 20:30:00,1.08463,1.08535,1.08447,1.0849,4426
2025-02-16 20:45:00,1.08487,1.08549,1.08381,1.08468,2140
2025-02-16 21:00:00,1.08464,1.08506,1.08381,1.08457,2150
2025-02-16 21:15:00,1.08447,1.08494,1.08447,1.08491,1002
2025-02-16 21:30:00,1.08501,1.08536,1.08445,1.0847,2905
2025-02-16 21:45:00,1.08467,1.08467,1.08413,1.08448,561
2025-02-16 22:00:00,1.08446,1.08502,1.08442,1.08489,3949
2025-02-16 22:15:00,1.08476,1.08511,1.08466,1.08475,3786
2025-02-16 22:30:00,1.08496,1.08532,1.0844,1.08465,2192
2025-02-16 22:45:00,1.08489,1.08489,1.08462,1.08466,856
2025-02-16 23:00:00,1.08458,1.08536,1.08426,1.08431,1095
2025-02-16 23:15:00,1.08443,1.08508,1.08373,1.0842,2124
2025-02-16 23:30:00,1.08419,1.08452,1.0834,1.08431,1629
2025-02-16 23:45:00,1.08447,1.0847,1.08357,1.0843,2941
2025-02-17 00:00:00,1.08433,1.08555,1.08433,1.0846,2530
2025-02-17 00:15:00,1.08461,1.08461,1.08403,1.08422,3672
2025-02-17 00:30:00,1.08397,1.08503,1.08372,1.0843,2331
2025-02-17 00:45:00,1.08421,1.08421,1.08324,1.08394,4453
2025-02-17 01:00:00,1.08394,1.08425,1.08394,1.08424,3801
2025-02-17 01:15:00,1.08426,1.08456,1.08374,1.084,3070
2025-02-17 01:30:00,1.08388,1.08476,1.08313,1.08401,592
2025-02-17 01:45:00,1.08394,1.08452,1.08394,1.08406,2700
2025-02-17 02:00:00,1.08412,1.08412,1.08325,1.08379,4949
2025-02-17 02:15:00,1.08365,1.08449,1.08365,1.08397,1378
2025-02-17 02:30:00,1.08398,1.08409,1.08322,1.08387,2396
2025-02-17 02:45:00,1.084,1.08436,1.08351,1.0837,1482
2025-02-17 03:00:00,1.08373,1.08462,1.08348,1.08401,3464
2025-02-17 03:15:00,1.08404,1.08413,1.08342,1.08348,3462
2025-02-17 03:30:00,1.08328,1.08373,1.08268,1.08349,1610
2025-02-17 03:45:00,1.08341,1.08432,1.08307,1.08358,882
2025-02-17 04:00:00,1.08379,1.08379,1.08255,1.08344,4310
2025-02-17 04:15:00,1.08338,1.08362,1.08253,1.08331,2047
2025-02-17 04:30:00,1.08343,1.08407,1.08321,1.0833,3418
2025-02-17 04:45:00,1.08324,1.08342,1.0832,1.08333,2958
2025-02-17 05:00:00,1.0833,1.0834,1.08285,1.08307,3943
2025-02-17 05:15:00,1.08312,1.08398,1.08312,1.08326,1606
2025-02-17 05:30:00,1.08327,1.08371,1.08273,1.08361,930
2025-02-17 05:45:00,1.08365,1.08365,1.08314,1.08318,4043
2025-02-17 06:00:00,1.08309,1.08458,1.0826,1.08312,3933
2025-02-17 06:15:00,1.083,1.08374,1.08268,1.08307,2959
2025-02-17 06:30:00,1.08298,1.08337,1.08254,1.08319,2582
2025-02-17 06:45:00,1.08314,1.08349,1.08304,1.08313,4227
2025-02-17 07:00:00,1.08311,1.08338,1.08211,1.08317,2622
2025-02-17 07:15:00,1.08327,1.08389,1.08278,1.08303,3358
2025-02-17 07:30:00,1.08304,1.08333,1.08272,1.08306,783
2025-02-17 07:45:00,1.08311,1.08311,1.0826,1.08269,1226
2025-02-17 08:00:00,1.0827,1.08286,1.08261,1.08285,2281
2025-02-17 08:15:00,1.08274,1.08352,1.08258,1.08297,836
2025-02-17 08:30:00,1.08297,1.08343,1.08281,1.08305,4102
2025-02-17 08:45:00,1.08306,1.0837,1.08203,1.08274,1085
2025-02-17 09:00:00,1.08282,1.08324,1.08282,1.08316,2414
2025-02-17 09:15:00,1.08305,1.08357,1.08256,1.08322,1066
2025-02-17 09:30:00,1.08302,1.08302,1.08211,1.08287,2865
2025-02-17 09:45:00,1.08289,1.08318,1.08187,1.08297,2151
2025-02-17 10:00:00,1.08301,1.08336,1.08274,1.08285,1820
2025-02-17 10:15:00,1.08284,1.08409,1.08284,1.08336,2290
2025-02-17 10:30:00,1.08336,1.08336,1.08222,1.08261,3381
2025-02-17 10:45:00,1.08269,1.08387,1.08269,1.08306,1454
2025-02-17 11:00:00,1.08302,1.08302,1.08182,1.08255,2566
2025-02-17 11:15:00,1.08252,1.0832,1.08241,1.08274,4451
2025-02-17 11:30:00,1.08274,1.08309,1.08262,1.08285,3361
2025-02-17 11:45:00,1.08272,1.08337,1.08219,1.08289,2737
2025-02-17 12:00:00,1.08287,1.08334,1.08193,1.08294,562
2025-02-17 12:15:00,1.08293,1.08314,1.08261,1.08274,1513
2025-02-17 12:30:00,1.0829,1.0829,1.08256,1.08277,2489
2025-02-17 12:45:00,1.08274,1.08394,1.08274,1.08318,2402
2025-02-17 13:00:00,1.0832,1.08332,1.08293,1.08318,2304
2025-02-17 13:15:00,1.08327,1.08327,1.08291,1.08314,3825
2025-02-17 13:30:00,1.08306,1.08395,1.08184,1.08306,4198
2025-02-17 13:45:00,1.0832,1.08326,1.08301,1.08306,1525
2025-02-17 14:00:00,1.08324,1.08334,1.08296,1.08303,1377
2025-02-17 14:15:00,1.08302,1.08354,1.08272,1.08296,3857
2025-02-17 14:30:00,1.08291,1.08375,1.08291,1.08327,631
2025-02-17 14:45:00,1.08343,1.08343,1.0826,1.08299,3152
2025-02-17 15:00:00,1.08307,1.08418,1.08296,1.08297,1492
2025-02-17 15:15:00,1.08298,1.08348,1.08263,1.08344,1570
2025-02-17 15:30:00,1.08358,1.08402,1.08339,1.08346,2259
2025-02-17 15:45:00,1.08359,1.0837,1.08229,1.08322,3096
2025-02-17 16:00:00,1.08319,1.08399,1.08269,1.08325,3599
2025-02-17 16:15:00,1.08328,1.08328,1.08264,1.08298,3449
2025-02-17 16:30:00,1.08304,1.08304,1.08222,1.08268,1401
2025-02-17 16:45:00,1.08268,1.08326,1.08268,1.0831,3984
2025-02-17 17:00:00,1.08296,1.08344,1.08296,1.08307,4937
2025-02-17 17:15:00,1.08297,1.08338,1.08231,1.08282,565
2025-02-17 17:30:00,1.08268,1.08301,1.08176,1.08277,4264
2025-02-17 17:45:00,1.08282,1.083,1.08279,1.08295,3641
2025-02-17 18:00:00,1.08283,1.0832,1.08221,1.08261,3293
2025-02-17 18:15:00,1.08263,1.08354,1.08209,1.08263,3832
2025-02-17 18:30:00,1.08282,1.0833,1.08259,1.0826,3079
2025-02-17 18:45:00,1.08274,1.08315,1.08237,1.08272,1919
2025-02-17 19:00:00,1.08254,1.08292,1.08152,1.08242,4953
2025-02-17 19:15:00,1.08229,1.08265,1.08216,1.08245,1915
2025-02-17 19:30:00,1.08237,1.0826,1.08066,1.08249,875
2025-02-17 19:45:00,1.08238,1.08301,1.08238,1.0827,677
2025-02-17 20:00:00,1.08253,1.08266,1.08168,1.08237,734
2025-02-17 20:15:00,1.08237,1.08311,1.08235,1.08275,3412
2025-02-17 20:30:00,1.08282,1.08306,1.08272,1.08279,1261
2025-02-17 20:45:00,1.08289,1.08297,1.08228,1.08245,4378
2025-02-17 21:00:00,1.08241,1.08309,1.08241,1.08264,1782
2025-02-17 21:15:00,1.08261,1.08294,1.08193,1.08247,1763
2025-02-17 21:30:00,1.08251,1.08256,1.0819,1.08221,4074
2025-02-17 21:45:00,1.0822,1.08256,1.0818,1.08209,4113
2025-02-17 22:00:00,1.08217,1.08231,1.08194,1.08204,4946
2025-02-17 22:15:00,1.08208,1.08281,1.08156,1.0822,3883
2025-02-17 22:30:00,1.08216,1.08225,1.08185,1.08201,3509
2025-02-17 22:45:00,1.08182,1.08182,1.08156,1.08171,2122
2025-02-17 23:00:00,1.08186,1.08237,1.08127,1.08222,3378
2025-02-17 23:15:00,1.08215,1.08215,1.08134,1.08187,529
2025-02-17 23:30:00,1.08191,1.08235,1.08175,1.08179,808
2025-02-17 23:45:00,1.0816,1.08267,1.08058,1.08205,2009
2025-02-18 00:00:00,1.08205,1.08205,1.08176,1.08196,2593
2025-02-18 00:15:00,1.08197,1.08197,1.08156,1.08161,3930
2025-02-18 00:30:00,1.08162,1.08189,1.08162,1.08189,636
2025-02-18 00:45:00,1.08219,1.08229,1.08141,1.08196,1274
2025-02-18 01:00:00,1.08189,1.08189,1.08131,1.08149,2098
2025-02-18 01:15:00,1.08157,1.08226,1.08157,1.08197,1954
2025-02-18 01:30:00,1.08203,1.08203,1.08127,1.08142,3103
2025-02-18 01:45:00,1.08135,1.08297,1.08135,1.08206,2980
2025-02-18 02:00:00,1.08214,1.08214,1.08105,1.0815,1346
2025-02-18 02:15:00,1.08148,1.08285,1.08148,1.08168,706
2025-02-18 02:30:00,1.08176,1.08176,1.08056,1.08129,2993
2025-02-18 02:45:00,1.08149,1.08191,1.08145,1.0818,3630
2025-02-18 03:00:00,1.08182,1.08239,1.08179,1.08194,1729
2025-02-18 03:15:00,1.08191,1.08267,1.08078,1.08195,3296
2025-02-18 03:30:00,1.08205,1.08222,1.08149,1.08172,3729
2025-02-18 03:45:00,1.08186,1.08213,1.08144,1.08169,1627
2025-02-18 04:00:00,1.0816,1.08228,1.0816,1.08208,1702
2025-02-18 04:15:00,1.08204,1.08206,1.08151,1.0818,2905
2025-02-18 04:30:00,1.08187,1.08219,1.08131,1.0821,1787
2025-02-18 04:45:00,1.08208,1.08238,1.08105,1.08174,1048
2025-02-18 05:00:00,1.08164,1.08182,1.08123,1.08178,4445
2025-02-18 05:15:00,1.08183,1.08298,1.08072,1.08194,4429
2025-02-18 05:30:00,1.08201,1.08208,1.08125,1.08149,1887
2025-02-18 05:45:00,1.08146,1.08158,1.08044,1.08151,1773
2025-02-18 06:00:00,1.08151,1.08224,1.08128,1.08197,3763
2025-02-18 06:15:00,1.08191,1.08194,1.08096,1.08147,1306
2025-02-18 06:30:00,1.08136,1.08243,1.08106,1.08131,2427
2025-02-18 06:45:00,1.08126,1.08281,1.08126,1.08209,3633
2025-02-18 07:00:00,1.08209,1.08209,1.08085,1.08133,4481
2025-02-18 07:15:00,1.08119,1.08256,1.08119,1.08179,2599
2025-02-18 07:30:00,1.08174,1.08174,1.08094,1.0816,2245
2025-02-18 07:45:00,1.08161,1.08163,1.08093,1.08096,4908
2025-02-18 08:00:00,1.08108,1.08208,1.08108,1.08148,4488
2025-02-18 08:15:00,1.08145,1.08249,1.08141,1.08165,4983
2025-02-18 08:30:00,1.08152,1.08191,1.08147,1.0816,1725
2025-02-18 08:45:00,1.08158,1.08216,1.08153,1.08169,2566
2025-02-18 09:00:00,1.08163,1.08219,1.08099,1.08145,594
2025-02-18 09:15:00,1.0815,1.08214,1.08143,1.08163,629
2025-02-18 09:30:00,1.0816,1.08208,1.08131,1.08144,3768
2025-02-18 09:45:00,1.08117,1.08182,1.081,1.08135,2453
2025-02-18 10:00:00,1.08172,1.08219,1.08103,1.08142,2807
2025-02-18 10:15:00,1.08144,1.08144,1.08091,1.0813,1486
2025-02-18 10:30:00,1.08131,1.08193,1.08131,1.08177,3610
2025-02-18 10:45:00,1.08161,1.08161,1.08118,1.08122,4072
2025-02-18 11:00:00,1.08107,1.08222,1.08079,1.08148,1316
2025-02-18 11:15:00,1.08147,1.08225,1.08129,1.08138,3100
2025-02-18 11:30:00,1.08142,1.08178,1.08109,1.08135,2669
2025-02-18 11:45:00,1.08142,1.08223,1.08142,1.08168,2279
2025-02-18 12:00:00,1.08171,1.08171,1.08118,1.08122,1256
2025-02-18 12:15:00,1.0811,1.08179,1.0811,1.08155,1667
2025-02-18 12:30:00,1.0813,1.08175,1.0812,1.08135,3094
2025-02-18 12:45:00,1.08134,1.08161,1.08116,1.08131,3604
2025-02-18 13:00:00,1.08125,1.08257,1.08117,1.08184,905
2025-02-18 13:15:00,1.08172,1.08172,1.08085,1.08103,2352
2025-02-18 13:30:00,1.08112,1.08202,1.08078,1.08163,2911
2025-02-18 13:45:00,1.08147,1.08178,1.08002,1.08139,3527
2025-02-18 14:00:00,1.08145,1.08158,1.0811,1.08126,4587
2025-02-18 14:15:00,1.08112,1.08251,1.08101,1.08167,662
2025-02-18 14:30:00,1.08168,1.08168,1.0802,1.08091,3311
2025-02-18 14:45:00,1.081,1.08139,1.08066,1.08113,630
2025-02-18 15:00:00,1.0811,1.08174,1.08094,1.08104,3667
2025-02-18 15:15:00,1.08121,1.08161,1.08116,1.0813,3200
2025-02-18 15:30:00,1.08149,1.08166,1.08028,1.08092,3555
2025-02-18 15:45:00,1.08094,1.08129,1.0802,1.08119,2817
2025-02-18 16:00:00,1.08125,1.08167,1.08053,1.08096,3451
2025-02-18 16:15:00,1.08106,1.08226,1.0809,1.08103,2912
2025-02-18 16:30:00,1.08108,1.08187,1.08108,1.08114,2433
2025-02-18 16:45:00,1.08118,1.08214,1.08101,1.08106,4005
2025-02-18 17:00:00,1.08101,1.08101,1.08057,1.0809,3158
2025-02-18 17:15:00,1.08073,1.08185,1.08073,1.08158,3632
2025-02-18 17:30:00,1.08144,1.08144,1.08043,1.0809,3479
2025-02-18 17:45:00,1.08114,1.08114,1.08044,1.0806,1846
2025-02-18 18:00:00,1.08064,1.08146,1.08064,1.08085,4300
2025-02-18 18:15:00,1.08082,1.08211,1.08031,1.08084,3136
2025-02-18 18:30:00,1.08097,1.08172,1.08097,1.08133,544
2025-02-18 18:45:00,1.08125,1.08201,1.0805,1.08128,846
2025-02-18 19:00:00,1.08134,1.08198,1.08119,1.08125,4293
2025-02-18 19:15:00,1.08125,1.0819,1.08037,1.08099,2916
2025-02-18 19:30:00,1.08104,1.08164,1.08089,1.08094,4953
2025-02-18 19:45:00,1.08091,1.08157,1.08089,1.08092,3042
2025-02-18 20:00:00,1.08083,1.08149,1.0804,1.08101,559
2025-02-18 20:15:00,1.08093,1.08179,1.07991,1.081,2845
2025-02-18 20:30:00,1.08093,1.08108,1.08011,1.08089,4826
2025-02-18 20:45:00,1.08089,1.08121,1.08048,1.08092,3344
2025-02-18 21:00:00,1.08076,1.08125,1.08058,1.08088,4266
2025-02-18 21:15:00,1.08075,1.08166,1.08075,1.08104,947
2025-02-18 21:30:00,1.08106,1.08106,1.0808,1.08094,2915
2025-02-18 21:45:00,1.08093,1.08139,1.08059,1.08105,4578
2025-02-18 22:00:00,1.08107,1.08142,1.08099,1.08118,3535
2025-02-18 22:15:00,1.08118,1.08118,1.08065,1.08087,2824
2025-02-18 22:30:00,1.08112,1.08121,1.07997,1.08095,4557
2025-02-18 22:45:00,1.08096,1.08108,1.08095,1.08097,537
2025-02-18 23:00:00,1.08093,1.08216,1.08093,1.08114,1730
2025-02-18 23:15:00,1.08115,1.08115,1.08066,1.0807,788
2025-02-18 23:30:00,1.0808,1.08164,1.0808,1.08112,2881
2025-02-18 23:45:00,1.08112,1.08132,1.08036,1.08103,703
2025-02-19 00:00:00,1.0811,1.08139,1.08093,1.08132,1543
2025-02-19 00:15:00,1.08136,1.08158,1.08036,1.08088,2120
2025-02-19 00:30:00,1.08085,1.08208,1.08085,1.08096,3459
2025-02-19 00:45:00,1.08097,1.08123,1.08088,1.08105,2943
2025-02-19 01:00:00,1.08121,1.08139,1.08093,1.0812,4336
2025-02-19 01:15:00,1.08123,1.08123,1.08073,1.08074,3623
2025-02-19 01:30:00,1.08064,1.08176,1.07975,1.0809,4231
2025-02-19 01:45:00,1.08087,1.08172,1.08046,1.08088,3757
2025-02-19 02:00:00,1.08067,1.08111,1.08007,1.08098,4256
2025-02-19 02:15:00,1.08099,1.08165,1.08007,1.08061,4948
2025-02-19 02:30:00,1.08074,1.08097,1.08043,1.0809,1637
2025-02-19 02:45:00,1.08077,1.08086,1.08002,1.08024,3061
2025-02-19 03:00:00,1.08026,1.0808,1.07975,1.08049,1045
2025-02-19 03:15:00,1.08059,1.08089,1.08059,1.08079,4877
2025-02-19 03:30:00,1.0809,1.08137,1.08009,1.0807,1172
2025-02-19 03:45:00,1.08083,1.0811,1.08083,1.08093,1259
2025-02-19 04:00:00,1.08074,1.08133,1.0804,1.08092,1844
2025-02-19 04:15:00,1.08097,1.08142,1.08037,1.08071,1019
2025-02-19 04:30:00,1.08056,1.08168,1.08056,1.08096,4705
2025-02-19 04:45:00,1.08086,1.08086,1.08002,1.08048,4115
2025-02-19 05:00:00,1.08056,1.0816,1.0805,1.08089,2101
2025-02-19 05:15:00,1.0809,1.08112,1.0809,1.08108,4114
2025-02-19 05:30:00,1.08116,1.08116,1.08072,1.08083,2322
2025-02-19 05:45:00,1.08073,1.08073,1.07984,1.08055,2524
2025-02-19 06:00:00,1.0807,1.08103,1.08028,1.08048,1684
2025-02-19 06:15:00,1.08055,1.0806,1.0801,1.0803,4273
2025-02-19 06:30:00,1.08038,1.08094,1.08024,1.0806,879
2025-02-19 06:45:00,1.08049,1.08049,1.07968,1.08007,2627
2025-02-19 07:00:00,1.08018,1.08115,1.07989,1.08016,1794
2025-02-19 07:15:00,1.08013,1.08037,1.07966,1.07997,1115
2025-02-19 07:30:00,1.07991,1.08038,1.07952,1.07994,935
2025-02-19 07:45:00,1.08,1.08006,1.07913,1.07979,3649
2025-02-19 08:00:00,1.07985,1.07994,1.0795,1.0799,2047
2025-02-19 08:15:00,1.07982,1.07989,1.07955,1.07973,1634
2025-02-19 08:30:00,1.07993,1.08014,1.07993,1.08003,951
2025-02-19 08:45:00,1.08021,1.08042,1.07937,1.07988,4855
2025-02-19 09:00:00,1.07994,1.08061,1.07935,1.0798,3205
2025-02-19 09:15:00,1.07984,1.08057,1.07981,1.08012,1211
2025-02-19 09:30:00,1.08015,1.08102,1.07949,1.08034,4189
2025-02-19 09:45:00,1.08019,1.08027,1.07856,1.08,2478
2025-02-19 10:00:00,1.08002,1.08002,1.07929,1.07972,4460
2025-02-19 10:15:00,1.07973,1.07973,1.07877,1.07946,4297
2025-02-19 10:30:00,1.0794,1.08026,1.07906,1.07969,3199
2025-02-19 10:45:00,1.07966,1.0804,1.07946,1.07982,666
2025-02-19 11:00:00,1.07958,1.07979,1.0795,1.07969,2619
2025-02-19 11:15:00,1.07958,1.08023,1.07924,1.07947,3046
2025-02-19 11:30:00,1.07957,1.08057,1.07902,1.07968,1608
2025-02-19 11:45:00,1.07986,1.08058,1.07983,1.08031,2340
2025-02-19 12:00:00,1.08021,1.08057,1.07977,1.08027,3438
2025-02-19 12:15:00,1.08028,1.08028,1.07946,1.07972,3354
2025-02-19 12:30:00,1.07983,1.08079,1.07983,1.08004,3714
2025-02-19 12:45:00,1.07999,1.08012,1.07892,1.07959,1390
2025-02-19 13:00:00,1.07966,1.08095,1.07966,1.08022,1834
2025-02-19 13:15:00,1.08021,1.08021,1.0788,1.07995,3940
2025-02-19 13:30:00,1.08007,1.08016,1.07962,1.08004,2219
2025-02-19 13:45:00,1.07991,1.07998,1.07933,1.07946,3360
2025-02-19 14:00:00,1.07935,1.08004,1.07931,1.07998,1470
2025-02-19 14:15:00,1.08001,1.08014,1.07902,1.07983,4012
2025-02-19 14:30:00,1.07984,1.07995,1.07904,1.07994,566
2025-02-19 14:45:00,1.07993,1.08009,1.07981,1.08007,4345
2025-02-19 15:00:00,1.08013,1.08013,1.07955,1.07983,1337
2025-02-19 15:15:00,1.07973,1.07978,1.07907,1.07969,1426
2025-02-19 15:30:00,1.07955,1.08085,1.07955,1.08001,4105
2025-02-19 15:45:00,1.07996,1.08008,1.07888,1.0797,840
2025-02-19 16:00:00,1.07966,1.07969,1.07814,1.07956,4249
2025-02-19 16:15:00,1.07954,1.07959,1.07893,1.07946,601
2025-02-19 16:30:00,1.07959,1.07959,1.0791,1.07941,3885
2025-02-19 16:45:00,1.07948,1.07968,1.07919,1.07952,1633
2025-02-19 17:00:00,1.07957,1.08032,1.07957,1.07989,2889
2025-02-19 17:15:00,1.07991,1.08003,1.07973,1.07978,1327
2025-02-19 17:30:00,1.07974,1.07985,1.07919,1.0797,3226
2025-02-19 17:45:00,1.07961,1.07998,1.07961,1.07998,2681
2025-02-19 18:00:00,1.07986,1.07986,1.07916,1.07962,884
2025-02-19 18:15:00,1.07956,1.07985,1.07914,1.07976,1097
2025-02-19 18:30:00,1.07975,1.08033,1.07951,1.07981,508
2025-02-19 18:45:00,1.0797,1.08064,1.0797,1.07994,4731
2025-02-19 19:00:00,1.07996,1.08068,1.07909,1.07938,1813
2025-02-19 19:15:00,1.07936,1.08013,1.07936,1.07957,1478
2025-02-19 19:30:00,1.07953,1.0796,1.07899,1.07934,4223
2025-02-19 19:45:00,1.07946,1.07979,1.07928,1.07953,2590
2025-02-19 20:00:00,1.07929,1.07988,1.07904,1.0797,3676
2025-02-19 20:15:00,1.07967,1.07967,1.07903,1.07931,2347
2025-02-19 20:30:00,1.07908,1.07952,1.07908,1.0793,3602
2025-02-19 20:45:00,1.07932,1.07971,1.07932,1.07959,4253
2025-02-19 21:00:00,1.07967,1.07973,1.07939,1.0797,4244
2025-02-19 21:15:00,1.07956,1.07966,1.07927,1.0795,2288
2025-02-19 21:30:00,1.07938,1.07976,1.07938,1.07964,1742
2025-02-19 21:45:00,1.07947,1.07979,1.07807,1.07926,2507
2025-02-19 22:00:00,1.07927,1.0798,1.07914,1.07979,612
2025-02-19 22:15:00,1.07975,1.08004,1.07974,1.08004,4266
2025-02-19 22:30:00,1.08001,1.08025,1.07923,1.07971,3831
2025-02-19 22:45:00,1.07968,1.07968,1.07908,1.07915,4042
2025-02-19 23:00:00,1.07905,1.08016,1.07899,1.07937,1863
2025-02-19 23:15:00,1.07948,1.08036,1.0794,1.07948,3419
2025-02-19 23:30:00,1.07951,1.07978,1.07864,1.07932,4495
2025-02-19 23:45:00,1.07921,1.08,1.0792,1.0797,2793
2025-02-20 00:00:00,1.07963,1.08005,1.07894,1.07961,3875
2025-02-20 00:15:00,1.07952,1.07952,1.07875,1.07933,4459
2025-02-20 00:30:00,1.07947,1.08011,1.07898,1.07959,3932
2025-02-20 00:45:00,1.07966,1.07977,1.07904,1.07936,1849
2025-02-20 01:00:00,1.07935,1.07979,1.07935,1.07957,807
2025-02-20 01:15:00,1.07974,1.07993,1.07919,1.07949,1846
2025-02-20 01:30:00,1.07964,1.08032,1.07884,1.07978,1366
2025-02-20 01:45:00,1.07976,1.08009,1.07951,1.08001,2012
2025-02-20 02:00:00,1.07997,1.07997,1.07898,1.07933,2783
2025-02-20 02:15:00,1.0793,1.07966,1.07885,1.07926,4524
2025-02-20 02:30:00,1.07916,1.08004,1.07916,1.0796,4278
2025-02-20 02:45:00,1.07977,1.07977,1.07893,1.07934,1367
2025-02-20 03:00:00,1.07923,1.08024,1.07923,1.07984,1882
2025-02-20 03:15:00,1.07992,1.08039,1.07992,1.08007,4114
2025-02-20 03:30:00,1.08014,1.0807,1.07991,1.08027,2572
2025-02-20 03:45:00,1.08024,1.08034,1.0798,1.08002,3362
2025-02-20 04:00:00,1.0802,1.08043,1.07977,1.08001,1483
2025-02-20 04:15:00,1.07986,1.0805,1.07936,1.0797,1524
2025-02-20 04:30:00,1.07969,1.08028,1.07966,1.0801,2905
2025-02-20 04:45:00,1.08005,1.08064,1.0794,1.08008,617
2025-02-20 05:00:00,1.08017,1.08051,1.07993,1.08018,3026
2025-02-20 05:15:00,1.08022,1.08022,1.07871,1.07966,2660
2025-02-20 05:30:00,1.07948,1.07993,1.07935,1.07972,1718
2025-02-20 05:45:00,1.07985,1.07985,1.07937,1.07947,1543
2025-02-20 06:00:00,1.07952,1.07952,1.07922,1.07944,3005
2025-02-20 06:15:00,1.07933,1.08021,1.07893,1.07967,4314
2025-02-20 06:30:00,1.07964,1.07966,1.07878,1.07948,4019
2025-02-20 06:45:00,1.07935,1.07996,1.07926,1.07986,3187
2025-02-20 07:00:00,1.07984,1.08028,1.07921,1.0796,3656
2025-02-20 07:15:00,1.07962,1.08005,1.07957,1.07963,1075
2025-02-20 07:30:00,1.0796,1.07977,1.07947,1.07956,3845
2025-02-20 07:45:00,1.07952,1.07952,1.07905,1.07919,3347
2025-02-20 08:00:00,1.07903,1.08023,1.07903,1.08007,902
2025-02-20 08:15:00,1.08011,1.08011,1.07892,1.07957,752
2025-02-20 08:30:00,1.07938,1.08037,1.07938,1.07958,2129
2025-02-20 08:45:00,1.07958,1.07984,1.07879,1.07943,3209
2025-02-20 09:00:00,1.07925,1.08008,1.07925,1.07995,3831
2025-02-20 09:15:00,1.07996,1.08007,1.07976,1.07982,4543
2025-02-20 09:30:00,1.07982,1.07982,1.07918,1.07963,3159
2025-02-20 09:45:00,1.07967,1.07998,1.07945,1.07975,1478
2025-02-20 10:00:00,1.07984,1.08098,1.07984,1.08029,4316
2025-02-20 10:15:00,1.0804,1.0804,1.07991,1.07992,3226
2025-02-20 10:30:00,1.07976,1.0805,1.07947,1.07991,1068
2025-02-20 10:45:00,1.0799,1.08055,1.07898,1.07967,4605
2025-02-20 11:00:00,1.07987,1.07987,1.07915,1.07941,4752
2025-02-20 11:15:00,1.07942,1.07978,1.07942,1.07976,3272
2025-02-20 11:30:00,1.07968,1.08105,1.07968,1.07995,4736
2025-02-20 11:45:00,1.07994,1.08065,1.07908,1.08008,4554
2025-02-20 12:00:00,1.08004,1.08004,1.07929,1.07939,3186
2025-02-20 12:15:00,1.07928,1.07989,1.07921,1.07959,4498
2025-02-20 12:30:00,1.07967,1.08013,1.07929,1.07965,636
2025-02-20 12:45:00,1.07971,1.0803,1.0792,1.07979,1923
2025-02-20 13:00:00,1.07966,1.08019,1.07872,1.07964,1965
2025-02-20 13:15:00,1.07963,1.07992,1.07934,1.07975,3838
2025-02-20 13:30:00,1.0797,1.08006,1.07926,1.07981,4332
2025-02-20 13:45:00,1.07965,1.07973,1.07877,1.0796,2036
2025-02-20 14:00:00,1.07946,1.08018,1.07936,1.07987,2824
2025-02-20 14:15:00,1.07974,1.08056,1.07931,1.07982,4255
2025-02-20 14:30:00,1.07982,1.07985,1.07934,1.07973,1879
2025-02-20 14:45:00,1.07968,1.08035,1.07916,1.08015,1432
2025-02-20 15:00:00,1.08005,1.0801,1.07923,1.08006,4345
2025-02-20 15:15:00,1.08002,1.08005,1.07933,1.07996,1567
2025-02-20 15:30:00,1.08003,1.08003,1.07884,1.07907,3438
2025-02-20 15:45:00,1.07911,1.08026,1.07911,1.07997,710
2025-02-20 16:00:00,1.08007,1.08021,1.07945,1.0799,2890
2025-02-20 16:15:00,1.07988,1.08063,1.07963,1.08021,3306
2025-02-20 16:30:00,1.08037,1.0805,1.0793,1.08006,731
2025-02-20 16:45:00,1.08009,1.08093,1.07992,1.08005,1303
2025-02-20 17:00:00,1.08,1.08095,1.07967,1.07997,1693
2025-02-20 17:15:00,1.07998,1.0808,1.07998,1.08007,3975
2025-02-20 17:30:00,1.07994,1.08069,1.07987,1.08001,733
2025-02-20 17:45:00,1.07998,1.07998,1.07926,1.07972,3067
2025-02-20 18:00:00,1.07976,1.07976,1.07887,1.07936,2647
2025-02-20 18:15:00,1.07943,1.07999,1.07943,1.07972,2855
2025-02-20 18:30:00,1.07968,1.0798,1.07942,1.07977,3350
2025-02-20 18:45:00,1.08005,1.08005,1.07869,1.07946,2223
2025-02-20 19:00:00,1.07944,1.07974,1.07825,1.07922,4982
2025-02-20 19:15:00,1.07905,1.07924,1.07905,1.07917,1646
2025-02-20 19:30:00,1.07929,1.07992,1.07865,1.07922,631
2025-02-20 19:45:00,1.07928,1.07976,1.07812,1.07945,2609
2025-02-20 20:00:00,1.07948,1.08014,1.07906,1.07983,1331
2025-02-20 20:15:00,1.07978,1.07993,1.07932,1.07968,4261
2025-02-20 20:30:00,1.07972,1.08013,1.07965,1.07977,1231
2025-02-20 20:45:00,1.07993,1.0801,1.07927,1.07949,902
2025-02-20 21:00:00,1.07951,1.07951,1.07892,1.079,2117
2025-02-20 21:15:00,1.07885,1.07965,1.07885,1.07925,4609
2025-02-20 21:30:00,1.0789,1.07943,1.07848,1.07927,769
2025-02-20 21:45:00,1.07931,1.07931,1.079,1.0792,1654
2025-02-20 22:00:00,1.0791,1.07945,1.07876,1.0793,2848
2025-02-20 22:15:00,1.07929,1.08035,1.0785,1.0794,3251
2025-02-20 22:30:00,1.07932,1.07994,1.07922,1.07948,2483
2025-02-20 22:45:00,1.07939,1.07939,1.0782,1.07916,2663
2025-02-20 23:00:00,1.07908,1.07958,1.07845,1.07888,2783
2025-02-20 23:15:00,1.07881,1.07926,1.07835,1.07901,4663
2025-02-20 23:30:00,1.07909,1.07931,1.07864,1.07896,3290
2025-02-20 23:45:00,1.07902,1.07984,1.07877,1.07926,4562
2025-02-21 00:00:00,1.07914,1.08002,1.07894,1.07895,4986
2025-02-21 00:15:00,1.07884,1.07917,1.07884,1.07916,2651
2025-02-21 00:30:00,1.0792,1.0792,1.07821,1.07901,3161
2025-02-21 00:45:00,1.07912,1.07925,1.07851,1.07891,1272
2025-02-21 01:00:00,1.07902,1.07933,1.07798,1.07908,2466
2025-02-21 01:15:00,1.07898,1.07922,1.07852,1.07864,2851
2025-02-21 01:30:00,1.07874,1.07969,1.07851,1.0786,2926
2025-02-21 01:45:00,1.07842,1.07943,1.07787,1.07877,3746
2025-02-21 02:00:00,1.07875,1.07926,1.07857,1.07877,3976
2025-02-21 02:15:00,1.07882,1.07967,1.07882,1.07897,4683
2025-02-21 02:30:00,1.07876,1.0789,1.0783,1.0788,3177
2025-02-21 02:45:00,1.079,1.07944,1.07864,1.07884,3424
2025-02-21 03:00:00,1.07897,1.07913,1.07846,1.07883,4392
2025-02-21 03:15:00,1.0789,1.07934,1.07771,1.07884,3279
2025-02-21 03:30:00,1.07874,1.07906,1.07827,1.07874,2962
2025-02-21 03:45:00,1.07873,1.07897,1.07827,1.07875,954
2025-02-21 04:00:00,1.07883,1.07925,1.07883,1.07895,4134
2025-02-21 04:15:00,1.07884,1.07967,1.0786,1.07891,3746
2025-02-21 04:30:00,1.07889,1.07988,1.07784,1.07892,4804
2025-02-21 04:45:00,1.07901,1.07958,1.07872,1.07925,3884
2025-02-21 05:00:00,1.0791,1.07935,1.07801,1.07871,2918
2025-02-21 05:15:00,1.07874,1.07937,1.07874,1.07889,3350
2025-02-21 05:30:00,1.07871,1.07953,1.07812,1.07852,2633
2025-02-21 05:45:00,1.07843,1.0792,1.07843,1.07892,3368
2025-02-21 06:00:00,1.07887,1.07938,1.07752,1.07863,3837
2025-02-21 06:15:00,1.07868,1.07895,1.07868,1.07882,2221
2025-02-21 06:30:00,1.07875,1.07942,1.07869,1.07882,2526
2025-02-21 06:45:00,1.07883,1.07953,1.07846,1.07902,1686
2025-02-21 07:00:00,1.07895,1.07955,1.07871,1.07894,1650
2025-02-21 07:15:00,1.07888,1.07891,1.078,1.07885,3374
2025-02-21 07:30:00,1.07898,1.08036,1.078,1.07934,4712
2025-02-21 07:45:00,1.07922,1.07943,1.07876,1.07902,1929
2025-02-21 08:00:00,1.0791,1.07925,1.07829,1.07891,1148
2025-02-21 08:15:00,1.07891,1.07943,1.07891,1.07903,855
2025-02-21 08:30:00,1.07897,1.07958,1.07897,1.07927,3323
2025-02-21 08:45:00,1.07915,1.07915,1.07861,1.07891,3885
2025-02-21 09:00:00,1.07879,1.07905,1.07845,1.07879,4466
2025-02-21 09:15:00,1.07872,1.07908,1.07792,1.07874,4434
2025-02-21 09:30:00,1.07872,1.07895,1.07755,1.07888,4434
2025-02-21 09:45:00,1.07895,1.07924,1.07846,1.07883,1691
2025-02-21 10:00:00,1.0788,1.07972,1.07773,1.07864,3983
2025-02-21 10:15:00,1.07862,1.07919,1.07841,1.07869,4664
2025-02-21 10:30:00,1.07868,1.07956,1.07801,1.07881,766
2025-02-21 10:45:00,1.07886,1.07915,1.07869,1.0791,2380
2025-02-21 11:00:00,1.07916,1.07917,1.0782,1.07901,2048
2025-02-21 11:15:00,1.07887,1.07926,1.07887,1.07909,881
2025-02-21 11:30:00,1.07907,1.07937,1.07892,1.07923,2135
2025-02-21 11:45:00,1.07935,1.07935,1.07914,1.0792,4969
2025-02-21 12:00:00,1.07907,1.07909,1.07868,1.07885,1184
2025-02-21 12:15:00,1.07886,1.0792,1.0785,1.07883,2784
2025-02-21 12:30:00,1.07881,1.07945,1.0781,1.07858,4158
2025-02-21 12:45:00,1.07853,1.07923,1.07853,1.07911,2872
2025-02-21 13:00:00,1.07927,1.07927,1.07873,1.07899,3137
2025-02-21 13:15:00,1.07899,1.07943,1.07885,1.07897,2451
2025-02-21 13:30:00,1.07912,1.07921,1.0786,1.07899,1945
2025-02-21 13:45:00,1.07899,1.07953,1.07822,1.0792,520
2025-02-21 14:00:00,1.07925,1.0796,1.07925,1.0795,4900
2025-02-21 14:15:00,1.07944,1.07953,1.07923,1.07926,3924
2025-02-21 14:30:00,1.0792,1.07989,1.0792,1.07974,1509
2025-02-21 14:45:00,1.07979,1.07979,1.0794,1.07944,1581
2025-02-21 15:00:00,1.07948,1.07995,1.07927,1.07949,3148
2025-02-21 15:15:00,1.07955,1.07965,1.07891,1.0792,4919
2025-02-21 15:30:00,1.07924,1.07948,1.07886,1.07942,2963
2025-02-21 15:45:00,1.07929,1.07978,1.07903,1.07926,4256
2025-02-21 16:00:00,1.07918,1.07963,1.07918,1.07932,2952
2025-02-21 16:15:00,1.07941,1.0798,1.07916,1.07951,4494
2025-02-21 16:30:00,1.07931,1.0805,1.07887,1.07928,4467
2025-02-21 16:45:00,1.0793,1.0793,1.07899,1.07909,4241
2025-02-21 17:00:00,1.07908,1.07936,1.07875,1.07913,4413
2025-02-21 17:15:00,1.07922,1.07964,1.07922,1.07936,4296
2025-02-21 17:30:00,1.07941,1.08025,1.07941,1.07976,884
2025-02-21 17:45:00,1.0797,1.08002,1.07941,1.07968,4604
2025-02-21 18:00:00,1.07961,1.08072,1.07943,1.07968,3062
2025-02-21 18:15:00,1.07963,1.08037,1.07963,1.07969,2717
2025-02-21 18:30:00,1.07975,1.08093,1.07931,1.07982,646
2025-02-21 18:45:00,1.07959,1.07959,1.07846,1.07908,4089
2025-02-21 19:00:00,1.07909,1.0801,1.07909,1.07951,2426
2025-02-21 19:15:00,1.07942,1.08006,1.07933,1.07962,4254
2025-02-21 19:30:00,1.07964,1.0798,1.07858,1.07911,579
2025-02-21 19:45:00,1.07915,1.0794,1.07902,1.0793,4037
2025-02-21 20:00:00,1.07913,1.07988,1.07842,1.0794,2259
2025-02-21 20:15:00,1.07937,1.07984,1.07937,1.07954,1477
2025-02-21 20:30:00,1.07956,1.07992,1.07848,1.07954,3304
2025-02-21 20:45:00,1.07955,1.07976,1.07955,1.07974,2085
2025-02-21 21:00:00,1.07972,1.08001,1.07972,1.07993,4890
2025-02-21 21:15:00,1.0798,1.08089,1.0798,1.07994,1653
2025-02-21 21:30:00,1.07984,1.08047,1.07947,1.07951,1112
2025-02-21 21:45:00,1.07938,1.07967,1.07927,1.07966,3430
2025-02-21 22:00:00,1.07971,1.08028,1.07955,1.08012,2310
2025-02-21 22:15:00,1.08011,1.08052,1.0798,1.08005,4078
2025-02-21 22:30:00,1.08005,1.08006,1.07936,1.07989,4664
2025-02-21 22:45:00,1.07972,1.08018,1.07866,1.07988,3456
2025-02-21 23:00:00,1.07988,1.07992,1.07953,1.07975,3706
2025-02-21 23:15:00,1.07981,1.08033,1.07969,1.07987,1329
2025-02-21 23:30:00,1.07968,1.08023,1.07924,1.07962,1473
2025-02-21 23:45:00,1.07957,1.08016,1.0792,1.07976,3916
2025-02-22 00:00:00,1.0796,1.07974,1.07888,1.07928,1229
2025-02-22 00:15:00,1.07924,1.08001,1.07894,1.07937,1400
2025-02-22 00:30:00,1.07928,1.07965,1.07899,1.07944,1159
2025-02-22 00:45:00,1.07948,1.08031,1.07909,1.07957,1260
2025-02-22 01:00:00,1.07959,1.07963,1.07925,1.07944,831
2025-02-22 01:15:00,1.07957,1.07957,1.07908,1.07945,1458
2025-02-22 01:30:00,1.07945,1.07945,1.07875,1.07919,3991
2025-02-22 01:45:00,1.07923,1.0796,1.07865,1.07959,2258
2025-02-22 02:00:00,1.07953,1.07979,1.07909,1.07953,4908
2025-02-22 02:15:00,1.07942,1.08011,1.07895,1.0793,2355
2025-02-22 02:30:00,1.07938,1.07959,1.07839,1.07945,3709
2025-02-22 02:45:00,1.07957,1.07965,1.07939,1.0796,854
2025-02-22 03:00:00,1.07967,1.07967,1.07833,1.07947,2772
2025-02-22 03:15:00,1.07948,1.08087,1.07897,1.07938,4694
2025-02-22 03:30:00,1.07929,1.08005,1.07879,1.07948,2938
2025-02-22 03:45:00,1.0796,1.08011,1.07958,1.07969,3662
2025-02-22 04:00:00,1.07975,1.08011,1.07898,1.07942,4380
2025-02-22 04:15:00,1.07962,1.07996,1.07863,1.07984,703
2025-02-22 04:30:00,1.07973,1.07973,1.07916,1.07949,4465
2025-02-22 04:45:00,1.07957,1.07991,1.07909,1.07968,2273
2025-02-22 05:00:00,1.07973,1.08004,1.07957,1.07977,1108
2025-02-22 05:15:00,1.07974,1.07974,1.07963,1.07966,3180
2025-02-22 05:30:00,1.0798,1.07994,1.0796,1.07969,1640
2025-02-22 05:45:00,1.07973,1.08011,1.07973,1.07995,4661
2025-02-22 06:00:00,1.07986,1.08104,1.07986,1.08049,2678
2025-02-22 06:15:00,1.08047,1.08047,1.07959,1.07993,1238
2025-02-22 06:30:00,1.07983,1.08104,1.07983,1.0806,3200
2025-02-22 06:45:00,1.08056,1.08089,1.08029,1.08034,4223
2025-02-22 07:00:00,1.08041,1.0806,1.08018,1.08045,1157
2025-02-22 07:15:00,1.08055,1.08055,1.07977,1.08021,3226
2025-02-22 07:30:00,1.08023,1.08064,1.07987,1.08025,1609
2025-02-22 07:45:00,1.08018,1.08054,1.08016,1.08034,3712
2025-02-22 08:00:00,1.08038,1.08041,1.07988,1.08015,2664
2025-02-22 08:15:00,1.08022,1.08068,1.08007,1.08032,646
2025-02-22 08:30:00,1.08012,1.08056,1.08012,1.08038,4555
2025-02-22 08:45:00,1.0804,1.08103,1.0804,1.08068,3729
2025-02-22 09:00:00,1.08066,1.08079,1.07973,1.08021,3118
2025-02-22 09:15:00,1.08031,1.08129,1.08027,1.08057,4100
2025-02-22 09:30:00,1.08061,1.0808,1.08,1.08058,3875
2025-02-22 09:45:00,1.08063,1.08093,1.08031,1.08038,4138
2025-02-22 10:00:00,1.08033,1.08097,1.08007,1.08075,2817
2025-02-22 10:15:00,1.08075,1.08189,1.08051,1.08065,1421
2025-02-22 10:30:00,1.08074,1.08074,1.08019,1.08033,4039
2025-02-22 10:45:00,1.08032,1.08102,1.07963,1.08086,4390
2025-02-22 11:00:00,1.08088,1.08088,1.08031,1.08057,4837
2025-02-22 11:15:00,1.08042,1.08066,1.08042,1.08059,4529
2025-02-22 11:30:00,1.08058,1.08135,1.08037,1.08096,3478
2025-02-22 11:45:00,1.08076,1.08078,1.0806,1.08071,1587
2025-02-22 12:00:00,1.08066,1.08166,1.08066,1.08112,3666
2025-02-22 12:15:00,1.08113,1.08144,1.08069,1.08128,2596
2025-02-22 12:30:00,1.08136,1.08142,1.0808,1.08087,2692
2025-02-22 12:45:00,1.08077,1.08124,1.08077,1.08107,1416
2025-02-22 13:00:00,1.0811,1.0811,1.07996,1.08074,4993
2025-02-22 13:15:00,1.08089,1.08142,1.08077,1.08139,927
2025-02-22 13:30:00,1.08133,1.08151,1.08077,1.08085,3588
2025-02-22 13:45:00,1.08069,1.08138,1.08069,1.08131,4676
2025-02-22 14:00:00,1.08134,1.0814,1.08098,1.08135,2731
2025-02-22 14:15:00,1.08123,1.08223,1.08025,1.08134,1208
2025-02-22 14:30:00,1.08126,1.08163,1.08098,1.08119,4163
2025-02-22 14:45:00,1.08128,1.08149,1.08075,1.0812,2481
2025-02-22 15:00:00,1.08139,1.08178,1.08058,1.0808,1888
2025-02-22 15:15:00,1.0807,1.08163,1.0807,1.08138,702
2025-02-22 15:30:00,1.08131,1.08241,1.08121,1.08142,3802
2025-02-22 15:45:00,1.08138,1.08185,1.08043,1.08144,4601
2025-02-22 16:00:00,1.08138,1.0816,1.08045,1.08081,2904
2025-02-22 16:15:00,1.081,1.08131,1.081,1.08108,4020
2025-02-22 16:30:00,1.08103,1.08205,1.08103,1.0812,3717
2025-02-22 16:45:00,1.08116,1.08168,1.08116,1.08145,2602
2025-02-22 17:00:00,1.08161,1.08161,1.08141,1.08141,646
2025-02-22 17:15:00,1.08147,1.08171,1.08099,1.08132,1479
2025-02-22 17:30:00,1.08142,1.0816,1.0814,1.08143,1235
2025-02-22 17:45:00,1.08133,1.08172,1.08052,1.0812,1194
2025-02-22 18:00:00,1.08115,1.08188,1.08115,1.08152,1353
2025-02-22 18:15:00,1.08142,1.0819,1.08138,1.08163,747
2025-02-22 18:30:00,1.08171,1.08223,1.08165,1.08175,2679
2025-02-22 18:45:00,1.08187,1.08187,1.08111,1.08165,2803
2025-02-22 19:00:00,1.08159,1.08215,1.08159,1.08199,1909
2025-02-22 19:15:00,1.08196,1.08208,1.08102,1.08158,3052
2025-02-22 19:30:00,1.08154,1.08184,1.08048,1.08119,4271
2025-02-22 19:45:00,1.08103,1.08158,1.08103,1.08134,2963
2025-02-22 20:00:00,1.08127,1.08213,1.08119,1.08157,4237
2025-02-22 20:15:00,1.08164,1.08164,1.08126,1.08133,1485
2025-02-22 20:30:00,1.08124,1.08194,1.08109,1.08171,4554
2025-02-22 20:45:00,1.08172,1.08172,1.08066,1.08141,3634
2025-02-22 21:00:00,1.08128,1.08128,1.08059,1.08079,4500
2025-02-22 21:15:00,1.08078,1.08153,1.08078,1.08141,2432
2025-02-22 21:30:00,1.08135,1.08257,1.08088,1.08131,1920
2025-02-22 21:45:00,1.08119,1.08204,1.08107,1.0815,622
2025-02-22 22:00:00,1.08158,1.08207,1.08146,1.08165,2817
2025-02-22 22:15:00,1.08173,1.08173,1.08129,1.08165,1185
2025-02-22 22:30:00,1.08155,1.08204,1.08155,1.08194,2161
2025-02-22 22:45:00,1.08192,1.08192,1.08152,1.0816,2420
2025-02-22 23:00:00,1.0816,1.08192,1.08135,1.08179,3375
2025-02-22 23:15:00,1.08161,1.08269,1.08161,1.08204,4132
2025-02-22 23:30:00,1.0819,1.08244,1.08149,1.08171,4931
2025-02-22 23:45:00,1.08184,1.0826,1.08149,1.08196,4400
2025-02-23 00:00:00,1.08185,1.08232,1.08145,1.0817,2663
2025-02-23 00:15:00,1.08182,1.08196,1.08152,1.08179,3338
2025-02-23 00:30:00,1.08166,1.08188,1.08079,1.08158,3960
2025-02-23 00:45:00,1.08165,1.08198,1.08128,1.08191,2419
2025-02-23 01:00:00,1.08188,1.08253,1.08182,1.082,2597
2025-02-23 01:15:00,1.08198,1.0835,1.08198,1.08244,1671
2025-02-23 01:30:00,1.08262,1.08282,1.0824,1.08244,1054
2025-02-23 01:45:00,1.08232,1.08233,1.08156,1.08218,3707
2025-02-23 02:00:00,1.08224,1.08224,1.08089,1.08199,3789
2025-02-23 02:15:00,1.08204,1.08238,1.08204,1.08229,4508
2025-02-23 02:30:00,1.08263,1.08298,1.08219,1.0823,2316
2025-02-23 02:45:00,1.08219,1.08225,1.08174,1.08222,2377
2025-02-23 03:00:00,1.08216,1.08281,1.08195,1.08237,688
2025-02-23 03:15:00,1.08245,1.08283,1.08077,1.08202,1940
2025-02-23 03:30:00,1.082,1.08233,1.082,1.08208,1720
2025-02-23 03:45:00,1.08203,1.0822,1.08188,1.08208,3097
2025-02-23 04:00:00,1.08218,1.0825,1.08198,1.08218,3368
2025-02-23 04:15:00,1.08215,1.08269,1.08208,1.08218,2561
2025-02-23 04:30:00,1.08209,1.08259,1.08209,1.08238,3407
2025-02-23 04:45:00,1.08246,1.08246,1.08196,1.08239,2215
2025-02-23 05:00:00,1.08243,1.08243,1.08205,1.08241,4035
2025-02-23 05:15:00,1.08238,1.08246,1.08146,1.08228,1111
2025-02-23 05:30:00,1.08225,1.08277,1.08223,1.08265,3009
2025-02-23 05:45:00,1.08256,1.08303,1.08176,1.08246,3425
2025-02-23 06:00:00,1.08253,1.08283,1.08225,1.08226,783
2025-02-23 06:15:00,1.08222,1.08257,1.08222,1.08232,3170
2025-02-23 06:30:00,1.08225,1.08232,1.08165,1.08224,4594
2025-02-23 06:45:00,1.08211,1.08289,1.08211,1.08282,2127
2025-02-23 07:00:00,1.08286,1.08312,1.08241,1.08268,2111
2025-02-23 07:15:00,1.08263,1.08263,1.08113,1.0822,1216
2025-02-23 07:30:00,1.082,1.08293,1.082,1.08269,1181
2025-02-23 07:45:00,1.08257,1.08297,1.08248,1.08261,3939
2025-02-23 08:00:00,1.08259,1.0829,1.08242,1.08265,4756
2025-02-23 08:15:00,1.08263,1.08301,1.0822,1.08286,4769
2025-02-23 08:30:00,1.08284,1.08284,1.08191,1.08252,2022
2025-02-23 08:45:00,1.08249,1.08249,1.08197,1.08218,1859
2025-02-23 09:00:00,1.08203,1.08282,1.08203,1.08266,2573
2025-02-23 09:15:00,1.08257,1.08289,1.08257,1.08265,2289
2025-02-23 09:30:00,1.08277,1.08277,1.08138,1.0824,4075
2025-02-23 09:45:00,1.08251,1.08296,1.08251,1.08276,3870
2025-02-23 10:00:00,1.08282,1.08282,1.08191,1.08239,2984
2025-02-23 10:15:00,1.08244,1.08378,1.08244,1.08298,2318
2025-02-23 10:30:00,1.08307,1.08307,1.08207,1.08268,2558
2025-02-23 10:45:00,1.08257,1.0829,1.08201,1.08287,3166
2025-02-23 11:00:00,1.08287,1.08336,1.08254,1.08324,1933
2025-02-23 11:15:00,1.08313,1.08361,1.08313,1.08331,3905
2025-02-23 11:30:00,1.0832,1.084,1.08296,1.08341,3884
2025-02-23 11:45:00,1.08344,1.08359,1.08306,1.08327,3572
2025-02-23 12:00:00,1.08337,1.08352,1.08323,1.08338,1022
2025-02-23 12:15:00,1.08336,1.08336,1.08294,1.08314,2193
2025-02-23 12:30:00,1.0833,1.08346,1.0828,1.08332,4683
2025-02-23 12:45:00,1.08334,1.08354,1.08302,1.08354,2789
2025-02-23 13:00:00,1.08346,1.08363,1.0829,1.0834,1655
2025-02-23 13:15:00,1.0833,1.08416,1.0833,1.08368,1097
2025-02-23 13:30:00,1.08378,1.08389,1.0834,1.08365,2145
2025-02-23 13:45:00,1.08366,1.08366,1.08272,1.08326,2658
2025-02-23 14:00:00,1.08333,1.08353,1.08333,1.08345,2836
2025-02-23 14:15:00,1.08318,1.08413,1.08318,1.08392,2357
2025-02-23 14:30:00,1.08395,1.08415,1.08334,1.08385,2214
2025-02-23 14:45:00,1.0838,1.08388,1.08271,1.08328,4238
2025-02-23 15:00:00,1.08314,1.08495,1.08314,1.08373,3284
2025-02-23 15:15:00,1.08373,1.08392,1.08361,1.08365,3676
2025-02-23 15:30:00,1.08376,1.08405,1.08346,1.08374,702
2025-02-23 15:45:00,1.08396,1.08432,1.0833,1.08335,3398
2025-02-23 16:00:00,1.08337,1.0838,1.08287,1.08341,4072
2025-02-23 16:15:00,1.08334,1.08361,1.08286,1.08346,1764
2025-02-23 16:30:00,1.08338,1.08352,1.08328,1.08349,2959
2025-02-23 16:45:00,1.08358,1.08416,1.08337,1.08375,1737
2025-02-23 17:00:00,1.08365,1.08378,1.08332,1.08334,2054
2025-02-23 17:15:00,1.0834,1.08384,1.08321,1.08355,4242
2025-02-23 17:30:00,1.08358,1.08358,1.08243,1.08331,552
2025-02-23 17:45:00,1.08333,1.0843,1.08325,1.08378,4082
2025-02-23 18:00:00,1.08362,1.08457,1.08309,1.08391,3659
2025-02-23 18:15:00,1.08387,1.08408,1.08347,1.08359,1171
2025-02-23 18:30:00,1.08344,1.08368,1.08344,1.08362,4604
2025-02-23 18:45:00,1.08356,1.08402,1.08356,1.08391,1190
2025-02-23 19:00:00,1.084,1.08454,1.084,1.08413,582
2025-02-23 19:15:00,1.08426,1.08469,1.08374,1.08396,4820
2025-02-23 19:30:00,1.08398,1.08414,1.0834,1.08366,4068
2025-02-23 19:45:00,1.0836,1.0836,1.08343,1.08348,2977
2025-02-23 20:00:00,1.08363,1.0841,1.08306,1.08364,1951
2025-02-23 20:15:00,1.08358,1.08397,1.08358,1.08377,2520
2025-02-23 20:30:00,1.08366,1.08378,1.08243,1.08366,2625
2025-02-23 20:45:00,1.08373,1.08421,1.08365,1.08385,1675
2025-02-23 21:00:00,1.0839,1.08409,1.08302,1.08372,1579
2025-02-23 21:15:00,1.08367,1.08412,1.08367,1.08372,2904
2025-02-23 21:30:00,1.08373,1.08389,1.08315,1.08374,1782
2025-02-23 21:45:00,1.08379,1.08473,1.08379,1.08443,1034
2025-02-23 22:00:00,1.08445,1.08478,1.08394,1.08423,4348
2025-02-23 22:15:00,1.08427,1.08448,1.08367,1.08442,2953
2025-02-23 22:30:00,1.08437,1.08447,1.08344,1.08421,2662
2025-02-23 22:45:00,1.08426,1.08462,1.08346,1.08395,2326
2025-02-23 23:00:00,1.08395,1.08472,1.08395,1.08439,4498
2025-02-23 23:15:00,1.08434,1.08463,1.08409,1.08432,4192
2025-02-23 23:30:00,1.0843,1.08441,1.08401,1.08439,2339
2025-02-23 23:45:00,1.08438,1.08531,1.08427,1.08439,4559
2025-02-24 00:00:00,1.08424,1.0844,1.08347,1.08383,830
2025-02-24 00:15:00,1.08377,1.08608,1.08377,1.0847,3272
2025-02-24 00:30:00,1.08471,1.08534,1.08403,1.08435,2027
2025-02-24 00:45:00,1.08421,1.08454,1.0838,1.08428,4683
2025-02-24 01:00:00,1.08421,1.08436,1.08336,1.0841,1073
2025-02-24 01:15:00,1.08434,1.08462,1.08428,1.0843,4195
2025-02-24 01:30:00,1.08419,1.08423,1.08276,1.08415,1023
2025-02-24 01:45:00,1.08411,1.08565,1.08411,1.08438,1671
2025-02-24 02:00:00,1.0843,1.08444,1.08407,1.08409,3053
2025-02-24 02:15:00,1.08407,1.08443,1.08407,1.08431,4679
2025-02-24 02:30:00,1.08423,1.08436,1.08417,1.08434,1921
2025-02-24 02:45:00,1.08431,1.08431,1.08397,1.08421,2731
2025-02-24 03:00:00,1.08414,1.08467,1.084,1.08442,2716
2025-02-24 03:15:00,1.08452,1.08452,1.08362,1.0842,2655
2025-02-24 03:30:00,1.08421,1.08518,1.08362,1.08424,1351
2025-02-24 03:45:00,1.08414,1.0856,1.08373,1.0845,1679
2025-02-24 04:00:00,1.08459,1.08524,1.08418,1.08464,4095
2025-02-24 04:15:00,1.08454,1.0848,1.0837,1.08416,4867
2025-02-24 04:30:00,1.084,1.08474,1.084,1.08457,2359
2025-02-24 04:45:00,1.08457,1.08457,1.08378,1.08438,1237
2025-02-24 05:00:00,1.08457,1.08491,1.08413,1.08437,3312
2025-02-24 05:15:00,1.08419,1.08525,1.08362,1.08417,3292
2025-02-24 05:30:00,1.08403,1.08449,1.08387,1.08424,3318
2025-02-24 05:45:00,1.08432,1.0857,1.08383,1.08482,2663
2025-02-24 06:00:00,1.08476,1.08479,1.08456,1.08465,3576
2025-02-24 06:15:00,1.08471,1.08471,1.08416,1.08446,4661
2025-02-24 06:30:00,1.08438,1.08456,1.08438,1.08452,1026
2025-02-24 06:45:00,1.08454,1.085,1.08454,1.0847,948
2025-02-24 07:00:00,1.08487,1.08521,1.08477,1.08484,3720
2025-02-24 07:15:00,1.08472,1.08501,1.08469,1.0847,4661
2025-02-24 07:30:00,1.0848,1.08505,1.08436,1.08482,2351
2025-02-24 07:45:00,1.08489,1.08515,1.08473,1.08488,619
2025-02-24 08:00:00,1.08473,1.08476,1.08396,1.08467,4984
2025-02-24 08:15:00,1.08472,1.08486,1.08422,1.08457,4882
2025-02-24 08:30:00,1.08458,1.08475,1.08458,1.08469,3347
2025-02-24 08:45:00,1.0847,1.08488,1.0835,1.08463,2290
2025-02-24 09:00:00,1.08466,1.08593,1.08446,1.08485,3517
2025-02-24 09:15:00,1.08481,1.08497,1.08374,1.08477,850
2025-02-24 09:30:00,1.08478,1.08478,1.08404,1.08438,2702
2025-02-24 09:45:00,1.0844,1.08441,1.08373,1.08438,3832
2025-02-24 10:00:00,1.08445,1.08455,1.08428,1.08448,2052
2025-02-24 10:15:00,1.08433,1.08612,1.08433,1.08484,2750
2025-02-24 10:30:00,1.08496,1.08496,1.08327,1.08437,3737
2025-02-24 10:45:00,1.08426,1.08574,1.08426,1.08485,4009
2025-02-24 11:00:00,1.08492,1.08492,1.08389,1.08489,547
2025-02-24 11:15:00,1.08489,1.08525,1.08462,1.08509,2776
2025-02-24 11:30:00,1.08497,1.08497,1.08467,1.08478,4296
2025-02-24 11:45:00,1.08484,1.08484,1.08446,1.0845,4524
2025-02-24 12:00:00,1.0844,1.08495,1.08434,1.08462,3684
2025-02-24 12:15:00,1.08473,1.08476,1.08354,1.08465,2392
2025-02-24 12:30:00,1.08458,1.08495,1.08458,1.08473,1397
2025-02-24 12:45:00,1.08459,1.0856,1.08456,1.08476,2238
2025-02-24 13:00:00,1.08492,1.08504,1.08392,1.08453,1468
2025-02-24 13:15:00,1.08455,1.08629,1.08455,1.08512,3502
2025-02-24 13:30:00,1.0852,1.0852,1.08384,1.08465,3660
2025-02-24 13:45:00,1.08457,1.086,1.08453,1.08517,4606
2025-02-24 14:00:00,1.08498,1.08561,1.08498,1.08522,3598
2025-02-24 14:15:00,1.08538,1.08538,1.08441,1.08518,3003
2025-02-24 14:30:00,1.08518,1.08523,1.08484,1.08486,1970
2025-02-24 14:45:00,1.08491,1.08532,1.08455,1.08507,3999
2025-02-24 15:00:00,1.08513,1.08513,1.08421,1.08481,4252
2025-02-24 15:15:00,1.08478,1.08574,1.0846,1.08529,4130
2025-02-24 15:30:00,1.08531,1.08564,1.08453,1.08528,3138
2025-02-24 15:45:00,1.08544,1.08599,1.08476,1.08516,3061
2025-02-24 16:00:00,1.08516,1.08574,1.08458,1.08505,4994
2025-02-24 16:15:00,1.08514,1.08574,1.08408,1.08477,4103
2025-02-24 16:30:00,1.08457,1.0855,1.08457,1.085,886
2025-02-24 16:45:00,1.08511,1.08548,1.08485,1.08544,4173
2025-02-24 17:00:00,1.08528,1.08536,1.08493,1.08515,637
2025-02-24 17:15:00,1.08525,1.0857,1.08511,1.08544,4251
2025-02-24 17:30:00,1.08548,1.08567,1.08527,1.0856,3200
2025-02-24 17:45:00,1.0856,1.08578,1.0856,1.08575,799
2025-02-24 18:00:00,1.08574,1.08632,1.08556,1.08569,531
2025-02-24 18:15:00,1.08567,1.08606,1.08475,1.08508,3004
2025-02-24 18:30:00,1.08499,1.08499,1.08405,1.08488,1041
2025-02-24 18:45:00,1.08486,1.08618,1.08486,1.08576,3956
2025-02-24 19:00:00,1.08598,1.08608,1.08527,1.08581,3903
2025-02-24 19:15:00,1.08594,1.08594,1.08508,1.08548,2591
2025-02-24 19:30:00,1.08539,1.08567,1.0849,1.08516,1046
2025-02-24 19:45:00,1.08519,1.08619,1.08498,1.0856,1483
2025-02-24 20:00:00,1.08561,1.08639,1.08502,1.08534,4640
2025-02-24 20:15:00,1.08532,1.08541,1.0852,1.08525,879
2025-02-24 20:30:00,1.08515,1.08591,1.08486,1.08549,996
2025-02-24 20:45:00,1.08553,1.08569,1.08488,1.08528,2415
2025-02-24 21:00:00,1.08537,1.08555,1.08468,1.08496,2685
2025-02-24 21:15:00,1.08487,1.08561,1.08422,1.08506,684
2025-02-24 21:30:00,1.08525,1.08571,1.08525,1.08531,988
2025-02-24 21:45:00,1.08546,1.08626,1.08515,1.08543,2565
2025-02-24 22:00:00,1.08548,1.08548,1.08516,1.08528,2220
2025-02-24 22:15:00,1.08516,1.0865,1.08507,1.08528,670
2025-02-24 22:30:00,1.08532,1.08562,1.08488,1.08502,899
2025-02-24 22:45:00,1.08505,1.08529,1.08491,1.08514,4092
2025-02-24 23:00:00,1.08519,1.08538,1.08423,1.08445,4152
2025-02-24 23:15:00,1.08461,1.08517,1.08461,1.08501,738
2025-02-24 23:30:00,1.08499,1.0855,1.08448,1.08524,1840
2025-02-24 23:45:00,1.08545,1.08545,1.08463,1.08505,4915
2025-02-25 00:00:00,1.08509,1.08602,1.0848,1.08512,4121
2025-02-25 00:15:00,1.08509,1.08529,1.08424,1.08486,3069
2025-02-25 00:30:00,1.0851,1.08527,1.08462,1.08525,3075
2025-02-25 00:45:00,1.08533,1.08553,1.08469,1.08518,1848
2025-02-25 01:00:00,1.08513,1.08594,1.08504,1.08517,2589
2025-02-25 01:15:00,1.08518,1.08525,1.0833,1.0848,733
2025-02-25 01:30:00,1.08487,1.08531,1.08445,1.08507,1055
2025-02-25 01:45:00,1.08506,1.08519,1.08458,1.08505,2984
2025-02-25 02:00:00,1.08507,1.08532,1.08473,1.0851,2454
2025-02-25 02:15:00,1.08502,1.08534,1.08496,1.085,4233
2025-02-25 02:30:00,1.08483,1.08541,1.08452,1.08491,3775
2025-02-25 02:45:00,1.08492,1.08514,1.08459,1.08512,1302
2025-02-25 03:00:00,1.08513,1.08524,1.08416,1.08466,1496
2025-02-25 03:15:00,1.08471,1.08618,1.08471,1.08537,1345
2025-02-25 03:30:00,1.08532,1.08545,1.085,1.08505,1819
2025-02-25 03:45:00,1.08492,1.08504,1.08457,1.08503,4617
2025-02-25 04:00:00,1.08493,1.08533,1.08482,1.0852,2210
2025-02-25 04:15:00,1.0853,1.0853,1.08463,1.08469,741
2025-02-25 04:30:00,1.08462,1.08538,1.08462,1.08487,3390
2025-02-25 04:45:00,1.08482,1.08505,1.08375,1.08504,3125
2025-02-25 05:00:00,1.08501,1.0862,1.08501,1.08553,3998
2025-02-25 05:15:00,1.08547,1.08547,1.08495,1.08532,952
2025-02-25 05:30:00,1.08525,1.08634,1.08482,1.08552,2129
2025-02-25 05:45:00,1.08543,1.08569,1.08381,1.08528,2760
2025-02-25 06:00:00,1.08542,1.08588,1.08524,1.08541,3812
2025-02-25 06:15:00,1.08548,1.0857,1.0848,1.08566,1058
2025-02-25 06:30:00,1.08579,1.08596,1.08548,1.08554,3215
2025-02-25 06:45:00,1.08568,1.08568,1.08514,1.08524,1568
2025-02-25 07:00:00,1.08501,1.0859,1.0844,1.08538,3254
2025-02-25 07:15:00,1.08542,1.08573,1.08457,1.0854,1760
2025-02-25 07:30:00,1.08534,1.08666,1.08499,1.08542,3270
2025-02-25 07:45:00,1.08553,1.08618,1.08529,1.08559,949
2025-02-25 08:00:00,1.08551,1.08571,1.08527,1.08561,4139
2025-02-25 08:15:00,1.08551,1.08567,1.0852,1.08533,2413
2025-02-25 08:30:00,1.08518,1.08555,1.08518,1.08544,3297
2025-02-25 08:45:00,1.08541,1.08571,1.08437,1.08515,3045
2025-02-25 09:00:00,1.08524,1.08584,1.08465,1.08519,3754
2025-02-25 09:15:00,1.08521,1.08583,1.08521,1.08532,4995
2025-02-25 09:30:00,1.0852,1.08546,1.0852,1.08534,3961
2025-02-25 09:45:00,1.08556,1.08556,1.08466,1.08496,1959
2025-02-25 10:00:00,1.08502,1.08632,1.08502,1.0857,1420
2025-02-25 10:15:00,1.08578,1.08578,1.08473,1.08489,3718
2025-02-25 10:30:00,1.08502,1.08669,1.08502,1.08595,956
2025-02-25 10:45:00,1.08579,1.08587,1.08535,1.08575,2384
2025-02-25 11:00:00,1.08566,1.08566,1.08492,1.08545,1144
2025-02-25 11:15:00,1.08553,1.08614,1.08455,1.08558,2829
2025-02-25 11:30:00,1.0855,1.0863,1.08487,1.08579,2710
2025-02-25 11:45:00,1.08576,1.08631,1.08522,1.08565,4756
2025-02-25 12:00:00,1.08564,1.08628,1.08536,1.08572,4850
2025-02-25 12:15:00,1.0856,1.08603,1.08507,1.08564,1593
2025-02-25 12:30:00,1.0856,1.08623,1.08475,1.08567,2959
2025-02-25 12:45:00,1.08577,1.08619,1.08513,1.0859,3261
2025-02-25 13:00:00,1.08597,1.08625,1.08501,1.08549,2542
2025-02-25 13:15:00,1.0856,1.08612,1.08541,1.08586,535
2025-02-25 13:30:00,1.08596,1.08617,1.08543,1.0859,969
2025-02-25 13:45:00,1.08594,1.08685,1.08514,1.08596,808
2025-02-25 14:00:00,1.08599,1.08603,1.08534,1.08588,3768
2025-02-25 14:15:00,1.08591,1.08617,1.08538,1.08609,980
2025-02-25 14:30:00,1.08602,1.08603,1.08549,1.08585,1288
2025-02-25 14:45:00,1.08575,1.08681,1.08575,1.08602,790
2025-02-25 15:00:00,1.08595,1.08649,1.08567,1.08631,929
2025-02-25 15:15:00,1.08628,1.08628,1.08597,1.08603,1097
2025-02-25 15:30:00,1.08597,1.08644,1.08597,1.08605,2057
2025-02-25 15:45:00,1.08609,1.08609,1.0857,1.08586,1172
2025-02-25 16:00:00,1.08588,1.08668,1.08588,1.08619,3354
2025-02-25 16:15:00,1.08622,1.08644,1.08542,1.08593,2078
2025-02-25 16:30:00,1.08596,1.08706,1.08572,1.08616,1932
2025-02-25 16:45:00,1.08628,1.08628,1.08562,1.08584,540
2025-02-25 17:00:00,1.08584,1.08595,1.08498,1.08565,4979
2025-02-25 17:15:00,1.08575,1.08601,1.08575,1.08584,3433
2025-02-25 17:30:00,1.08589,1.08593,1.08532,1.08557,1814
2025-02-25 17:45:00,1.08569,1.086,1.08529,1.08567,2315
2025-02-25 18:00:00,1.08583,1.08583,1.08455,1.08496,4778
2025-02-25 18:15:00,1.08502,1.08546,1.08497,1.08545,2395
2025-02-25 18:30:00,1.08546,1.08555,1.08484,1.08523,1563
2025-02-25 18:45:00,1.08524,1.0855,1.08492,1.08527,3796
2025-02-25 19:00:00,1.08522,1.0858,1.0845,1.08547,637
2025-02-25 19:15:00,1.08542,1.086,1.08515,1.0854,834
2025-02-25 19:30:00,1.08549,1.08557,1.08529,1.08553,4733
2025-02-25 19:45:00,1.08543,1.08566,1.08511,1.08529,3176
2025-02-25 20:00:00,1.08545,1.08649,1.08506,1.08572,2133
2025-02-25 20:15:00,1.08571,1.08642,1.0849,1.08587,2033
2025-02-25 20:30:00,1.08615,1.08629,1.08549,1.08573,1608
2025-02-25 20:45:00,1.08567,1.08589,1.08543,1.08579,2086
2025-02-25 21:00:00,1.08582,1.08614,1.08486,1.08574,4361
2025-02-25 21:15:00,1.08571,1.08593,1.08544,1.08583,1612
2025-02-25 21:30:00,1.08575,1.08666,1.08575,1.08605,1612
2025-02-25 21:45:00,1.08616,1.08616,1.08512,1.08578,2766
2025-02-25 22:00:00,1.08567,1.08577,1.08517,1.08564,3389
2025-02-25 22:15:00,1.08557,1.08629,1.08536,1.086,849
2025-02-25 22:30:00,1.08605,1.08605,1.0853,1.08594,4462
2025-02-25 22:45:00,1.08602,1.0864,1.08599,1.08602,2423
2025-02-25 23:00:00,1.08588,1.08645,1.08588,1.08612,542
2025-02-25 23:15:00,1.08618,1.0863,1.08547,1.08564,4045
2025-02-25 23:30:00,1.08565,1.08639,1.08482,1.08566,2805
2025-02-25 23:45:00,1.08557,1.08557,1.08531,1.08538,1351
2025-02-26 00:00:00,1.0853,1.08607,1.08483,1.08595,3892
2025-02-26 00:15:00,1.08574,1.08578,1.08538,1.0855,1786
2025-02-26 00:30:00,1.08567,1.08588,1.08499,1.08559,2982
2025-02-26 00:45:00,1.08569,1.08633,1.08558,1.08562,4279
2025-02-26 01:00:00,1.08549,1.0861,1.08492,1.08569,3868
2025-02-26 01:15:00,1.08577,1.08585,1.08547,1.0857,4190
2025-02-26 01:30:00,1.08564,1.08596,1.08472,1.08564,2616
2025-02-26 01:45:00,1.08573,1.08595,1.08552,1.08558,1548
2025-02-26 02:00:00,1.08553,1.08581,1.08549,1.08564,3115
2025-02-26 02:15:00,1.0856,1.0869,1.0856,1.08625,1012
2025-02-26 02:30:00,1.08623,1.08699,1.08522,1.08613,682
2025-02-26 02:45:00,1.08607,1.08695,1.08575,1.0862,2601
2025-02-26 03:00:00,1.08634,1.08635,1.08591,1.08613,1604
2025-02-26 03:15:00,1.08622,1.08629,1.08584,1.08618,659
2025-02-26 03:30:00,1.08619,1.08619,1.08548,1.08556,3957
2025-02-26 03:45:00,1.08566,1.08603,1.08492,1.08565,1237
2025-02-26 04:00:00,1.08549,1.08662,1.08549,1.08574,2811
2025-02-26 04:15:00,1.08561,1.08614,1.08561,1.08586,3168
2025-02-26 04:30:00,1.08591,1.0865,1.08534,1.08594,3553
2025-02-26 04:45:00,1.08602,1.0867,1.08527,1.08593,3880
2025-02-26 05:00:00,1.08596,1.08693,1.08554,1.08604,3615
2025-02-26 05:15:00,1.08585,1.08648,1.08529,1.08597,700
2025-02-26 05:30:00,1.08587,1.08601,1.0852,1.08588,1807
2025-02-26 05:45:00,1.08593,1.08641,1.08548,1.08563,2694
2025-02-26 06:00:00,1.08587,1.0864,1.08545,1.08584,3975
2025-02-26 06:15:00,1.08596,1.08644,1.08547,1.08601,4589
2025-02-26 06:30:00,1.08617,1.08634,1.08603,1.08605,2269
2025-02-26 06:45:00,1.08609,1.08644,1.08485,1.0858,3755
2025-02-26 07:00:00,1.08583,1.08659,1.08544,1.08586,3094
2025-02-26 07:15:00,1.08576,1.08576,1.08478,1.08565,2438
2025-02-26 07:30:00,1.08574,1.08605,1.08568,1.08582,1732
2025-02-26 07:45:00,1.08581,1.08685,1.08533,1.08572,1074
2025-02-26 08:00:00,1.08579,1.08606,1.08523,1.0857,581
2025-02-26 08:15:00,1.0857,1.08574,1.08495,1.08561,762
2025-02-26 08:30:00,1.08564,1.08647,1.08564,1.08578,4338
2025-02-26 08:45:00,1.08577,1.08577,1.08488,1.08561,3470
2025-02-26 09:00:00,1.08563,1.08609,1.08563,1.08584,785
2025-02-26 09:15:00,1.08594,1.08594,1.08554,1.08571,522
2025-02-26 09:30:00,1.08559,1.08611,1.08535,1.08559,4167
2025-02-26 09:45:00,1.08545,1.08648,1.08479,1.08548,4490
2025-02-26 10:00:00,1.08553,1.08587,1.08508,1.08573,4045
2025-02-26 10:15:00,1.08587,1.08638,1.0856,1.08569,4801
2025-02-26 10:30:00,1.08586,1.08591,1.08527,1.08566,1955
2025-02-26 10:45:00,1.08553,1.08673,1.08548,1.08596,594
2025-02-26 11:00:00,1.08592,1.08644,1.08516,1.08574,3022
2025-02-26 11:15:00,1.08559,1.08585,1.08538,1.08582,636
2025-02-26 11:30:00,1.08576,1.0859,1.0849,1.08561,2537
2025-02-26 11:45:00,1.08572,1.08587,1.08504,1.08573,2749
2025-02-26 12:00:00,1.08573,1.0868,1.08448,1.08546,4170
2025-02-26 12:15:00,1.08543,1.08632,1.08483,1.08538,4669
2025-02-26 12:30:00,1.08544,1.08555,1.08445,1.08549,1845
2025-02-26 12:45:00,1.08541,1.08576,1.08527,1.08546,3184
2025-02-26 13:00:00,1.08562,1.08562,1.08545,1.0855,1499
2025-02-26 13:15:00,1.0855,1.08583,1.08545,1.08571,3737
2025-02-26 13:30:00,1.08567,1.08575,1.08513,1.08513,1524
2025-02-26 13:45:00,1.08519,1.08521,1.0848,1.08517,4886
2025-02-26 14:00:00,1.08527,1.08602,1.08492,1.08536,4666
2025-02-26 14:15:00,1.08552,1.086,1.08499,1.0851,4703
2025-02-26 14:30:00,1.08508,1.08629,1.08508,1.08588,3145
2025-02-26 14:45:00,1.08599,1.08605,1.08481,1.08536,3596
2025-02-26 15:00:00,1.08537,1.08543,1.08495,1.08515,2333
2025-02-26 15:15:00,1.08509,1.08593,1.08504,1.08508,2750
2025-02-26 15:30:00,1.08501,1.08529,1.08448,1.08494,4134
2025-02-26 15:45:00,1.08483,1.08521,1.08478,1.08499,1998
2025-02-26 16:00:00,1.08492,1.08512,1.08468,1.08497,1068
2025-02-26 16:15:00,1.08508,1.08513,1.08477,1.08498,4759
2025-02-26 16:30:00,1.08505,1.08529,1.08458,1.08498,1792
2025-02-26 16:45:00,1.08486,1.08547,1.08479,1.08512,4775
2025-02-26 17:00:00,1.08495,1.08538,1.08465,1.08496,3145
2025-02-26 17:15:00,1.08485,1.08485,1.08462,1.08472,971
2025-02-26 17:30:00,1.08465,1.08512,1.08356,1.08444,4121
2025-02-26 17:45:00,1.08441,1.08504,1.08415,1.08484,1031
2025-02-26 18:00:00,1.08495,1.08525,1.08439,1.08504,2489
2025-02-26 18:15:00,1.08499,1.0852,1.08472,1.08509,1108
2025-02-26 18:30:00,1.08525,1.08584,1.08412,1.08491,1582
2025-02-26 18:45:00,1.08474,1.08588,1.08353,1.0851,1474
2025-02-26 19:00:00,1.08507,1.0858,1.08397,1.08469,1474
2025-02-26 19:15:00,1.08477,1.08508,1.08425,1.08472,4819
2025-02-26 19:30:00,1.0848,1.0848,1.08364,1.0843,4481
2025-02-26 19:45:00,1.08427,1.08499,1.08387,1.08446,4784
2025-02-26 20:00:00,1.08456,1.08514,1.08447,1.08465,4654
2025-02-26 20:15:00,1.08473,1.08474,1.08342,1.08426,2007
2025-02-26 20:30:00,1.0842,1.08443,1.0839,1.0842,1113
2025-02-26 20:45:00,1.08423,1.0845,1.08324,1.08431,4043
2025-02-26 21:00:00,1.08438,1.08461,1.08364,1.08422,883
2025-02-26 21:15:00,1.08415,1.08447,1.0841,1.08426,911
2025-02-26 21:30:00,1.08443,1.08443,1.08407,1.08413,3876
2025-02-26 21:45:00,1.08405,1.08494,1.08405,1.08453,3275
2025-02-26 22:00:00,1.08455,1.08455,1.08293,1.08388,2783
2025-02-26 22:15:00,1.08375,1.08557,1.08375,1.0845,1162
2025-02-26 22:30:00,1.08451,1.08451,1.08332,1.08399,4641
2025-02-26 22:45:00,1.08388,1.08414,1.0835,1.08368,4535
2025-02-26 23:00:00,1.08365,1.08411,1.08365,1.08398,721
2025-02-26 23:15:00,1.08382,1.08429,1.08367,1.08387,1251
2025-02-26 23:30:00,1.08395,1.08472,1.08357,1.08372,3666
2025-02-26 23:45:00,1.08375,1.0838,1.08327,1.08365,3654
2025-02-27 00:00:00,1.08376,1.0845,1.08376,1.08417,1768
2025-02-27 00:15:00,1.08414,1.08485,1.08351,1.08418,4605
2025-02-27 00:30:00,1.08429,1.08457,1.08387,1.08413,2636
2025-02-27 00:45:00,1.08414,1.08414,1.08396,1.08397,2873
2025-02-27 01:00:00,1.08398,1.08553,1.08361,1.08399,2833
2025-02-27 01:15:00,1.08421,1.08492,1.08359,1.08383,714
2025-02-27 01:30:00,1.08378,1.08415,1.08306,1.08346,1495
2025-02-27 01:45:00,1.08358,1.08378,1.08283,1.08358,2371
2025-02-27 02:00:00,1.08363,1.08469,1.08333,1.08388,3710
2025-02-27 02:15:00,1.08382,1.08414,1.08374,1.08388,3950
2025-02-27 02:30:00,1.08375,1.08431,1.08375,1.08417,2164
2025-02-27 02:45:00,1.08407,1.08454,1.08347,1.08402,1481
2025-02-27 03:00:00,1.08413,1.08473,1.08353,1.08387,901
2025-02-27 03:15:00,1.08404,1.08421,1.0835,1.0835,1111
2025-02-27 03:30:00,1.08351,1.08369,1.08242,1.08321,1405
2025-02-27 03:45:00,1.08323,1.08413,1.08294,1.08357,4952
2025-02-27 04:00:00,1.08365,1.08378,1.0833,1.08358,2405
2025-02-27 04:15:00,1.08359,1.08359,1.08295,1.083,4860
2025-02-27 04:30:00,1.08311,1.08329,1.08281,1.08318,4595
2025-02-27 04:45:00,1.08321,1.08362,1.08321,1.08326,1606
2025-02-27 05:00:00,1.08327,1.08345,1.08327,1.08343,727
2025-02-27 05:15:00,1.08336,1.08365,1.08304,1.08329,2488
2025-02-27 05:30:00,1.08319,1.08379,1.08252,1.08327,2678
2025-02-27 05:45:00,1.08296,1.08349,1.0826,1.08325,4507
2025-02-27 06:00:00,1.08337,1.08346,1.08298,1.08315,743
2025-02-27 06:15:00,1.08313,1.08313,1.08267,1.08299,1749
2025-02-27 06:30:00,1.08295,1.08372,1.08282,1.08303,943
2025-02-27 06:45:00,1.08284,1.08307,1.08272,1.08294,1114
2025-02-27 07:00:00,1.08287,1.0833,1.08265,1.08314,4280
2025-02-27 07:15:00,1.08307,1.0835,1.08272,1.08317,1324
2025-02-27 07:30:00,1.08309,1.08309,1.0825,1.08276,4032
2025-02-27 07:45:00,1.08279,1.08334,1.08279,1.08329,1435
2025-02-27 08:00:00,1.08331,1.08416,1.08279,1.0829,2244
2025-02-27 08:15:00,1.08276,1.08335,1.08276,1.08334,4977
2025-02-27 08:30:00,1.08321,1.08376,1.08248,1.08285,3186
2025-02-27 08:45:00,1.08272,1.08312,1.08225,1.08251,1021
2025-02-27 09:00:00,1.08269,1.08359,1.08249,1.08292,2376
2025-02-27 09:15:00,1.08307,1.08346,1.08231,1.08294,4532
2025-02-27 09:30:00,1.08286,1.0831,1.08281,1.08283,2705
2025-02-27 09:45:00,1.08263,1.08297,1.08202,1.08273,1046
2025-02-27 10:00:00,1.08274,1.08313,1.08274,1.0828,3053
2025-02-27 10:15:00,1.08281,1.08281,1.08192,1.08253,3368
2025-02-27 10:30:00,1.08256,1.08346,1.08233,1.08251,666
2025-02-27 10:45:00,1.08259,1.08267,1.08236,1.08263,2569
2025-02-27 11:00:00,1.08267,1.08267,1.08148,1.08248,3435
2025-02-27 11:15:00,1.08237,1.08262,1.0817,1.08246,516
2025-02-27 11:30:00,1.08249,1.08249,1.08196,1.08235,3206
2025-02-27 11:45:00,1.08243,1.08243,1.08223,1.0823,3309
2025-02-27 12:00:00,1.08223,1.08249,1.08194,1.08211,4850
2025-02-27 12:15:00,1.08214,1.08309,1.08214,1.0823,3759
2025-02-27 12:30:00,1.08224,1.08224,1.08086,1.08177,827
2025-02-27 12:45:00,1.08197,1.08305,1.08197,1.0823,3951
2025-02-27 13:00:00,1.08216,1.08303,1.08216,1.08232,2497
2025-02-27 13:15:00,1.08244,1.08272,1.08195,1.08229,845
2025-02-27 13:30:00,1.08212,1.08232,1.08146,1.08205,2854
2025-02-27 13:45:00,1.08223,1.08294,1.08164,1.08211,4771
2025-02-27 14:00:00,1.08199,1.08255,1.08133,1.08159,1043
2025-02-27 14:15:00,1.08161,1.08204,1.08119,1.08197,2882
2025-02-27 14:30:00,1.08181,1.08217,1.08144,1.08169,3950
2025-02-27 14:45:00,1.08155,1.08185,1.08131,1.08172,4205
2025-02-27 15:00:00,1.0818,1.08345,1.08177,1.0819,3248
2025-02-27 15:15:00,1.082,1.08305,1.08185,1.08227,1856
2025-02-27 15:30:00,1.08229,1.08233,1.08115,1.0821,2306
2025-02-27 15:45:00,1.08217,1.08271,1.08142,1.082,1866
2025-02-27 16:00:00,1.08211,1.08211,1.08136,1.08193,3353
2025-02-27 16:15:00,1.08186,1.08232,1.08156,1.08172,685
2025-02-27 16:30:00,1.08158,1.08173,1.0812,1.08167,4705
2025-02-27 16:45:00,1.08167,1.08278,1.08167,1.0818,1266
2025-02-27 17:00:00,1.08175,1.08179,1.08042,1.08148,534
2025-02-27 17:15:00,1.08152,1.08246,1.08152,1.08185,4415
2025-02-27 17:30:00,1.0819,1.0819,1.0812,1.08152,2145
2025-02-27 17:45:00,1.08145,1.08196,1.08145,1.08189,4085
2025-02-27 18:00:00,1.08196,1.08201,1.08176,1.08192,1297
2025-02-27 18:15:00,1.08199,1.08199,1.0807,1.08127,4605
2025-02-27 18:30:00,1.08134,1.08145,1.08121,1.08143,4156
2025-02-27 18:45:00,1.08139,1.08175,1.08013,1.08137,2159
2025-02-27 19:00:00,1.08145,1.08191,1.08124,1.08129,537
2025-02-27 19:15:00,1.08135,1.08175,1.08129,1.08134,2478
2025-02-27 19:30:00,1.08141,1.08225,1.08141,1.0821,1386
2025-02-27 19:45:00,1.08227,1.08228,1.08178,1.08183,3229
2025-02-27 20:00:00,1.08186,1.08273,1.08186,1.08202,3954
2025-02-27 20:15:00,1.08196,1.08275,1.08162,1.08176,3860
2025-02-27 20:30:00,1.08165,1.08165,1.08131,1.08135,3163
2025-02-27 20:45:00,1.08146,1.08163,1.08108,1.08138,4736
2025-02-27 21:00:00,1.08142,1.08192,1.08112,1.08156,4798
2025-02-27 21:15:00,1.08172,1.08185,1.08137,1.08156,3975
2025-02-27 21:30:00,1.08136,1.08181,1.08086,1.08143,3349
2025-02-27 21:45:00,1.08152,1.0816,1.08048,1.08116,3877
2025-02-27 22:00:00,1.08114,1.08229,1.08114,1.08195,2684
2025-02-27 22:15:00,1.08191,1.08191,1.08077,1.08124,3172
2025-02-27 22:30:00,1.08116,1.08134,1.08116,1.08121,1639
2025-02-27 22:45:00,1.0813,1.08175,1.08025,1.0813,4733
2025-02-27 23:00:00,1.08136,1.08191,1.08068,1.08118,2962
2025-02-27 23:15:00,1.08107,1.08168,1.08097,1.08125,3732
2025-02-27 23:30:00,1.08126,1.08184,1.0811,1.08158,3167
2025-02-27 23:45:00,1.08165,1.08165,1.08054,1.08131,747
2025-02-28 00:00:00,1.08133,1.08181,1.08048,1.08106,1025
2025-02-28 00:15:00,1.08117,1.08157,1.081,1.0812,4820
2025-02-28 00:30:00,1.08117,1.08148,1.08084,1.0811,1644
2025-02-28 00:45:00,1.08088,1.08289,1.08088,1.08159,962
2025-02-28 01:00:00,1.08161,1.0825,1.08143,1.08151,3463
2025-02-28 01:15:00,1.08153,1.08153,1.0809,1.08128,4616
2025-02-28 01:30:00,1.08131,1.08131,1.08069,1.08094,2478
2025-02-28 01:45:00,1.08105,1.08133,1.08034,1.08102,3900
2025-02-28 02:00:00,1.08083,1.08183,1.08083,1.08141,2463
2025-02-28 02:15:00,1.08139,1.08192,1.08114,1.08149,4850
2025-02-28 02:30:00,1.0814,1.08141,1.08074,1.08134,1685
2025-02-28 02:45:00,1.08122,1.08156,1.08074,1.0813,802
2025-02-28 03:00:00,1.08129,1.08168,1.08089,1.08107,1276
2025-02-28 03:15:00,1.08114,1.08156,1.08081,1.08122,3759
2025-02-28 03:30:00,1.08125,1.08125,1.07987,1.08074,1123
2025-02-28 03:45:00,1.08067,1.08149,1.08067,1.08101,4356
2025-02-28 04:00:00,1.081,1.08155,1.08067,1.08103,1959
2025-02-28 04:15:00,1.08113,1.08138,1.08106,1.08135,3886
2025-02-28 04:30:00,1.08142,1.08181,1.08088,1.08089,979
2025-02-28 04:45:00,1.08084,1.0817,1.07998,1.08116,4730
2025-02-28 05:00:00,1.08109,1.08131,1.08089,1.08112,1561
2025-02-28 05:15:00,1.08094,1.08197,1.08094,1.08148,787
2025-02-28 05:30:00,1.08144,1.08176,1.08091,1.08149,4139
2025-02-28 05:45:00,1.08131,1.08135,1.08073,1.0811,1643
2025-02-28 06:00:00,1.08131,1.08131,1.08024,1.08099,1923
2025-02-28 06:15:00,1.0809,1.08129,1.0808,1.08088,1157
2025-02-28 06:30:00,1.08099,1.08099,1.08058,1.08077,3585
2025-02-28 06:45:00,1.08095,1.08106,1.08079,1.08084,2239
2025-02-28 07:00:00,1.08086,1.0817,1.08086,1.08108,3016
2025-02-28 07:15:00,1.08107,1.08123,1.08054,1.08107,2701
2025-02-28 07:30:00,1.08094,1.08187,1.08094,1.0811,1178
2025-02-28 07:45:00,1.08105,1.08156,1.08093,1.08111,3957
2025-02-28 08:00:00,1.08127,1.08143,1.08063,1.08117,3244
2025-02-28 08:15:00,1.0812,1.08152,1.08068,1.08087,2853
2025-02-28 08:30:00,1.08087,1.08109,1.08082,1.08096,2148
2025-02-28 08:45:00,1.08109,1.08109,1.07959,1.08045,2179
2025-02-28 09:00:00,1.08052,1.08086,1.08052,1.08072,4466
2025-02-28 09:15:00,1.08071,1.08122,1.08039,1.08067,3241
2025-02-28 09:30:00,1.08069,1.08087,1.08056,1.08065,1353
2025-02-28 09:45:00,1.08057,1.08142,1.07969,1.0805,1092
2025-02-28 10:00:00,1.08045,1.08093,1.08034,1.08038,3906
2025-02-28 10:15:00,1.08036,1.0805,1.08018,1.08024,3452
2025-02-28 10:30:00,1.0803,1.0811,1.0803,1.08059,1519
2025-02-28 10:45:00,1.08046,1.08085,1.08046,1.08076,2084
2025-02-28 11:00:00,1.08077,1.08077,1.07982,1.08042,3114
2025-02-28 11:15:00,1.08038,1.08101,1.08024,1.08067,2371
2025-02-28 11:30:00,1.08058,1.08088,1.08055,1.08056,1590
2025-02-28 11:45:00,1.08052,1.08052,1.07934,1.0802,1126
2025-02-28 12:00:00,1.07996,1.0805,1.07996,1.08044,4707
2025-02-28 12:15:00,1.08036,1.08036,1.0793,1.07952,3678
2025-02-28 12:30:00,1.07941,1.08033,1.07921,1.0799,525
2025-02-28 12:45:00,1.07987,1.08074,1.07969,1.07989,3548
2025-02-28 13:00:00,1.07966,1.08085,1.07962,1.07982,1121
2025-02-28 13:15:00,1.07984,1.08072,1.07969,1.07999,3985
2025-02-28 13:30:00,1.08008,1.08008,1.07937,1.08005,1216
2025-02-28 13:45:00,1.08004,1.08055,1.07951,1.08005,3160
2025-02-28 14:00:00,1.0801,1.08024,1.07984,1.08006,2241
2025-02-28 14:15:00,1.08001,1.08001,1.07914,1.07972,3572
2025-02-28 14:30:00,1.07957,1.08003,1.07909,1.07976,4233
2025-02-28 14:45:00,1.07976,1.0804,1.07969,1.08,4964
2025-02-28 15:00:00,1.08007,1.08007,1.0797,1.07988,3274
2025-02-28 15:15:00,1.07975,1.08021,1.07931,1.07969,2345
2025-02-28 15:30:00,1.07965,1.08071,1.07965,1.08017,4737
2025-02-28 15:45:00,1.08014,1.08044,1.08003,1.08044,513
2025-02-28 16:00:00,1.08072,1.08078,1.07948,1.08036,3258
2025-02-28 16:15:00,1.08039,1.08054,1.07994,1.08004,1030
2025-02-28 16:30:00,1.07985,1.08025,1.07965,1.08002,3378
2025-02-28 16:45:00,1.0798,1.08042,1.07939,1.08022,3904
2025-02-28 17:00:00,1.08029,1.08038,1.07973,1.07994,937
2025-02-28 17:15:00,1.08019,1.08074,1.08019,1.0804,882
2025-02-28 17:30:00,1.08037,1.08119,1.07999,1.08032,1789
2025-02-28 17:45:00,1.08028,1.08045,1.07966,1.08041,3352
2025-02-28 18:00:00,1.08045,1.08099,1.07953,1.08022,2537
2025-02-28 18:15:00,1.08014,1.08088,1.07998,1.08029,4216
2025-02-28 18:30:00,1.08003,1.08024,1.07987,1.08022,2952
2025-02-28 18:45:00,1.08032,1.08032,1.07939,1.07989,1385
2025-02-28 19:00:00,1.07983,1.08141,1.07983,1.08042,3994
2025-02-28 19:15:00,1.08053,1.08055,1.07978,1.08003,3514
2025-02-28 19:30:00,1.07996,1.0804,1.07996,1.08038,4482
2025-02-28 19:45:00,1.08039,1.08065,1.07916,1.08012,4674
2025-02-28 20:00:00,1.08021,1.08059,1.07947,1.08034,808
2025-02-28 20:15:00,1.08045,1.08121,1.08034,1.08037,1226
2025-02-28 20:30:00,1.08039,1.08077,1.0801,1.08021,3604
2025-02-28 20:45:00,1.08022,1.08038,1.07981,1.08009,3437
2025-02-28 21:00:00,1.08015,1.08026,1.07971,1.08006,2213
2025-02-28 21:15:00,1.08011,1.08011,1.07963,1.07964,4371
2025-02-28 21:30:00,1.07951,1.0803,1.07951,1.08004,1212
2025-02-28 21:45:00,1.07992,1.08042,1.07965,1.07984,1450
2025-02-28 22:00:00,1.07963,1.08083,1.07935,1.08,1935
2025-02-28 22:15:00,1.08007,1.08068,1.07891,1.07972,2038
2025-02-28 22:30:00,1.07968,1.07968,1.0795,1.07964,3112
2025-02-28 22:45:00,1.07972,1.08145,1.07972,1.08024,2668
2025-02-28 23:00:00,1.08028,1.08032,1.08002,1.08012,2697
2025-02-28 23:15:00,1.08002,1.08014,1.07989,1.07994,2700
2025-02-28 23:30:00,1.07993,1.08077,1.07979,1.08005,3551
2025-02-28 23:45:00,1.08,1.08023,1.07989,1.08,2170
2025-03-01 00:00:00,1.07994,1.08086,1.07974,1.08017,3634
2025-03-01 00:15:00,1.08026,1.08063,1.07906,1.07982,3864
2025-03-01 00:30:00,1.08007,1.08117,1.07974,1.08014,2615
2025-03-01 00:45:00,1.08025,1.08025,1.07965,1.07983,724
2025-03-01 01:00:00,1.07983,1.07985,1.07939,1.07975,1346
2025-03-01 01:15:00,1.07988,1.08035,1.07942,1.07979,4569
2025-03-01 01:30:00,1.07997,1.08005,1.07956,1.07958,3456
2025-03-01 01:45:00,1.07944,1.07998,1.07944,1.07959,4887
2025-03-01 02:00:00,1.07971,1.07971,1.07911,1.07934,2761
2025-03-01 02:15:00,1.07942,1.07969,1.0794,1.07954,2083
2025-03-01 02:30:00,1.07966,1.0801,1.07921,1.07957,1470
2025-03-01 02:45:00,1.07965,1.07965,1.07897,1.07917,4472
2025-03-01 03:00:00,1.07914,1.08012,1.07839,1.07942,1716
2025-03-01 03:15:00,1.07962,1.07982,1.07917,1.0796,2138
2025-03-01 03:30:00,1.07964,1.07964,1.07934,1.07954,2621
2025-03-01 03:45:00,1.0795,1.07984,1.0795,1.07973,3211
2025-03-01 04:00:00,1.07978,1.08002,1.0795,1.07983,1786
2025-03-01 04:15:00,1.07993,1.08086,1.07951,1.07986,3657
2025-03-01 04:30:00,1.07987,1.07987,1.07935,1.07946,557
2025-03-01 04:45:00,1.07949,1.07949,1.07913,1.07915,2184
2025-03-01 05:00:00,1.07916,1.07942,1.07914,1.07936,3988
2025-03-01 05:15:00,1.07929,1.07984,1.07895,1.07933,1804
2025-03-01 05:30:00,1.07925,1.08013,1.07925,1.07958,2130
2025-03-01 05:45:00,1.07944,1.07944,1.07856,1.0792,4580
2025-03-01 06:00:00,1.07935,1.07997,1.07935,1.07982,4803
2025-03-01 06:15:00,1.0798,1.0798,1.07908,1.07963,1666
2025-03-01 06:30:00,1.07929,1.08058,1.07929,1.07945,912
2025-03-01 06:45:00,1.07949,1.08026,1.07902,1.07946,2118
2025-03-01 07:00:00,1.0795,1.0795,1.07824,1.07898,3277
2025-03-01 07:15:00,1.07879,1.08005,1.07879,1.07977,1239
2025-03-01 07:30:00,1.07969,1.07974,1.07904,1.07914,1418
2025-03-01 07:45:00,1.07906,1.07964,1.07906,1.07926,2748
2025-03-01 08:00:00,1.07919,1.07919,1.07848,1.07888,4582
2025-03-01 08:15:00,1.079,1.07944,1.07885,1.07933,4675
2025-03-01 08:30:00,1.07931,1.07961,1.07856,1.07898,2003
2025-03-01 08:45:00,1.07893,1.0793,1.07893,1.07928,3727
2025-03-01 09:00:00,1.07939,1.08048,1.07825,1.07917,1327
2025-03-01 09:15:00,1.07922,1.07922,1.07858,1.07907,3731
2025-03-01 09:30:00,1.07889,1.07904,1.07864,1.07901,3373
2025-03-01 09:45:00,1.07894,1.07929,1.07875,1.07917,2117
2025-03-01 10:00:00,1.0792,1.0797,1.07877,1.07892,1685
2025-03-01 10:15:00,1.07883,1.07913,1.07841,1.07902,2184
2025-03-01 10:30:00,1.07922,1.07986,1.07909,1.07934,1009
2025-03-01 10:45:00,1.07935,1.08026,1.07933,1.07985,1194
2025-03-01 11:00:00,1.07978,1.07986,1.0791,1.0795,3779
2025-03-01 11:15:00,1.07938,1.08022,1.07884,1.07921,4516
2025-03-01 11:30:00,1.0793,1.0793,1.07885,1.07927,2568
2025-03-01 11:45:00,1.0792,1.07954,1.07884,1.07913,1746
2025-03-01 12:00:00,1.07916,1.07916,1.07859,1.07902,899
2025-03-01 12:15:00,1.07891,1.0797,1.07834,1.07923,3107
2025-03-01 12:30:00,1.07924,1.07942,1.07845,1.07911,787
2025-03-01 12:45:00,1.07905,1.0806,1.07859,1.07923,1903
2025-03-01 13:00:00,1.07919,1.0793,1.0787,1.07894,2677
2025-03-01 13:15:00,1.07886,1.07924,1.07886,1.07911,940
2025-03-01 13:30:00,1.07922,1.0795,1.0779,1.07873,1768
2025-03-01 13:45:00,1.07868,1.07933,1.07833,1.07859,3012
2025-03-01 14:00:00,1.07858,1.08032,1.07834,1.07934,685
2025-03-01 14:15:00,1.07933,1.07933,1.07837,1.07852,4757
2025-03-01 14:30:00,1.07868,1.0795,1.07862,1.07875,3770
2025-03-01 14:45:00,1.07884,1.08028,1.07874,1.07884,2948
2025-03-01 15:00:00,1.07892,1.07974,1.07892,1.07939,4043
2025-03-01 15:15:00,1.07923,1.07945,1.07899,1.07926,1979
2025-03-01 15:30:00,1.0792,1.07963,1.07893,1.07913,3562
2025-03-01 15:45:00,1.07925,1.07993,1.07872,1.07882,2960
2025-03-01 16:00:00,1.0787,1.07974,1.0787,1.07937,3078
2025-03-01 16:15:00,1.07938,1.07939,1.07892,1.07897,1644
2025-03-01 16:30:00,1.07886,1.07912,1.07875,1.07902,4664
2025-03-01 16:45:00,1.07892,1.07906,1.07884,1.0789,1134
2025-03-01 17:00:00,1.07907,1.07928,1.0789,1.07901,1803
2025-03-01 17:15:00,1.07908,1.07933,1.07859,1.07888,1032
2025-03-01 17:30:00,1.07898,1.07915,1.07865,1.07885,2381
2025-03-01 17:45:00,1.07892,1.07984,1.0784,1.07902,3197
2025-03-01 18:00:00,1.079,1.07954,1.07888,1.07902,1452
2025-03-01 18:15:00,1.07895,1.07905,1.07829,1.07888,3305
2025-03-01 18:30:00,1.07884,1.07919,1.0788,1.07895,1069
2025-03-01 18:45:00,1.07893,1.07893,1.078,1.07815,3322
2025-03-01 19:00:00,1.07833,1.07901,1.07833,1.0789,3715
2025-03-01 19:15:00,1.07877,1.07885,1.07842,1.07879,1479
2025-03-01 19:30:00,1.07873,1.07891,1.07872,1.07882,4630
2025-03-01 19:45:00,1.07872,1.07872,1.07846,1.07869,4041
2025-03-01 20:00:00,1.07879,1.07947,1.07829,1.07885,3073
2025-03-01 20:15:00,1.07903,1.07922,1.0788,1.07907,3886
2025-03-01 20:30:00,1.0791,1.07941,1.0787,1.07914,4055
2025-03-01 20:45:00,1.07918,1.0793,1.07823,1.07878,3377
2025-03-01 21:00:00,1.07879,1.07949,1.07859,1.07887,2237
2025-03-01 21:15:00,1.07891,1.0799,1.07861,1.07923,2923
2025-03-01 21:30:00,1.07931,1.07931,1.07838,1.07839,3381
2025-03-01 21:45:00,1.07843,1.07879,1.07843,1.0786,3203
2025-03-01 22:00:00,1.07865,1.07925,1.07865,1.07911,3035
2025-03-01 22:15:00,1.07918,1.07952,1.07895,1.07902,4067
2025-03-01 22:30:00,1.07884,1.07929,1.07862,1.079,2900
2025-03-01 22:45:00,1.079,1.07922,1.07852,1.07874,4949
2025-03-01 23:00:00,1.07877,1.07883,1.07856,1.07864,4455
2025-03-01 23:15:00,1.07868,1.07936,1.0785,1.07862,4052
2025-03-01 23:30:00,1.0786,1.07954,1.07845,1.07904,1478
2025-03-01 23:45:00,1.07905,1.07905,1.07834,1.07847,902
2025-03-02 00:00:00,1.0784,1.07904,1.07795,1.07857,3304
2025-03-02 00:15:00,1.07839,1.07908,1.07749,1.07827,2014
2025-03-02 00:30:00,1.07837,1.07923,1.07837,1.07864,2047
2025-03-02 00:45:00,1.07853,1.07908,1.07803,1.07841,893
2025-03-02 01:00:00,1.0784,1.07841,1.07802,1.07835,3130
2025-03-02 01:15:00,1.07828,1.07828,1.07747,1.07813,603
2025-03-02 01:30:00,1.07829,1.07893,1.07807,1.07834,2243
2025-03-02 01:45:00,1.07833,1.07915,1.07799,1.07866,921
2025-03-02 02:00:00,1.07863,1.07863,1.07811,1.07833,3677
2025-03-02 02:15:00,1.0784,1.07952,1.0784,1.07923,4276
2025-03-02 02:30:00,1.07945,1.07945,1.07812,1.07829,4890
2025-03-02 02:45:00,1.07833,1.07883,1.07799,1.07853,775
2025-03-02 03:00:00,1.07849,1.07876,1.07833,1.0787,693
2025-03-02 03:15:00,1.07877,1.07889,1.07861,1.07872,4906
2025-03-02 03:30:00,1.07857,1.07906,1.07775,1.0786,1626
2025-03-02 03:45:00,1.0786,1.07867,1.07846,1.07858,4518
2025-03-02 04:00:00,1.07878,1.07878,1.07773,1.07849,749
2025-03-02 04:15:00,1.0785,1.07876,1.0785,1.07859,3967
2025-03-02 04:30:00,1.0786,1.07961,1.07821,1.07895,3329
2025-03-02 04:45:00,1.07895,1.07933,1.07827,1.07857,4891
2025-03-02 05:00:00,1.07853,1.0793,1.07843,1.07874,737
2025-03-02 05:15:00,1.07877,1.07881,1.07741,1.07848,4220
2025-03-02 05:30:00,1.07856,1.07898,1.07786,1.07869,4509
2025-03-02 05:45:00,1.07866,1.07866,1.0775,1.07786,2836
2025-03-02 06:00:00,1.07761,1.07929,1.07761,1.07825,3084
2025-03-02 06:15:00,1.0783,1.07895,1.07796,1.07856,2265
2025-03-02 06:30:00,1.07877,1.07877,1.07761,1.07818,4417
2025-03-02 06:45:00,1.07814,1.07853,1.07796,1.0785,1642
2025-03-02 07:00:00,1.07835,1.07905,1.078,1.07846,2666
2025-03-02 07:15:00,1.07853,1.07853,1.07791,1.07798,1614
2025-03-02 07:30:00,1.07816,1.07846,1.07754,1.07811,2719
2025-03-02 07:45:00,1.07816,1.0784,1.07782,1.07804,1639
2025-03-02 08:00:00,1.07821,1.07856,1.07745,1.07808,4016
2025-03-02 08:15:00,1.07816,1.07816,1.0774,1.07789,2476
2025-03-02 08:30:00,1.07796,1.07854,1.07796,1.07821,2096
2025-03-02 08:45:00,1.07816,1.07865,1.07758,1.07788,1645
2025-03-02 09:00:00,1.0779,1.07837,1.07737,1.07828,2127
2025-03-02 09:15:00,1.07828,1.07832,1.0779,1.07826,2358
2025-03-02 09:30:00,1.07826,1.07844,1.07773,1.0778,1745
2025-03-02 09:45:00,1.07778,1.07886,1.07761,1.07839,1982
2025-03-02 10:00:00,1.07841,1.07876,1.07782,1.07815,2021
2025-03-02 10:15:00,1.07802,1.07839,1.07768,1.07803,869
2025-03-02 10:30:00,1.07811,1.07811,1.07732,1.0778,3692
2025-03-02 10:45:00,1.07771,1.07871,1.07771,1.07809,3732
2025-03-02 11:00:00,1.07807,1.0782,1.07776,1.07813,2285
2025-03-02 11:15:00,1.07816,1.07833,1.07791,1.07803,1074
2025-03-02 11:30:00,1.07794,1.07918,1.07794,1.07845,4203
2025-03-02 11:45:00,1.07826,1.07832,1.07783,1.07797,4972
2025-03-02 12:00:00,1.07793,1.07888,1.07784,1.07826,3072
2025-03-02 12:15:00,1.07811,1.07863,1.07808,1.07811,2615
2025-03-02 12:30:00,1.07819,1.07836,1.07717,1.0782,2402
2025-03-02 12:45:00,1.07808,1.07808,1.07764,1.07771,4579
2025-03-02 13:00:00,1.07786,1.07873,1.07756,1.07815,1656
2025-03-02 13:15:00,1.07815,1.07815,1.07719,1.07791,1585
2025-03-02 13:30:00,1.07791,1.07797,1.07768,1.07792,660
2025-03-02 13:45:00,1.07773,1.07863,1.07773,1.07829,1258
2025-03-02 14:00:00,1.0783,1.07842,1.07745,1.07786,3248
2025-03-02 14:15:00,1.07785,1.07864,1.07775,1.07783,1329
2025-03-02 14:30:00,1.0777,1.07834,1.07769,1.0779,1348
2025-03-02 14:45:00,1.07791,1.07862,1.07762,1.07766,2476
2025-03-02 15:00:00,1.07762,1.07817,1.0775,1.07817,4844
2025-03-02 15:15:00,1.07814,1.07849,1.07747,1.07764,2029
2025-03-02 15:30:00,1.07764,1.078,1.07735,1.0777,2749
2025-03-02 15:45:00,1.07766,1.07822,1.07766,1.07785,3392
2025-03-02 16:00:00,1.07787,1.07787,1.0773,1.07749,4124
2025-03-02 16:15:00,1.07748,1.07776,1.07748,1.07769,2177
2025-03-02 16:30:00,1.07773,1.07813,1.07715,1.07736,4605
2025-03-02 16:45:00,1.07731,1.07919,1.07731,1.07806,4954
2025-03-02 17:00:00,1.07795,1.07795,1.07773,1.07783,1799
2025-03-02 17:15:00,1.07776,1.07825,1.07756,1.07759,2671
2025-03-02 17:30:00,1.07774,1.07774,1.0769,1.07743,1129
2025-03-02 17:45:00,1.07752,1.07785,1.07733,1.07753,4863
2025-03-02 18:00:00,1.07766,1.07833,1.07654,1.07753,777
2025-03-02 18:15:00,1.07766,1.07827,1.07766,1.0781,1523
2025-03-02 18:30:00,1.07806,1.07806,1.0766,1.07742,4671
2025-03-02 18:45:00,1.07745,1.0781,1.07745,1.0777,1699
2025-03-02 19:00:00,1.0777,1.0787,1.07685,1.07769,2217
2025-03-02 19:15:00,1.07776,1.07785,1.0771,1.07759,2480
2025-03-02 19:30:00,1.07756,1.07807,1.07741,1.07759,2090
2025-03-02 19:45:00,1.0776,1.07806,1.0767,1.07747,769
2025-03-02 20:00:00,1.07748,1.07816,1.07699,1.07753,4597
2025-03-02 20:15:00,1.07758,1.07802,1.0775,1.07751,3120
2025-03-02 20:30:00,1.07757,1.07836,1.07715,1.07744,1886
2025-03-02 20:45:00,1.07745,1.07814,1.07602,1.07676,1034
2025-03-02 21:00:00,1.07677,1.07814,1.07677,1.07743,2108
2025-03-02 21:15:00,1.07745,1.07745,1.07641,1.07696,2898
2025-03-02 21:30:00,1.07712,1.07747,1.07698,1.07741,3414
2025-03-02 21:45:00,1.07724,1.07757,1.07688,1.07748,963
2025-03-02 22:00:00,1.07738,1.07806,1.07693,1.07711,522
2025-03-02 22:15:00,1.07718,1.07749,1.07671,1.07714,1188
2025-03-02 22:30:00,1.07716,1.07751,1.07658,1.07705,4566
2025-03-02 22:45:00,1.07708,1.0782,1.07705,1.07734,4723
2025-03-02 23:00:00,1.07741,1.07741,1.07676,1.07716,1786
2025-03-02 23:15:00,1.07718,1.07746,1.07707,1.07746,4360
2025-03-02 23:30:00,1.0774,1.07792,1.07712,1.07716,2582
2025-03-02 23:45:00,1.07722,1.07722,1.07703,1.07719,3034
2025-03-03 00:00:00,1.07719,1.07745,1.07652,1.07716,4696
2025-03-03 00:15:00,1.07711,1.07736,1.07711,1.07735,1236
2025-03-03 00:30:00,1.07742,1.07742,1.07648,1.07676,1840
2025-03-03 00:45:00,1.07683,1.07776,1.07683,1.07702,2877
2025-03-03 01:00:00,1.07704,1.07745,1.07643,1.077,695
2025-03-03 01:15:00,1.07717,1.07749,1.07704,1.07713,2961
2025-03-03 01:30:00,1.07726,1.07726,1.07678,1.077,2004
2025-03-03 01:45:00,1.0771,1.0771,1.0762,1.07683,2615
2025-03-03 02:00:00,1.07708,1.07772,1.07639,1.07705,3418
2025-03-03 02:15:00,1.07704,1.07704,1.07612,1.07671,4524
2025-03-03 02:30:00,1.07666,1.07762,1.07659,1.07669,1370
2025-03-03 02:45:00,1.07678,1.07723,1.07678,1.07721,684
2025-03-03 03:00:00,1.07719,1.07804,1.07711,1.07724,2189
2025-03-03 03:15:00,1.07724,1.07724,1.077,1.07716,1712
2025-03-03 03:30:00,1.07706,1.07796,1.07697,1.07735,4145
2025-03-03 03:45:00,1.07741,1.07741,1.07633,1.07686,997
2025-03-03 04:00:00,1.07671,1.077,1.07652,1.07674,2065
2025-03-03 04:15:00,1.07673,1.07707,1.07673,1.07699,2162
2025-03-03 04:30:00,1.07699,1.0771,1.07686,1.07694,717
2025-03-03 04:45:00,1.0769,1.07701,1.07671,1.0769,1861
2025-03-03 05:00:00,1.07672,1.07696,1.07672,1.07696,4716
2025-03-03 05:15:00,1.07678,1.07719,1.0766,1.0768,2005
2025-03-03 05:30:00,1.07673,1.07729,1.07659,1.0766,2658
2025-03-03 05:45:00,1.07665,1.07762,1.07664,1.07705,2556
2025-03-03 06:00:00,1.07707,1.07709,1.07649,1.0769,4817
2025-03-03 06:15:00,1.0769,1.07731,1.07634,1.07723,1296
2025-03-03 06:30:00,1.07714,1.07719,1.07656,1.07704,4550
2025-03-03 06:45:00,1.07708,1.07772,1.07702,1.07756,4219
2025-03-03 07:00:00,1.07738,1.07811,1.07738,1.07752,2751
2025-03-03 07:15:00,1.07728,1.07818,1.07728,1.07735,3000
2025-03-03 07:30:00,1.07732,1.07732,1.07625,1.07678,2808
2025-03-03 07:45:00,1.07672,1.07739,1.07672,1.07719,1532
2025-03-03 08:00:00,1.07729,1.0776,1.07672,1.07723,4344
2025-03-03 08:15:00,1.07725,1.07725,1.0765,1.07694,3684
2025-03-03 08:30:00,1.0771,1.07825,1.07698,1.07718,839
2025-03-03 08:45:00,1.07713,1.07773,1.07658,1.0768,2594
2025-03-03 09:00:00,1.07685,1.07717,1.07652,1.07679,988
2025-03-03 09:15:00,1.07677,1.07795,1.07671,1.077,1845
2025-03-03 09:30:00,1.07714,1.07757,1.07675,1.07754,1290
2025-03-03 09:45:00,1.07752,1.07752,1.07685,1.07685,4016
2025-03-03 10:00:00,1.07694,1.07777,1.07694,1.07718,4688
2025-03-03 10:15:00,1.07707,1.0772,1.07641,1.07718,2334
2025-03-03 10:30:00,1.07713,1.07721,1.07703,1.07704,1686
2025-03-03 10:45:00,1.07703,1.0773,1.07703,1.07721,4733
2025-03-03 11:00:00,1.07733,1.07774,1.07715,1.07741,3955
2025-03-03 11:15:00,1.07719,1.07781,1.07719,1.0773,4907
2025-03-03 11:30:00,1.07727,1.07727,1.07668,1.07695,3769
2025-03-03 11:45:00,1.07691,1.07776,1.07679,1.07726,2206
2025-03-03 12:00:00,1.07705,1.07766,1.07654,1.07765,4099
2025-03-03 12:15:00,1.0776,1.07777,1.07757,1.0776,1202
2025-03-03 12:30:00,1.07744,1.07778,1.07648,1.07736,1773
2025-03-03 12:45:00,1.07712,1.07796,1.07693,1.07739,1038
2025-03-03 13:00:00,1.07736,1.07781,1.07735,1.07761,4253
2025-03-03 13:15:00,1.07758,1.07817,1.07728,1.07792,4712
2025-03-03 13:30:00,1.0779,1.0779,1.07684,1.07755,3439
2025-03-03 13:45:00,1.07757,1.07779,1.07643,1.07762,3114
2025-03-03 14:00:00,1.07753,1.07784,1.07692,1.0776,985
2025-03-03 14:15:00,1.07778,1.07804,1.0767,1.07753,1886
2025-03-03 14:30:00,1.07753,1.07763,1.07729,1.07738,1549
2025-03-03 14:45:00,1.07751,1.07833,1.07721,1.07747,1283
2025-03-03 15:00:00,1.0773,1.07738,1.07696,1.07724,3559
2025-03-03 15:15:00,1.07716,1.07837,1.07643,1.0771,3424
2025-03-03 15:30:00,1.07717,1.07811,1.07687,1.07744,1119
2025-03-03 15:45:00,1.07742,1.07809,1.0774,1.07765,4032
2025-03-03 16:00:00,1.07754,1.07769,1.07672,1.07714,4838
2025-03-03 16:15:00,1.07696,1.07775,1.07696,1.0774,3974
2025-03-03 16:30:00,1.07748,1.07785,1.07702,1.07758,2304
2025-03-03 16:45:00,1.07764,1.07764,1.07699,1.07725,1598
2025-03-03 17:00:00,1.07727,1.07755,1.0762,1.07711,611
2025-03-03 17:15:00,1.07706,1.0775,1.07706,1.07741,1469
2025-03-03 17:30:00,1.0773,1.07796,1.07716,1.07727,2133
2025-03-03 17:45:00,1.07727,1.07736,1.0771,1.07726,859
2025-03-03 18:00:00,1.07713,1.07744,1.07713,1.07739,1418
2025-03-03 18:15:00,1.07731,1.07767,1.07663,1.07706,667
2025-03-03 18:30:00,1.07718,1.0773,1.07699,1.07711,3821
2025-03-03 18:45:00,1.07693,1.07752,1.07693,1.07738,4403
2025-03-03 19:00:00,1.07745,1.07745,1.07676,1.07723,3305
2025-03-03 19:15:00,1.07738,1.07757,1.07721,1.07743,2760
2025-03-03 19:30:00,1.07751,1.07801,1.0774,1.07765,2369
2025-03-03 19:45:00,1.07769,1.07769,1.07675,1.07725,3339
2025-03-03 20:00:00,1.07721,1.07749,1.07712,1.07739,1257
2025-03-03 20:15:00,1.07733,1.07733,1.07657,1.07699,4993
2025-03-03 20:30:00,1.07677,1.07752,1.07652,1.07723,4317
2025-03-03 20:45:00,1.07724,1.07748,1.07584,1.07681,2473
2025-03-03 21:00:00,1.07677,1.07802,1.07672,1.077,3208
2025-03-03 21:15:00,1.07693,1.07737,1.07692,1.07693,597
2025-03-03 21:30:00,1.07693,1.07772,1.07693,1.07741,3576
2025-03-03 21:45:00,1.07741,1.07741,1.07646,1.07687,2419
2025-03-03 22:00:00,1.0768,1.0768,1.07637,1.07661,2706
2025-03-03 22:15:00,1.07677,1.07774,1.0762,1.07699,586
2025-03-03 22:30:00,1.07706,1.07757,1.07614,1.07716,2266
2025-03-03 22:45:00,1.07725,1.07749,1.07698,1.07707,3691
2025-03-03 23:00:00,1.07706,1.07745,1.07706,1.07734,4147
2025-03-03 23:15:00,1.0774,1.07752,1.07673,1.07712,4177
2025-03-03 23:30:00,1.07703,1.07762,1.07666,1.07682,1181
2025-03-03 23:45:00,1.07689,1.07723,1.07545,1.07633,4716
2025-03-04 00:00:00,1.07631,1.0776,1.07631,1.07659,2969
2025-03-04 00:15:00,1.07648,1.07708,1.07615,1.07681,634
2025-03-04 00:30:00,1.07681,1.07694,1.07619,1.07651,4910
2025-03-04 00:45:00,1.07648,1.07683,1.07648,1.07656,2745
2025-03-04 01:00:00,1.07679,1.07708,1.07614,1.07675,4289
2025-03-04 01:15:00,1.07679,1.07679,1.07612,1.07657,4606
2025-03-04 01:30:00,1.07673,1.07726,1.07673,1.07688,3701
2025-03-04 01:45:00,1.077,1.07717,1.07678,1.07696,1234
2025-03-04 02:00:00,1.07696,1.07717,1.0764,1.07656,1633
2025-03-04 02:15:00,1.07652,1.07652,1.07604,1.07633,3598
2025-03-04 02:30:00,1.07616,1.07726,1.07616,1.07651,3971
2025-03-04 02:45:00,1.07642,1.07642,1.07554,1.07603,3765
2025-03-04 03:00:00,1.0761,1.07713,1.07604,1.07651,2468
2025-03-04 03:15:00,1.07648,1.07661,1.07648,1.07651,4611
2025-03-04 03:30:00,1.07655,1.07706,1.07639,1.07672,3644
2025-03-04 03:45:00,1.07651,1.07652,1.07544,1.07637,1724
2025-03-04 04:00:00,1.07642,1.07708,1.07638,1.07654,1687
2025-03-04 04:15:00,1.07665,1.07702,1.07572,1.07622,506
2025-03-04 04:30:00,1.07604,1.0777,1.07563,1.07644,2608
2025-03-04 04:45:00,1.07647,1.07656,1.07513,1.07614,3032
2025-03-04 05:00:00,1.07627,1.07644,1.07599,1.07629,4022
2025-03-04 05:15:00,1.07646,1.07654,1.07629,1.07631,1937
2025-03-04 05:30:00,1.07626,1.07721,1.07626,1.07638,1435
2025-03-04 05:45:00,1.07646,1.07673,1.07568,1.07623,1059
2025-03-04 06:00:00,1.07638,1.07638,1.07579,1.0762,4686
2025-03-04 06:15:00,1.07624,1.07628,1.07528,1.07624,945
2025-03-04 06:30:00,1.07637,1.0765,1.07581,1.07631,1808
2025-03-04 06:45:00,1.0763,1.07651,1.07578,1.07628,1916
2025-03-04 07:00:00,1.07632,1.07634,1.07582,1.07617,2405
2025-03-04 07:15:00,1.07611,1.07656,1.07587,1.07646,3710
2025-03-04 07:30:00,1.07645,1.07645,1.07624,1.07624,829
2025-03-04 07:45:00,1.07629,1.07648,1.0756,1.07614,3897
2025-03-04 08:00:00,1.07608,1.07713,1.07571,1.07601,4178
2025-03-04 08:15:00,1.07599,1.07666,1.0752,1.07589,2053
2025-03-04 08:30:00,1.07597,1.07706,1.07581,1.07596,3502
2025-03-04 08:45:00,1.07616,1.07705,1.07616,1.07651,4029
2025-03-04 09:00:00,1.0763,1.0763,1.07532,1.07582,3065
2025-03-04 09:15:00,1.07602,1.07618,1.07562,1.07584,3083
2025-03-04 09:30:00,1.07582,1.07737,1.07574,1.07587,2772
2025-03-04 09:45:00,1.07597,1.07601,1.07592,1.076,3119
2025-03-04 10:00:00,1.07611,1.07626,1.07582,1.07587,2314
2025-03-04 10:15:00,1.07602,1.07659,1.0759,1.07609,4418
2025-03-04 10:30:00,1.07602,1.07606,1.07543,1.07571,3713
2025-03-04 10:45:00,1.07569,1.07651,1.07544,1.07636,4387
2025-03-04 11:00:00,1.07636,1.0766,1.07601,1.07629,1722
2025-03-04 11:15:00,1.07626,1.07626,1.07537,1.07573,3607
2025-03-04 11:30:00,1.07586,1.07605,1.0751,1.07553,3013
2025-03-04 11:45:00,1.07552,1.07633,1.07552,1.07589,3051
2025-03-04 12:00:00,1.07573,1.0762,1.07533,1.07598,3938
2025-03-04 12:15:00,1.07592,1.07659,1.07592,1.07653,2697
2025-03-04 12:30:00,1.07637,1.07637,1.07545,1.07612,4638
2025-03-04 12:45:00,1.0761,1.0761,1.07461,1.07544,1820
2025-03-04 13:00:00,1.0755,1.07616,1.0752,1.07581,2866
2025-03-04 13:15:00,1.07574,1.07632,1.07569,1.07588,4813
2025-03-04 13:30:00,1.07584,1.07687,1.07539,1.076,4290
2025-03-04 13:45:00,1.07597,1.07612,1.07456,1.07569,3035
2025-03-04 14:00:00,1.07571,1.07616,1.07571,1.07605,2875
2025-03-04 14:15:00,1.0761,1.0761,1.07578,1.07598,2806
2025-03-04 14:30:00,1.07606,1.07623,1.07555,1.0759,3113
2025-03-04 14:45:00,1.07612,1.07657,1.07559,1.07612,4714
2025-03-04 15:00:00,1.07613,1.07729,1.07602,1.0763,4885
2025-03-04 15:15:00,1.07637,1.07637,1.07556,1.07618,2162
2025-03-04 15:30:00,1.07602,1.07624,1.0755,1.07619,724
2025-03-04 15:45:00,1.07616,1.07633,1.07559,1.07591,3300
2025-03-04 16:00:00,1.07588,1.0772,1.07566,1.07627,1780
2025-03-04 16:15:00,1.07616,1.07623,1.07597,1.07622,4840
2025-03-04 16:30:00,1.07616,1.07674,1.07616,1.07625,1021
2025-03-04 16:45:00,1.07624,1.07644,1.0758,1.07612,2118
2025-03-04 17:00:00,1.07607,1.07664,1.07601,1.07602,4714
2025-03-04 17:15:00,1.07628,1.07628,1.07582,1.07608,4182
2025-03-04 17:30:00,1.07614,1.07666,1.07614,1.07663,2101
2025-03-04 17:45:00,1.07683,1.07683,1.07569,1.07623,2806
2025-03-04 18:00:00,1.07638,1.07721,1.07577,1.07616,4327
2025-03-04 18:15:00,1.0761,1.0764,1.0761,1.07616,1715
2025-03-04 18:30:00,1.07617,1.07675,1.07602,1.07617,1442
2025-03-04 18:45:00,1.07613,1.07671,1.07613,1.07666,4431
2025-03-04 19:00:00,1.07664,1.07664,1.07595,1.07617,1653
2025-03-04 19:15:00,1.07607,1.07627,1.07607,1.07626,2705
2025-03-04 19:30:00,1.07622,1.0764,1.07592,1.07616,4249
2025-03-04 19:45:00,1.07619,1.07677,1.07593,1.07634,760
2025-03-04 20:00:00,1.07637,1.0773,1.07585,1.07656,889
2025-03-04 20:15:00,1.07658,1.07658,1.07562,1.07618,4727
2025-03-04 20:30:00,1.07617,1.0768,1.0761,1.07628,907
2025-03-04 20:45:00,1.07637,1.07712,1.07614,1.07694,2543
2025-03-04 21:00:00,1.07691,1.07713,1.07602,1.07671,1066
2025-03-04 21:15:00,1.07685,1.07719,1.07623,1.07675,3870
2025-03-04 21:30:00,1.07657,1.07702,1.07657,1.07677,2479
2025-03-04 21:45:00,1.07684,1.07727,1.07637,1.0766,2452
2025-03-04 22:00:00,1.07665,1.07775,1.07583,1.07697,2506
2025-03-04 22:15:00,1.0769,1.07723,1.07583,1.07666,4338
2025-03-04 22:30:00,1.07662,1.07686,1.07625,1.07673,2815
2025-03-04 22:45:00,1.07678,1.07678,1.07638,1.07644,600
2025-03-04 23:00:00,1.07653,1.0768,1.07606,1.07645,3944
2025-03-04 23:15:00,1.07628,1.07642,1.07622,1.07627,532
2025-03-04 23:30:00,1.07634,1.07737,1.07586,1.0768,4831
2025-03-04 23:45:00,1.07675,1.07675,1.076,1.07605,831
2025-03-05 00:00:00,1.07616,1.0766,1.07616,1.07644,4016
2025-03-05 00:15:00,1.07626,1.07626,1.07491,1.07601,4715
2025-03-05 00:30:00,1.07625,1.07668,1.07553,1.0765,657
2025-03-05 00:45:00,1.07641,1.07686,1.07641,1.07665,3608
2025-03-05 01:00:00,1.0768,1.07774,1.0767,1.07704,2691
2025-03-05 01:15:00,1.07703,1.07795,1.07632,1.07691,4128
2025-03-05 01:30:00,1.07683,1.07704,1.0763,1.07664,4282
2025-03-05 01:45:00,1.07667,1.07798,1.07666,1.07721,4321
2025-03-05 02:00:00,1.07731,1.07756,1.07682,1.07695,3188
2025-03-05 02:15:00,1.07679,1.07746,1.07679,1.07714,1192
2025-03-05 02:30:00,1.07721,1.07752,1.07647,1.07691,1551
2025-03-05 02:45:00,1.07691,1.07721,1.07676,1.07686,4383
2025-03-05 03:00:00,1.07692,1.07721,1.07677,1.07703,3422
2025-03-05 03:15:00,1.07703,1.07773,1.07694,1.07723,2598
2025-03-05 03:30:00,1.07717,1.07795,1.0769,1.07732,2656
2025-03-05 03:45:00,1.07721,1.07782,1.07721,1.07773,633
2025-03-05 04:00:00,1.0778,1.07815,1.07712,1.07754,4250
2025-03-05 04:15:00,1.07761,1.07761,1.07677,1.0769,2627
2025-03-05 04:30:00,1.07696,1.07765,1.07696,1.07759,2885
2025-03-05 04:45:00,1.07763,1.07775,1.07691,1.07726,4697
2025-03-05 05:00:00,1.07736,1.07765,1.07711,1.07743,4926
2025-03-05 05:15:00,1.07757,1.07806,1.07703,1.07731,4971
2025-03-05 05:30:00,1.07712,1.07747,1.07712,1.07739,2778
2025-03-05 05:45:00,1.07716,1.07729,1.07664,1.07722,1974
2025-03-05 06:00:00,1.07739,1.0787,1.07739,1.07769,1548
2025-03-05 06:15:00,1.07755,1.07803,1.07688,1.07743,915
2025-03-05 06:30:00,1.07732,1.07842,1.07693,1.07782,4897
2025-03-05 06:45:00,1.07779,1.07879,1.07779,1.07826,2666
2025-03-05 07:00:00,1.07809,1.07809,1.07716,1.07748,2878
2025-03-05 07:15:00,1.07744,1.07849,1.07744,1.07784,1161
2025-03-05 07:30:00,1.07775,1.07775,1.07705,1.07757,4954
2025-03-05 07:45:00,1.07755,1.07836,1.07755,1.07807,788
2025-03-05 08:00:00,1.07809,1.07895,1.07772,1.0784,3100
2025-03-05 08:15:00,1.07837,1.07896,1.07792,1.07839,2225
2025-03-05 08:30:00,1.07835,1.07877,1.07792,1.07822,1074
2025-03-05 08:45:00,1.07824,1.07842,1.07814,1.0784,1216
2025-03-05 09:00:00,1.0785,1.07914,1.07843,1.07878,3912
2025-03-05 09:15:00,1.07894,1.07894,1.07846,1.07861,4522
2025-03-05 09:30:00,1.07858,1.07869,1.07729,1.07822,2893
2025-03-05 09:45:00,1.0784,1.07859,1.07782,1.07808,4580
2025-03-05 10:00:00,1.07817,1.07844,1.07767,1.07823,3562
2025-03-05 10:15:00,1.0781,1.07834,1.07798,1.07818,1512
2025-03-05 10:30:00,1.07805,1.0792,1.07805,1.07855,2860
2025-03-05 10:45:00,1.07849,1.07874,1.07767,1.07825,2633
2025-03-05 11:00:00,1.0784,1.07898,1.07825,1.07858,2446
2025-03-05 11:15:00,1.07853,1.07908,1.07853,1.07869,4012
2025-03-05 11:30:00,1.0785,1.07913,1.07845,1.07856,1851
2025-03-05 11:45:00,1.07853,1.07883,1.07804,1.07831,3397
